RA,FASE,TURMA,NOME,INSTITUICAO_ENSINO_ALUNO,PEDRA,INDE,REC_AVAL_1,REC_AVAL_2,REC_AVAL_3,REC_AVAL_4,REC_PSICO,NIVEL_IDEAL,DEFASAGEM,DESTAQUE_IEG,DESTAQUE_IDA,DESTAQUE_IPV,ANO_BASE,IDADE_ALUNO_MISSING,INDE_MISSING,CG_MISSING,CF_MISSING,CT_MISSING,QTDE_AVAL_MISSING,IAA_MISSING,IEG_MISSING,IPS_MISSING,IDA_MISSING,NOTA_MAT_MISSING,NOTA_PORT_MISSING,NOTA_ING_MISSING,IPV_MISSING,IPP_MISSING,INSTITUICAO_ENSINO_ALUNO_MISSING,PEDRA_MISSING,REC_AVAL_1_MISSING,REC_AVAL_2_MISSING,REC_AVAL_3_MISSING,REC_AVAL_4_MISSING,REC_PSICO_MISSING,DESTAQUE_IEG_MISSING,DESTAQUE_IDA_MISSING,DESTAQUE_IPV_MISSING,ALTO_INDE,CAT_IDADE_ALUNO,CAT_ANO_INGRESSO,CAT_CG,CAT_CF,CAT_CT,CAT_QTDE_AVAL,CAT_IAA,CAT_IEG,CAT_IPS,CAT_IDA,CAT_NOTA_MAT,CAT_NOTA_PORT,CAT_NOTA_ING,CAT_IPV,CAT_IAN,CAT_IPP,CAT_PEDRA_ORDINAL,CAT_NOTA_MEDIA,CAT_TEMPO_PM,DEFASADO
RA-1,7,A,Aluno-1,Escola Pública,Quartzo,5.783,Mantido na Fase atual,Promovido de Fase + Bolsa,Promovido de Fase,Mantido na Fase atual,Requer avaliação,Fase 8 (Universitários),-1,Melhorar: Melhorar a sua entrega de lições de casa.,Melhorar: Empenhar-se mais nas aulas e avaliações.,Melhorar: Integrar-se mais aos Princípios Passos Mágicos.,2022,0,0,0,0,0,0,0,0,0,0,0,0,0,0,0,0,0,0,0,0,0,0,0,0,0,0,4,1,2,1,2,3,2,1,2,1,1,1,1,2,1,2,1,1,4,1
RA-2,7,A,Aluno-2,Rede Decisão,Ametista,7.055,Promovido de Fase,Promovido de Fase + Bolsa,Promovido de Fase,Promovido de Fase + Bolsa,Sem limitações,Fase 7 (3º EM),0,Melhorar: Melhorar a sua entrega de lições de casa.,Melhorar: Empenhar-se mais nas aulas e avaliações.,Melhorar: Integrar-se mais aos Princípios Passos Mágicos.,2022,0,0,0,0,0,0,0,0,0,0,0,0,0,0,0,0,0,0,0,0,0,0,0,0,0,1,4,1,2,1,1,3,3,1,2,3,3,1,2,1,2,2,2,3,4,0
RA-3,7,A,Aluno-3,Rede Decisão,Ágata,6.591,Promovido de Fase,Promovido de Fase + Bolsa,Promovido de Fase + Bolsa,Promovido de Fase + Bolsa,Sem limitações,Fase 7 (3º EM),0,Destaque: A sua boa entrega das lições de casa.,Melhorar: Empenhar-se mais nas aulas e avaliações.,Destaque: A sua boa integração aos Princípios Passos Mágicos.,2022,0,0,0,0,0,0,0,0,0,0,0,0,0,0,0,0,0,0,0,0,0,0,0,0,0,0,4,1,2,1,1,3,1,2,2,2,2,1,2,3,2,2,1,2,4,0
RA-4,7,A,Aluno-4,Rede Decisão,Quartzo,5.951,Promovido de Fase,Mantido na Fase atual,Mantido na Fase atual,Mantido na Fase atual,Requer avaliação,Fase 7 (3º EM),0,Melhorar: Melhorar a sua entrega de lições de casa.,Melhorar: Empenhar-se mais nas aulas e avaliações.,Melhorar: Integrar-se mais aos Princípios Passos Mágicos.,2022,0,0,0,0,0,0,0,0,0,0,0,0,0,0,0,0,0,0,0,0,0,0,0,0,0,0,4,1,2,1,2,3,3,1,2,2,1,1,2,1,2,2,1,1,4,0
RA-5,7,A,Aluno-5,Rede Decisão,Ametista,7.427,Promovido de Fase,Promovido de Fase + Bolsa,Promovido de Fase + Bolsa,Promovido de Fase + Bolsa,Requer avaliação,Fase 7 (3º EM),0,Destaque: A sua boa entrega das lições de casa.,Melhorar: Empenhar-se mais nas aulas e avaliações.,Melhorar: Integrar-se mais aos Princípios Passos Mágicos.,2022,0,0,0,0,0,0,0,0,0,0,0,0,0,0,0,0,0,0,0,0,0,0,0,0,0,1,4,1,1,1,1,3,2,3,2,2,4,1,1,2,2,2,2,2,4,0
RA-6,7,A,Aluno-6,Escola Pública,Quartzo,5.848,Promovido de Fase,Promovido de Fase + Bolsa,Promovido de Fase + Bolsa,Mantido na Fase atual,Sem limitações,Fase 8 (Universitários),-1,Melhorar: Melhorar a sua entrega de lições de casa.,Melhorar: Empenhar-se mais nas aulas e avaliações.,Melhorar: Integrar-se mais aos Princípios Passos Mágicos.,2022,0,0,0,0,0,0,0,0,0,0,0,0,0,0,0,0,0,0,0,0,0,0,0,0,0,0,4,1,2,1,2,3,2,1,3,1,1,2,1,2,1,2,1,1,1,1
RA-7,7,A,Aluno-7,Rede Decisão,Ágata,6.818,Promovido de Fase,Promovido de Fase + Bolsa,Promovido de Fase + Bolsa,Mantido na Fase atual,Sem limitações,Fase 8 (Universitários),-1,Destaque: A sua boa entrega das lições de casa.,Destaque: As suas boas notas na Passos Mágicos.,Destaque: A sua boa integração aos Princípios Passos Mágicos.,2022,0,0,0,0,0,0,0,0,0,0,0,0,0,0,0,0,0,0,0,0,0,0,0,0,0,0,4,1,2,1,1,3,1,3,3,4,4,2,2,3,1,2,1,4,4,1
RA-8,7,A,Aluno-8,Escola Pública,Quartzo,4.786,Mantido na Fase atual,Mantido na Fase atual,Mantido na Fase atual,Mantido na Fase atual,Requer avaliação,Fase 8 (Universitários),-1,Melhorar: Melhorar a sua entrega de lições de casa.,Melhorar: Empenhar-se mais nas aulas e avaliações.,Melhorar: Integrar-se mais aos Princípios Passos Mágicos.,2022,0,0,0,0,0,0,0,0,0,0,0,0,0,0,0,0,0,0,0,0,0,0,0,0,0,0,4,1,2,1,2,3,1,1,2,1,1,1,1,1,1,2,1,1,4,1
RA-9,7,A,Aluno-9,Escola Pública,Topázio,8.109,Promovido de Fase,Mantido na Fase atual,Promovido de Fase + Bolsa,Mantido na Fase + Bolsa,Sem limitações,Fase 8 (Universitários),-1,Destaque: A sua boa entrega das lições de casa.,Melhorar: Empenhar-se mais nas aulas e avaliações.,Destaque: A sua boa integração aos Princípios Passos Mágicos.,2022,0,0,0,0,0,0,0,0,0,0,0,0,0,0,0,0,0,0,0,0,0,0,0,0,0,1,4,1,1,1,1,3,3,4,3,3,2,2,2,5,1,2,3,3,3,1
RA-10,7,A,Aluno-10,Escola Pública,Quartzo,5.784,Promovido de Fase,Mantido na Fase atual,Mantido na Fase atual,Mantido na Fase atual,Requer avaliação,Fase 8 (Universitários),-1,Melhorar: Melhorar a sua entrega de lições de casa.,Melhorar: Empenhar-se mais nas aulas e avaliações.,Melhorar: Integrar-se mais aos Princípios Passos Mágicos.,2022,0,0,0,0,0,0,0,0,0,0,0,0,0,0,0,0,0,0,0,0,0,0,0,0,0,0,4,1,2,1,2,3,2,1,1,1,1,1,1,2,1,2,1,1,1,1
RA-11,7,A,Aluno-11,Escola Pública,Quartzo,5.323,Promovido de Fase,Mantido na Fase atual,Mantido na Fase atual,Mantido na Fase atual,Requer avaliação,Fase 8 (Universitários),-1,Melhorar: Melhorar a sua entrega de lições de casa.,Melhorar: Empenhar-se mais nas aulas e avaliações.,Melhorar: Integrar-se mais aos Princípios Passos Mágicos.,2022,0,0,0,0,0,0,0,0,0,0,0,0,0,0,0,0,0,0,0,0,0,0,0,0,0,0,4,1,2,1,2,3,4,1,1,1,1,1,1,1,1,2,1,1,4,1
RA-12,7,A,Aluno-12,Escola Pública,Quartzo,4.832,Promovido de Fase,Promovido de Fase + Bolsa,Mantido na Fase atual,Mantido na Fase atual,Sem limitações,Fase 7 (3º EM),0,Melhorar: Melhorar a sua entrega de lições de casa.,Melhorar: Empenhar-se mais nas aulas e avaliações.,Melhorar: Integrar-se mais aos Princípios Passos Mágicos.,2022,0,0,0,0,0,0,0,0,0,0,0,0,0,0,0,0,0,0,0,0,0,0,0,0,0,0,4,1,2,1,2,3,1,1,3,1,1,1,1,1,2,2,1,1,2,0
RA-13,7,A,Aluno-13,Escola Pública,Ágata,6.902,Promovido de Fase,Promovido de Fase + Bolsa,Promovido de Fase + Bolsa,Mantido na Fase atual,Sem limitações,Fase 8 (Universitários),-1,Melhorar: Melhorar a sua entrega de lições de casa.,Melhorar: Empenhar-se mais nas aulas e avaliações.,Destaque: A sua boa integração aos Princípios Passos Mágicos.,2022,0,0,0,0,0,0,0,0,0,0,0,0,0,0,0,0,0,0,0,0,0,0,0,0,0,0,4,1,2,1,1,3,2,2,3,1,1,2,1,4,1,2,1,1,4,1
RA-14,7,D,Aluno-14,Escola Pública,Ágata,6.793,Promovido de Fase + Bolsa,Mantido na Fase atual,Mantido na Fase atual,Mantido na Fase atual,Não atendido,Fase 8 (Universitários),-1,Destaque: A sua boa entrega das lições de casa.,Melhorar: Empenhar-se mais nas aulas e avaliações.,Destaque: A sua boa integração aos Princípios Passos Mágicos.,2022,0,0,0,0,0,0,0,0,0,0,0,0,0,0,0,0,0,0,0,0,0,0,0,0,0,0,4,2,2,1,2,3,2,3,3,1,4,1,1,3,1,2,1,1,1,1
RA-15,7,D,Aluno-15,Escola Pública,Ametista,7.783,Promovido de Fase + Bolsa,Mantido na Fase atual,Mantido na Fase + Bolsa,Mantido na Fase atual,Não atendido,Fase 8 (Universitários),-1,Destaque: A sua boa entrega das lições de casa.,Melhorar: Empenhar-se mais nas aulas e avaliações.,Melhorar: Integrar-se mais aos Princípios Passos Mágicos.,2022,0,0,0,0,0,0,0,0,0,0,0,0,0,0,0,0,0,0,0,0,0,0,0,0,0,1,4,2,1,1,1,3,3,5,3,4,4,3,1,2,1,2,2,4,1,1
RA-16,7,D,Aluno-16,Escola Pública,Ágata,6.112,Promovido de Fase + Bolsa,Mantido na Fase atual,Mantido na Fase + Bolsa,Mantido na Fase atual,Requer avaliação,Fase 8 (Universitários),-1,Destaque: A sua boa entrega das lições de casa.,Melhorar: Empenhar-se mais nas aulas e avaliações.,Melhorar: Integrar-se mais aos Princípios Passos Mágicos.,2022,0,0,0,0,0,0,0,0,0,0,0,0,0,0,0,0,0,0,0,0,0,0,0,0,0,0,4,2,2,1,2,3,2,3,1,1,4,1,1,1,1,2,1,1,1,1
RA-17,7,D,Aluno-17,Escola Pública,Topázio,8.068,Promovido de Fase + Bolsa,Mantido na Fase atual,Mantido na Fase + Bolsa,Mantido na Fase atual,Não atendido,Fase 8 (Universitários),-1,Destaque: A sua boa entrega das lições de casa.,Destaque: As suas boas notas na Passos Mágicos.,Destaque: A sua boa integração aos Princípios Passos Mágicos.,2022,0,0,0,0,0,0,0,0,0,0,0,0,0,0,0,0,0,0,0,0,0,0,0,0,0,1,4,2,1,1,1,3,3,5,3,4,5,3,1,4,1,2,3,4,1,1
RA-18,7,D,Aluno-18,Escola Pública,Ametista,7.226,Promovido de Fase + Bolsa,Mantido na Fase atual,Promovido de Fase + Bolsa,Mantido na Fase atual,Requer avaliação,Fase 8 (Universitários),-1,Destaque: A sua boa entrega das lições de casa.,Destaque: As suas boas notas na Passos Mágicos.,Melhorar: Integrar-se mais aos Princípios Passos Mágicos.,2022,0,0,0,0,0,0,0,0,0,0,0,0,0,0,0,0,0,0,0,0,0,0,0,0,0,1,4,2,1,1,1,3,1,3,2,5,5,5,1,2,1,2,2,5,1,1
RA-19,7,D,Aluno-19,Escola Pública,Ametista,7.665,Promovido de Fase + Bolsa,Mantido na Fase atual,Promovido de Fase + Bolsa,Mantido na Fase atual,Sem limitações,Fase 8 (Universitários),-1,Destaque: A sua boa entrega das lições de casa.,Destaque: As suas boas notas na Passos Mágicos.,Melhorar: Integrar-se mais aos Princípios Passos Mágicos.,2022,0,0,0,0,0,0,0,0,0,0,0,0,0,0,0,0,0,0,0,0,0,0,0,0,0,1,4,2,1,1,1,3,2,4,3,4,4,5,1,2,1,2,2,4,1,1
RA-20,7,D,Aluno-20,Escola Pública,Ametista,7.535,Promovido de Fase + Bolsa,Mantido na Fase atual,Mantido na Fase + Bolsa,Mantido na Fase atual,Não atendido,Fase 8 (Universitários),-1,Destaque: A sua boa entrega das lições de casa.,Destaque: As suas boas notas na Passos Mágicos.,Melhorar: Integrar-se mais aos Princípios Passos Mágicos.,2022,0,0,0,0,0,0,0,0,0,0,0,0,0,0,0,0,0,0,0,0,0,0,0,0,0,1,4,2,1,1,1,3,1,5,2,4,5,3,1,2,1,2,2,4,1,1
RA-21,7,D,Aluno-21,Escola Pública,Ágata,6.945,Promovido de Fase + Bolsa,Mantido na Fase atual,Mantido na Fase atual,Mantido na Fase atual,Não atendido,Fase 8 (Universitários),-1,Destaque: A sua boa entrega das lições de casa.,Melhorar: Empenhar-se mais nas aulas e avaliações.,Melhorar: Integrar-se mais aos Princípios Passos Mágicos.,2022,0,0,0,0,0,0,0,0,0,0,0,0,0,0,0,0,0,0,0,0,0,0,0,0,0,0,4,2,2,1,1,3,5,4,3,1,4,1,1,2,1,2,1,1,1,1
RA-22,6,A,Aluno-22,Rede Decisão,Ametista,7.474,Promovido de Fase,Promovido de Fase + Bolsa,Mantido na Fase + Bolsa,Promovido de Fase,Sem limitações,Fase 7 (3º EM),-1,Melhorar: Melhorar a sua entrega de lições de casa.,Melhorar: Empenhar-se mais nas aulas e avaliações.,Destaque: A sua boa integração aos Princípios Passos Mágicos.,2022,0,0,0,0,0,0,0,0,0,0,0,0,0,0,0,0,0,0,0,0,0,0,0,0,0,1,4,1,1,1,2,3,2,2,5,3,5,1,2,5,1,2,2,3,3,1
RA-23,6,A,Aluno-23,Escola Pública,Ametista,7.677,Promovido de Fase,Promovido de Fase + Bolsa,Promovido de Fase + Bolsa,Promovido de Fase + Bolsa,Sem limitações,Fase 7 (3º EM),-1,Destaque: A sua boa entrega das lições de casa.,Melhorar: Empenhar-se mais nas aulas e avaliações.,Destaque: A sua boa integração aos Princípios Passos Mágicos.,2022,0,0,0,0,0,0,0,0,0,0,0,0,0,0,0,0,0,0,0,0,0,0,0,0,0,1,4,1,1,1,2,3,2,2,5,3,4,1,2,5,1,2,2,3,1,1
RA-24,6,A,Aluno-24,Rede Decisão,Topázio,8.087,Promovido de Fase,Mantido na Fase atual,Promovido de Fase + Bolsa,Promovido de Fase + Bolsa,Requer avaliação,Fase 7 (3º EM),-1,Destaque: A sua boa entrega das lições de casa.,Destaque: As suas boas notas na Passos Mágicos.,Destaque: A sua boa integração aos Princípios Passos Mágicos.,2022,0,0,0,0,0,0,0,0,0,0,0,0,0,0,0,0,0,0,0,0,0,0,0,0,0,1,4,1,1,1,1,3,4,2,3,5,5,2,2,5,1,2,3,5,1,1
RA-25,6,A,Aluno-25,Escola Pública,Ametista,7.979,Promovido de Fase,Promovido de Fase + Bolsa,Promovido de Fase,Promovido de Fase + Bolsa,Sem limitações,Fase 7 (3º EM),-1,Destaque: A sua boa entrega das lições de casa.,Melhorar: Empenhar-se mais nas aulas e avaliações.,Destaque: A sua boa integração aos Princípios Passos Mágicos.,2022,0,0,0,0,0,0,0,0,0,0,0,0,0,0,0,0,0,0,0,0,0,0,0,0,0,1,4,1,1,1,1,3,2,3,5,3,5,1,2,5,1,2,2,3,1,1
RA-26,6,A,Aluno-26,Escola Pública,Topázio,8.677,Promovido de Fase,Promovido de Fase + Bolsa,Mantido na Fase + Bolsa,Promovido de Fase + Bolsa,Sem limitações,Fase 7 (3º EM),-1,Destaque: A sua boa entrega das lições de casa.,Destaque: As suas boas notas na Passos Mágicos.,Destaque: A sua boa integração aos Princípios Passos Mágicos.,2022,0,0,0,0,0,0,0,0,0,0,0,0,0,0,0,0,0,0,0,0,0,0,0,0,0,1,4,2,1,1,1,3,5,3,5,4,5,1,2,5,1,2,3,5,1,1
RA-27,6,A,Aluno-27,Rede Decisão,Ametista,7.124,Promovido de Fase,Promovido de Fase + Bolsa,Promovido de Fase + Bolsa,Promovido de Fase + Bolsa,Sem limitações,Fase 7 (3º EM),-1,Destaque: A sua boa entrega das lições de casa.,Destaque: As suas boas notas na Passos Mágicos.,Destaque: A sua boa integração aos Princípios Passos Mágicos.,2022,0,0,0,0,0,0,0,0,0,0,0,0,0,0,0,0,0,0,0,0,0,0,0,0,0,1,4,1,2,1,2,3,1,2,5,4,4,2,2,5,1,2,2,5,4,1
RA-28,6,A,Aluno-28,Escola Pública,Ágata,6.242,Promovido de Fase,Mantido na Fase atual,Mantido na Fase atual,Promovido de Fase,Requer avaliação,Fase 7 (3º EM),-1,Melhorar: Melhorar a sua entrega de lições de casa.,Melhorar: Empenhar-se mais nas aulas e avaliações.,Melhorar: Integrar-se mais aos Princípios Passos Mágicos.,2022,0,0,0,0,0,0,0,0,0,0,0,0,0,0,0,0,0,0,0,0,0,0,0,0,0,0,4,1,2,1,2,3,2,1,3,2,4,1,1,1,1,2,1,1,3,1
RA-29,6,A,Aluno-29,Escola Pública,Quartzo,4.985,Promovido de Fase,Mantido na Fase + Bolsa,Mantido na Fase atual,Alocado em Fase anterior,Requer avaliação,Fase 7 (3º EM),-1,Melhorar: Melhorar a sua entrega de lições de casa.,Melhorar: Empenhar-se mais nas aulas e avaliações.,Destaque: A sua boa integração aos Princípios Passos Mágicos.,2022,0,0,0,0,0,0,0,0,0,0,0,0,0,0,0,0,0,0,0,0,0,0,0,0,0,0,4,2,2,1,2,3,1,1,5,1,3,1,1,3,1,2,1,1,1,1
RA-30,6,A,Aluno-30,Escola Pública,Ametista,7.605,Promovido de Fase,Mantido na Fase atual,Promovido de Fase,Promovido de Fase,Sem limitações,Fase 6 (2º EM),0,Melhorar: Melhorar a sua entrega de lições de casa.,Destaque: As suas boas notas na Passos Mágicos.,Melhorar: Integrar-se mais aos Princípios Passos Mágicos.,2022,0,0,0,0,0,0,0,0,0,0,0,0,0,0,0,0,0,0,0,0,0,0,0,0,0,1,4,1,1,1,2,3,3,1,3,4,5,1,2,2,2,2,2,4,1,0
RA-31,6,A,Aluno-31,Rede Decisão,Topázio,8.843,Promovido de Fase,Promovido de Fase + Bolsa,Promovido de Fase + Bolsa,Promovido de Fase + Bolsa,Sem limitações,Fase 7 (3º EM),-1,Destaque: A sua boa entrega das lições de casa.,Destaque: As suas boas notas na Passos Mágicos.,Destaque: A sua boa integração aos Princípios Passos Mágicos.,2022,0,0,0,0,0,0,0,0,0,0,0,0,0,0,0,0,0,0,0,0,0,0,0,0,0,1,4,1,1,1,1,3,5,4,5,4,5,2,2,5,1,2,3,5,3,1
RA-32,6,A,Aluno-32,Rede Decisão,Ametista,7.37,Promovido de Fase,Mantido na Fase atual,Mantido na Fase atual,Promovido de Fase,Sem limitações,Fase 6 (2º EM),0,Melhorar: Melhorar a sua entrega de lições de casa.,Melhorar: Empenhar-se mais nas aulas e avaliações.,Destaque: A sua boa integração aos Princípios Passos Mágicos.,2022,0,0,0,0,0,0,0,0,0,0,0,0,0,0,0,0,0,0,0,0,0,0,0,0,0,1,4,1,1,1,2,3,3,1,5,2,2,1,2,4,2,2,2,2,4,0
RA-33,6,A,Aluno-33,Escola Pública,Quartzo,4.952,Promovido de Fase,Mantido na Fase atual,Mantido na Fase atual,Promovido de Fase,Sem limitações,Fase 7 (3º EM),-1,Melhorar: Melhorar a sua entrega de lições de casa.,Melhorar: Empenhar-se mais nas aulas e avaliações.,Melhorar: Integrar-se mais aos Princípios Passos Mágicos.,2022,0,0,0,0,0,0,0,0,0,0,0,0,0,0,0,0,0,0,0,0,0,0,0,0,0,0,4,1,2,1,2,3,1,1,3,1,5,1,1,1,1,2,1,1,2,1
RA-34,6,A,Aluno-34,Rede Decisão,Ágata,6.259,Promovido de Fase,Promovido de Fase + Bolsa,Promovido de Fase,Promovido de Fase + Bolsa,Sem limitações,Fase 7 (3º EM),-1,Melhorar: Melhorar a sua entrega de lições de casa.,Melhorar: Empenhar-se mais nas aulas e avaliações.,Melhorar: Integrar-se mais aos Princípios Passos Mágicos.,2022,0,0,0,0,0,0,0,0,0,0,0,0,0,0,0,0,0,0,0,0,0,0,0,0,0,0,4,1,2,1,2,3,5,1,5,1,2,1,1,2,1,2,1,1,4,1
RA-35,6,A,Aluno-35,Rede Decisão,Topázio,8.965,Promovido de Fase,Promovido de Fase + Bolsa,Promovido de Fase + Bolsa,Promovido de Fase + Bolsa,Sem limitações,Fase 7 (3º EM),-1,Destaque: A sua boa entrega das lições de casa.,Destaque: As suas boas notas na Passos Mágicos.,Destaque: A sua boa integração aos Princípios Passos Mágicos.,2022,0,0,0,0,0,0,0,0,0,0,0,0,0,0,0,0,0,0,0,0,0,0,0,0,0,1,4,1,1,1,1,3,5,5,5,5,5,4,2,5,1,2,3,5,3,1
RA-36,6,A,Aluno-36,Rede Decisão,Ametista,7.876,Promovido de Fase,Promovido de Fase + Bolsa,Mantido na Fase + Bolsa,Promovido de Fase + Bolsa,Sem limitações,Fase 7 (3º EM),-1,Destaque: A sua boa entrega das lições de casa.,Melhorar: Empenhar-se mais nas aulas e avaliações.,Destaque: A sua boa integração aos Princípios Passos Mágicos.,2022,0,0,0,0,0,0,0,0,0,0,0,0,0,0,0,0,0,0,0,0,0,0,0,0,0,1,4,1,1,1,2,3,4,4,3,3,5,1,2,5,1,2,2,3,3,1
RA-37,6,A,Aluno-37,Rede Decisão,Quartzo,4.95,Promovido de Fase,Mantido na Fase atual,Mantido na Fase + Bolsa,Promovido de Fase,Sem limitações,Fase 7 (3º EM),-1,Melhorar: Melhorar a sua entrega de lições de casa.,Melhorar: Empenhar-se mais nas aulas e avaliações.,Melhorar: Integrar-se mais aos Princípios Passos Mágicos.,2022,0,0,0,0,0,0,0,0,0,0,0,0,0,0,0,0,0,0,0,0,0,0,0,0,0,0,4,1,2,1,2,3,1,1,1,2,1,2,2,1,1,2,1,2,3,1
RA-38,6,A,Aluno-38,Rede Decisão,Topázio,8.523,Promovido de Fase,Promovido de Fase + Bolsa,Promovido de Fase + Bolsa,Promovido de Fase + Bolsa,Não indicado,Fase 7 (3º EM),-1,Destaque: A sua boa entrega das lições de casa.,Destaque: As suas boas notas na Passos Mágicos.,Destaque: A sua boa integração aos Princípios Passos Mágicos.,2022,0,0,0,0,0,0,0,0,0,0,0,0,0,0,0,0,0,0,0,0,0,0,0,0,0,1,4,1,1,1,1,3,4,3,3,5,5,3,2,5,1,2,3,5,4,1
RA-39,6,A,Aluno-39,Rede Decisão,Ágata,6.033,Promovido de Fase,Mantido na Fase atual,Promovido de Fase,Promovido de Fase,Requer avaliação,Fase 6 (2º EM),0,Melhorar: Melhorar a sua entrega de lições de casa.,Melhorar: Empenhar-se mais nas aulas e avaliações.,Melhorar: Integrar-se mais aos Princípios Passos Mágicos.,2022,0,0,0,0,0,0,0,0,0,0,0,0,0,0,0,0,0,0,0,0,0,0,0,0,0,0,4,1,2,1,2,3,1,1,3,3,4,2,2,1,2,2,1,3,4,0
RA-40,5,A,Aluno-40,Rede Decisão,Ametista,7.203,Promovido de Fase,Mantido na Fase atual,Promovido de Fase + Bolsa,DESCONHECIDO,Sem limitações,Fase 6 (2º EM),-1,Destaque: A sua boa entrega das lições de casa.,Melhorar: Empenhar-se mais nas aulas e avaliações.,Destaque: A sua boa integração aos Princípios Passos Mágicos.,2022,0,0,0,0,0,0,0,0,0,0,0,0,0,0,0,0,0,0,0,0,1,0,0,0,0,1,4,1,1,1,1,2,2,2,3,3,2,4,2,3,1,2,2,3,4,1
RA-41,5,A,Aluno-41,Escola Pública,Quartzo,5.581,Mantido na Fase atual,Mantido na Fase atual,Mantido na Fase atual,DESCONHECIDO,Requer avaliação,Fase 7 (3º EM),-2,Melhorar: Melhorar a sua entrega de lições de casa.,Melhorar: Empenhar-se mais nas aulas e avaliações.,Melhorar: Integrar-se mais aos Princípios Passos Mágicos.,2022,0,0,0,0,0,0,0,0,0,0,0,0,0,0,0,0,0,0,0,0,1,0,0,0,0,0,4,1,2,1,2,2,4,1,1,2,3,1,2,1,1,2,1,2,4,1
RA-42,5,A,Aluno-42,Rede Decisão,Ágata,6.72,Mantido na Fase atual,Mantido na Fase atual,Promovido de Fase,DESCONHECIDO,Requer avaliação,Fase 5 (1º EM),0,Destaque: A sua boa entrega das lições de casa.,Melhorar: Empenhar-se mais nas aulas e avaliações.,Melhorar: Integrar-se mais aos Princípios Passos Mágicos.,2022,0,0,0,0,0,0,0,0,0,0,0,0,0,0,0,0,0,0,0,0,1,0,0,0,0,0,3,1,2,1,1,2,2,2,2,1,1,1,1,1,2,2,1,1,3,0
RA-43,5,A,Aluno-43,Escola Pública,Quartzo,5.486,Mantido na Fase atual,Mantido na Fase atual,Alocado em Fase anterior,DESCONHECIDO,Requer avaliação,Fase 6 (2º EM),-1,Melhorar: Melhorar a sua entrega de lições de casa.,Melhorar: Empenhar-se mais nas aulas e avaliações.,Melhorar: Integrar-se mais aos Princípios Passos Mágicos.,2022,0,0,0,0,0,0,0,0,0,0,0,0,0,0,0,0,0,0,0,0,1,0,0,0,0,0,4,1,2,1,2,2,1,1,2,1,1,2,1,1,1,2,1,1,3,1
RA-44,5,A,Aluno-44,Escola Pública,Quartzo,5.542,Mantido na Fase atual,Mantido na Fase atual,Mantido na Fase + Bolsa,DESCONHECIDO,Sem limitações,Fase 7 (3º EM),-2,Melhorar: Melhorar a sua entrega de lições de casa.,Melhorar: Empenhar-se mais nas aulas e avaliações.,Melhorar: Integrar-se mais aos Princípios Passos Mágicos.,2022,0,0,0,0,0,0,0,0,0,0,0,0,0,0,0,0,0,0,0,0,1,0,0,0,0,0,4,1,2,1,2,2,1,1,3,1,1,1,1,2,1,2,1,1,1,1
RA-45,5,A,Aluno-45,Rede Decisão,Ametista,7.591,Promovido de Fase,Mantido na Fase atual,Promovido de Fase + Bolsa,DESCONHECIDO,Requer avaliação,Fase 5 (1º EM),0,Destaque: A sua boa entrega das lições de casa.,Melhorar: Empenhar-se mais nas aulas e avaliações.,Melhorar: Integrar-se mais aos Princípios Passos Mágicos.,2022,0,0,0,0,0,0,0,0,0,0,0,0,0,0,0,0,0,0,0,0,1,0,0,0,0,1,3,1,1,1,1,2,2,3,2,3,3,2,2,2,2,2,2,3,3,0
RA-46,5,A,Aluno-46,Escola Pública,Ágata,6.048,Mantido na Fase atual,Mantido na Fase atual,Mantido na Fase atual,DESCONHECIDO,Sem limitações,Fase 7 (3º EM),-2,Destaque: A sua boa entrega das lições de casa.,Melhorar: Empenhar-se mais nas aulas e avaliações.,Melhorar: Integrar-se mais aos Princípios Passos Mágicos.,2022,0,0,0,0,0,0,0,0,0,0,0,0,0,0,0,0,0,0,0,0,1,0,0,0,0,0,4,2,2,1,2,2,3,3,2,1,1,1,1,2,1,2,1,1,1,1
RA-47,5,A,Aluno-47,Escola Pública,Quartzo,5.677,Mantido na Fase atual,Mantido na Fase atual,Mantido na Fase atual,DESCONHECIDO,Sem limitações,Fase 7 (3º EM),-2,Melhorar: Melhorar a sua entrega de lições de casa.,Melhorar: Empenhar-se mais nas aulas e avaliações.,Melhorar: Integrar-se mais aos Princípios Passos Mágicos.,2022,0,0,0,0,0,0,0,0,0,0,0,0,0,0,0,0,0,0,0,0,1,0,0,0,0,0,4,2,2,1,2,2,2,1,3,1,1,1,1,2,1,2,1,1,1,1
RA-48,5,A,Aluno-48,Rede Decisão,Ametista,8.006,Promovido de Fase,Mantido na Fase atual,Promovido de Fase + Bolsa,DESCONHECIDO,Sem limitações,Fase 5 (1º EM),0,Destaque: A sua boa entrega das lições de casa.,Destaque: As suas boas notas na Passos Mágicos.,Destaque: A sua boa integração aos Princípios Passos Mágicos.,2022,0,0,0,0,0,0,0,0,0,0,0,0,0,0,0,0,0,0,0,0,1,0,0,0,0,1,3,1,1,1,1,2,1,3,3,5,3,4,2,5,2,2,2,5,4,0
RA-49,5,A,Aluno-49,Escola Pública,Ágata,6.304,Mantido na Fase atual,Mantido na Fase atual,Promovido de Fase,DESCONHECIDO,Sem limitações,Fase 7 (3º EM),-2,Melhorar: Melhorar a sua entrega de lições de casa.,Melhorar: Empenhar-se mais nas aulas e avaliações.,Melhorar: Integrar-se mais aos Princípios Passos Mágicos.,2022,0,0,0,0,0,0,0,0,0,0,0,0,0,0,0,0,0,0,0,0,1,0,0,0,0,0,4,2,2,1,1,2,1,2,3,1,1,1,1,2,1,2,1,1,1,1
RA-50,5,A,Aluno-50,Escola Pública,Ametista,7.138,Promovido de Fase,Mantido na Fase atual,Promovido de Fase,DESCONHECIDO,Sem limitações,Fase 8 (Universitários),-3,Destaque: A sua boa entrega das lições de casa.,Destaque: As suas boas notas na Passos Mágicos.,Destaque: A sua boa integração aos Princípios Passos Mágicos.,2022,0,0,0,0,0,0,0,0,0,0,0,0,0,0,0,0,0,0,0,0,1,0,0,0,0,1,4,2,2,1,1,2,1,3,3,4,3,4,2,3,1,2,2,5,1,1
RA-51,5,B,Aluno-51,Escola Pública,Ágata,6.488,Mantido na Fase atual,Mantido na Fase atual,Mantido na Fase atual,DESCONHECIDO,Não atendido,Fase 7 (3º EM),-2,Destaque: A sua boa entrega das lições de casa.,Melhorar: Empenhar-se mais nas aulas e avaliações.,Melhorar: Integrar-se mais aos Princípios Passos Mágicos.,2022,0,0,0,0,0,0,0,0,0,0,0,0,0,0,0,0,0,0,0,0,1,0,0,0,0,0,4,2,2,1,2,2,3,2,3,2,1,1,1,1,1,2,1,1,1,1
RA-52,5,B,Aluno-52,Rede Decisão,Ametista,7.861,Promovido de Fase,Mantido na Fase atual,Promovido de Fase + Bolsa,DESCONHECIDO,Não atendido,Fase 3 (7º e 8º ano),2,Destaque: A sua boa entrega das lições de casa.,Melhorar: Empenhar-se mais nas aulas e avaliações.,Destaque: A sua boa integração aos Princípios Passos Mágicos.,2022,0,0,0,0,0,0,0,0,0,0,0,0,0,0,0,0,0,0,0,0,1,0,0,0,0,1,3,1,1,1,1,2,5,3,3,2,1,2,2,3,2,2,2,2,4,0
RA-53,5,B,Aluno-53,Escola Pública,Ágata,6.725,Promovido de Fase,Mantido na Fase atual,Alocado em Fase anterior,DESCONHECIDO,Não atendido,Fase 7 (3º EM),-2,Melhorar: Melhorar a sua entrega de lições de casa.,Melhorar: Empenhar-se mais nas aulas e avaliações.,Melhorar: Integrar-se mais aos Princípios Passos Mágicos.,2022,0,0,0,0,0,0,0,0,0,0,0,0,0,0,0,0,0,0,0,0,1,0,0,0,0,0,4,2,2,1,2,2,4,2,3,3,2,4,1,1,1,2,1,3,1,1
RA-54,5,B,Aluno-54,Escola Pública,Ágata,6.058,Mantido na Fase atual,Mantido na Fase atual,Alocado em Fase anterior,DESCONHECIDO,Não atendido,Fase 6 (2º EM),-1,Melhorar: Melhorar a sua entrega de lições de casa.,Melhorar: Empenhar-se mais nas aulas e avaliações.,Melhorar: Integrar-se mais aos Princípios Passos Mágicos.,2022,0,0,0,0,0,0,0,0,0,0,0,0,0,0,0,0,0,0,0,0,1,0,0,0,0,0,4,2,2,1,2,2,2,1,3,1,1,3,1,1,1,2,1,2,1,1
RA-55,5,B,Aluno-55,Escola Pública,Ágata,6.576,Promovido de Fase,Mantido na Fase atual,Promovido de Fase,DESCONHECIDO,Requer avaliação,Fase 6 (2º EM),-1,Destaque: A sua boa entrega das lições de casa.,Melhorar: Empenhar-se mais nas aulas e avaliações.,Melhorar: Integrar-se mais aos Princípios Passos Mágicos.,2022,0,0,0,0,0,0,0,0,0,0,0,0,0,0,0,0,0,0,0,0,1,0,0,0,0,0,4,1,2,1,2,2,1,2,2,4,3,4,2,1,1,2,1,4,4,1
RA-56,5,B,Aluno-56,Rede Decisão,Topázio,8.404,Mantido na Fase atual,Mantido na Fase atual,Promovido de Fase + Bolsa,DESCONHECIDO,Sem limitações,Fase 5 (1º EM),0,Destaque: A sua boa entrega das lições de casa.,Melhorar: Empenhar-se mais nas aulas e avaliações.,Destaque: A sua boa integração aos Princípios Passos Mágicos.,2022,0,0,0,0,0,0,0,0,0,0,0,0,0,0,0,0,0,0,0,0,1,0,0,0,0,1,3,1,1,1,1,2,5,5,3,3,1,3,2,4,2,2,3,4,3,0
RA-57,5,B,Aluno-57,Rede Decisão,Ametista,7.305,Promovido de Fase + Bolsa,Mantido na Fase atual,Mantido na Fase + Bolsa,DESCONHECIDO,Requer avaliação,Fase 6 (2º EM),-1,Destaque: A sua boa entrega das lições de casa.,Destaque: As suas boas notas na Passos Mágicos.,Destaque: A sua boa integração aos Princípios Passos Mágicos.,2022,0,0,0,0,0,0,0,0,0,0,0,0,0,0,0,0,0,0,0,0,1,0,0,0,0,1,4,1,1,1,2,2,1,2,2,5,5,3,2,4,1,2,2,5,4,1
RA-58,5,B,Aluno-58,Rede Decisão,Topázio,8.136,Promovido de Fase,Mantido na Fase atual,Promovido de Fase + Bolsa,DESCONHECIDO,Sem limitações,Fase 5 (1º EM),0,Destaque: A sua boa entrega das lições de casa.,Melhorar: Empenhar-se mais nas aulas e avaliações.,Destaque: A sua boa integração aos Princípios Passos Mágicos.,2022,0,0,0,0,0,0,0,0,0,0,0,0,0,0,0,0,0,0,0,0,1,0,0,0,0,1,3,1,1,1,1,2,5,4,2,4,1,4,2,4,2,2,3,4,4,0
RA-59,5,B,Aluno-59,Escola Pública,Ametista,7.642,Promovido de Fase,Mantido na Fase atual,Mantido na Fase atual,DESCONHECIDO,Não atendido,Fase 7 (3º EM),-2,Destaque: A sua boa entrega das lições de casa.,Melhorar: Empenhar-se mais nas aulas e avaliações.,Destaque: A sua boa integração aos Princípios Passos Mágicos.,2022,0,0,0,0,0,0,0,0,0,0,0,0,0,0,0,0,0,0,0,0,1,0,0,0,0,1,4,2,1,1,2,2,4,4,3,4,4,2,2,4,1,2,2,4,1,1
RA-60,5,B,Aluno-60,Escola Pública,Quartzo,5.537,Promovido de Fase,Mantido na Fase atual,Alocado em Fase anterior,DESCONHECIDO,Não atendido,Fase 8 (Universitários),-3,Melhorar: Melhorar a sua entrega de lições de casa.,Melhorar: Empenhar-se mais nas aulas e avaliações.,Melhorar: Integrar-se mais aos Princípios Passos Mágicos.,2022,0,0,0,0,0,0,0,0,0,0,0,0,0,0,0,0,0,0,0,0,1,0,0,0,0,0,4,1,2,1,2,2,1,1,3,2,2,2,1,1,1,2,1,1,1,1
RA-61,5,B,Aluno-61,Escola Pública,Ametista,7.533,Mantido na Fase atual,Mantido na Fase atual,Promovido de Fase + Bolsa,DESCONHECIDO,Não atendido,Fase 5 (1º EM),0,Melhorar: Melhorar a sua entrega de lições de casa.,Melhorar: Empenhar-se mais nas aulas e avaliações.,Destaque: A sua boa integração aos Princípios Passos Mágicos.,2022,0,0,0,0,0,0,0,0,0,0,0,0,0,0,0,0,0,0,0,0,1,0,0,0,0,1,3,1,1,1,2,2,4,2,3,2,1,2,2,4,2,2,2,2,1,0
RA-62,5,B,Aluno-62,Escola Pública,Ametista,7.891,Promovido de Fase,Promovido de Fase + Bolsa,Mantido na Fase atual,DESCONHECIDO,Não atendido,Fase 7 (3º EM),-2,Destaque: A sua boa entrega das lições de casa.,Destaque: As suas boas notas na Passos Mágicos.,Melhorar: Integrar-se mais aos Princípios Passos Mágicos.,2022,0,0,0,0,0,0,0,0,0,0,0,0,0,0,0,0,0,0,0,0,1,0,0,0,0,1,4,2,1,1,1,2,3,4,3,5,5,5,1,2,1,2,2,5,1,1
RA-63,5,B,Aluno-63,Rede Decisão,Topázio,8.282,Promovido de Fase + Bolsa,Mantido na Fase atual,Promovido de Fase + Bolsa,DESCONHECIDO,Sem limitações,Fase 6 (2º EM),-1,Destaque: A sua boa entrega das lições de casa.,Destaque: As suas boas notas na Passos Mágicos.,Destaque: A sua boa integração aos Princípios Passos Mágicos.,2022,0,0,0,0,0,0,0,0,0,0,0,0,0,0,0,0,0,0,0,0,1,0,0,0,0,1,4,1,1,1,1,2,2,4,5,5,4,4,2,5,1,2,3,5,4,1
RA-64,5,B,Aluno-64,Escola Pública,Ametista,7.368,Mantido na Fase atual,Mantido na Fase atual,Promovido de Fase + Bolsa,DESCONHECIDO,Sem limitações,Fase 6 (2º EM),-1,Destaque: A sua boa entrega das lições de casa.,Melhorar: Empenhar-se mais nas aulas e avaliações.,Destaque: A sua boa integração aos Princípios Passos Mágicos.,2022,0,0,0,0,0,0,0,0,0,0,0,0,0,0,0,0,0,0,0,0,1,0,0,0,0,1,4,1,1,1,2,2,1,2,5,4,2,4,2,4,1,2,2,4,3,1
RA-65,5,B,Aluno-65,Escola Pública,Ametista,7.712,Promovido de Fase + Bolsa,Mantido na Fase atual,Promovido de Fase + Bolsa,DESCONHECIDO,Não atendido,Fase 7 (3º EM),-2,Destaque: A sua boa entrega das lições de casa.,Destaque: As suas boas notas na Passos Mágicos.,Destaque: A sua boa integração aos Princípios Passos Mágicos.,2022,0,0,0,0,0,0,0,0,0,0,0,0,0,0,0,0,0,0,0,0,1,0,0,0,0,1,4,2,1,1,1,2,2,2,3,5,5,5,2,4,1,2,2,5,1,1
RA-66,5,B,Aluno-66,Escola Pública,Quartzo,5.665,Mantido na Fase atual,Mantido na Fase atual,Alocado em Fase anterior,DESCONHECIDO,Não atendido,Fase 7 (3º EM),-2,Melhorar: Melhorar a sua entrega de lições de casa.,Melhorar: Empenhar-se mais nas aulas e avaliações.,Melhorar: Integrar-se mais aos Princípios Passos Mágicos.,2022,0,0,0,0,0,0,0,0,0,0,0,0,0,0,0,0,0,0,0,0,1,0,0,0,0,0,4,2,2,1,2,2,1,1,3,1,1,2,1,1,1,2,1,2,1,1
RA-67,5,C,Aluno-67,Escola Pública,Quartzo,5.195,Promovido de Fase,Mantido na Fase atual,Promovido de Fase,Mantido na Fase atual,Não atendido,Fase 6 (2º EM),-1,Melhorar: Melhorar a sua entrega de lições de casa.,Melhorar: Empenhar-se mais nas aulas e avaliações.,Melhorar: Integrar-se mais aos Princípios Passos Mágicos.,2022,0,0,0,0,0,0,0,0,0,0,0,0,0,0,0,0,0,0,0,0,0,0,0,0,0,0,4,1,2,1,1,3,1,1,3,1,1,1,1,2,1,2,1,1,3,1
RA-68,5,C,Aluno-68,Escola Pública,Ágata,6.438,Promovido de Fase,Mantido na Fase atual,Promovido de Fase,Promovido de Fase + Bolsa,Não atendido,Fase 6 (2º EM),-1,Melhorar: Melhorar a sua entrega de lições de casa.,Melhorar: Empenhar-se mais nas aulas e avaliações.,Destaque: A sua boa integração aos Princípios Passos Mágicos.,2022,0,0,0,0,0,0,0,0,0,0,0,0,0,0,0,0,0,0,0,0,0,0,0,0,0,0,4,1,2,1,1,3,2,1,3,1,2,1,1,4,1,2,1,1,3,1
RA-69,5,C,Aluno-69,Escola Pública,Quartzo,5.718,Promovido de Fase,Mantido na Fase atual,Alocado em Fase anterior,Alocado em Fase anterior,Sem limitações,Fase 6 (2º EM),-1,Melhorar: Melhorar a sua entrega de lições de casa.,Melhorar: Empenhar-se mais nas aulas e avaliações.,Melhorar: Integrar-se mais aos Princípios Passos Mágicos.,2022,0,0,0,0,0,0,0,0,0,0,0,0,0,0,0,0,0,0,0,0,0,0,0,0,0,0,4,1,2,1,1,3,2,1,3,1,2,1,1,1,1,2,1,1,4,1
RA-70,5,C,Aluno-70,Escola Pública,Quartzo,5.712,Promovido de Fase,Mantido na Fase atual,Mantido na Fase atual,Promovido de Fase,Sem limitações,Fase 6 (2º EM),-1,Melhorar: Melhorar a sua entrega de lições de casa.,Melhorar: Empenhar-se mais nas aulas e avaliações.,Melhorar: Integrar-se mais aos Princípios Passos Mágicos.,2022,0,0,0,0,0,0,0,0,0,0,0,0,0,0,0,0,0,0,0,0,0,0,0,0,0,0,4,1,2,1,1,3,3,1,1,1,2,1,1,1,1,2,1,1,4,1
RA-71,5,C,Aluno-71,Escola Pública,Quartzo,4.332,Promovido de Fase,Mantido na Fase atual,Mantido na Fase atual,Alocado em Fase anterior,Não atendido,Fase 7 (3º EM),-2,Melhorar: Melhorar a sua entrega de lições de casa.,Melhorar: Empenhar-se mais nas aulas e avaliações.,Melhorar: Integrar-se mais aos Princípios Passos Mágicos.,2022,0,0,0,0,0,0,0,0,0,0,0,0,0,0,0,0,0,0,0,0,0,0,0,0,0,0,4,1,2,1,2,3,2,1,3,1,1,1,1,1,1,2,1,1,3,1
RA-72,5,C,Aluno-72,Escola Pública,Ametista,7.64,Promovido de Fase + Bolsa,Mantido na Fase atual,Promovido de Fase + Bolsa,Promovido de Fase,Não atendido,Fase 7 (3º EM),-2,Destaque: A sua boa entrega das lições de casa.,Destaque: As suas boas notas na Passos Mágicos.,Destaque: A sua boa integração aos Princípios Passos Mágicos.,2022,0,0,0,0,0,0,0,0,0,0,0,0,0,0,0,0,0,0,0,0,0,0,0,0,0,1,4,2,1,1,1,3,2,2,3,4,4,4,2,5,1,2,2,5,1,1
RA-73,5,C,Aluno-73,Escola Pública,Quartzo,5.271,Promovido de Fase + Bolsa,Mantido na Fase atual,Mantido na Fase atual,Alocado em Fase anterior,Não atendido,Fase 7 (3º EM),-2,Melhorar: Melhorar a sua entrega de lições de casa.,Melhorar: Empenhar-se mais nas aulas e avaliações.,Melhorar: Integrar-se mais aos Princípios Passos Mágicos.,2022,0,0,0,0,0,0,0,0,0,0,0,0,0,0,0,0,0,0,0,0,0,0,0,0,0,0,4,2,2,1,1,3,1,1,3,1,1,1,1,2,1,2,1,1,1,1
RA-74,5,C,Aluno-74,Escola Pública,Quartzo,4.989,Mantido na Fase atual,Mantido na Fase atual,Mantido na Fase atual,Alocado em Fase anterior,Não atendido,Fase 6 (2º EM),-1,Melhorar: Melhorar a sua entrega de lições de casa.,Melhorar: Empenhar-se mais nas aulas e avaliações.,Melhorar: Integrar-se mais aos Princípios Passos Mágicos.,2022,0,0,0,0,0,0,0,0,0,0,0,0,0,0,0,0,0,0,0,0,0,0,0,0,0,0,4,2,2,1,2,3,5,1,3,1,2,1,1,1,1,2,1,1,1,1
RA-75,5,F,Aluno-75,Escola Pública,Quartzo,3.915,Mantido na Fase atual,Mantido na Fase atual,Promovido de Fase,Alocado em Fase anterior,Sem limitações,Fase 6 (2º EM),-1,Melhorar: Melhorar a sua entrega de lições de casa.,Melhorar: Empenhar-se mais nas aulas e avaliações.,Melhorar: Integrar-se mais aos Princípios Passos Mágicos.,2022,0,0,0,0,0,0,0,0,0,0,0,0,0,0,0,0,0,0,0,0,0,0,0,0,0,0,4,2,2,1,1,3,1,1,2,1,1,1,1,1,1,2,1,1,1,1
RA-76,5,F,Aluno-76,Rede Decisão,Topázio,9.105,Promovido de Fase + Bolsa,Mantido na Fase atual,Promovido de Fase + Bolsa,Promovido de Fase + Bolsa,Sem limitações,Fase 5 (1º EM),0,Destaque: A sua boa entrega das lições de casa.,Destaque: As suas boas notas na Passos Mágicos.,Destaque: A sua boa integração aos Princípios Passos Mágicos.,2022,0,0,0,0,0,0,0,0,0,0,0,0,0,0,0,0,0,0,0,0,0,0,0,0,0,1,3,1,1,1,1,3,5,4,5,5,5,5,2,5,2,2,3,5,4,0
RA-77,5,F,Aluno-77,Escola Pública,Quartzo,3.846,Mantido na Fase atual,Mantido na Fase atual,Promovido de Fase,Alocado em Fase anterior,Não indicado,Fase 6 (2º EM),-1,Melhorar: Melhorar a sua entrega de lições de casa.,Melhorar: Empenhar-se mais nas aulas e avaliações.,Melhorar: Integrar-se mais aos Princípios Passos Mágicos.,2022,0,0,0,0,0,0,0,0,0,0,0,0,0,0,0,0,0,0,0,0,0,0,0,0,0,0,4,1,2,1,1,3,1,1,1,1,1,1,1,1,1,2,1,1,3,1
RA-78,5,F,Aluno-78,Rede Decisão,Ametista,7.04,Promovido de Fase + Bolsa,Mantido na Fase atual,Mantido na Fase + Bolsa,Promovido de Fase,Requer avaliação,Fase 7 (3º EM),-2,Melhorar: Melhorar a sua entrega de lições de casa.,Melhorar: Empenhar-se mais nas aulas e avaliações.,Destaque: A sua boa integração aos Princípios Passos Mágicos.,2022,0,0,0,0,0,0,0,0,0,0,0,0,0,0,0,0,0,0,0,0,0,0,0,0,0,1,4,1,2,1,1,3,2,1,2,4,5,2,2,4,1,2,2,4,4,1
RA-79,5,F,Aluno-79,Rede Decisão,Ágata,6.847,Promovido de Fase + Bolsa,Mantido na Fase atual,Promovido de Fase + Bolsa,Promovido de Fase,Requer avaliação,Fase 6 (2º EM),-1,Melhorar: Melhorar a sua entrega de lições de casa.,Destaque: As suas boas notas na Passos Mágicos.,Melhorar: Integrar-se mais aos Princípios Passos Mágicos.,2022,0,0,0,0,0,0,0,0,0,0,0,0,0,0,0,0,0,0,0,0,0,0,0,0,0,0,4,1,2,1,1,3,1,1,2,5,5,4,2,2,1,2,1,5,4,1
RA-80,5,K,Aluno-80,Rede Decisão,Ametista,7.29,Promovido de Fase + Bolsa,Mantido na Fase atual,Promovido de Fase + Bolsa,Promovido de Fase,Requer avaliação,Fase 6 (2º EM),-1,Destaque: A sua boa entrega das lições de casa.,Melhorar: Empenhar-se mais nas aulas e avaliações.,Destaque: A sua boa integração aos Princípios Passos Mágicos.,2022,0,0,0,0,0,0,0,0,0,0,0,0,0,0,0,0,0,0,0,0,0,0,0,0,0,1,4,1,1,1,1,3,4,3,1,4,3,4,2,3,1,2,2,4,4,1
RA-81,5,K,Aluno-81,Rede Decisão,Ametista,7.675,Promovido de Fase + Bolsa,Mantido na Fase atual,Mantido na Fase + Bolsa,Promovido de Fase + Bolsa,Requer avaliação,Fase 4 (9º ano),1,Destaque: A sua boa entrega das lições de casa.,Melhorar: Empenhar-se mais nas aulas e avaliações.,Melhorar: Integrar-se mais aos Princípios Passos Mágicos.,2022,0,0,0,0,0,0,0,0,0,0,0,0,0,0,0,0,0,0,0,0,0,0,0,0,0,1,3,1,1,1,1,3,4,4,1,2,2,2,2,2,2,2,2,2,4,0
RA-82,5,K,Aluno-82,Escola Pública,Ágata,6.596,Promovido de Fase,Mantido na Fase atual,Promovido de Fase + Bolsa,Mantido na Fase atual,Não atendido,Fase 7 (3º EM),-2,Melhorar: Melhorar a sua entrega de lições de casa.,Melhorar: Empenhar-se mais nas aulas e avaliações.,Melhorar: Integrar-se mais aos Princípios Passos Mágicos.,2022,0,0,0,0,0,0,0,0,0,0,0,0,0,0,0,0,0,0,0,0,0,0,0,0,0,0,4,2,2,1,2,3,3,1,3,2,2,1,1,1,1,2,1,2,1,1
RA-83,5,K,Aluno-83,Escola Pública,Ágata,6.671,Promovido de Fase,Mantido na Fase atual,Promovido de Fase + Bolsa,Mantido na Fase atual,Não atendido,Fase 7 (3º EM),-2,Melhorar: Melhorar a sua entrega de lições de casa.,Melhorar: Empenhar-se mais nas aulas e avaliações.,Melhorar: Integrar-se mais aos Princípios Passos Mágicos.,2022,0,0,0,0,0,0,0,0,0,0,0,0,0,0,0,0,0,0,0,0,0,0,0,0,0,0,4,2,2,1,2,3,2,1,3,3,2,4,1,1,1,2,1,3,1,1
RA-84,5,K,Aluno-84,Rede Decisão,Ágata,6.682,Promovido de Fase + Bolsa,Mantido na Fase atual,Promovido de Fase + Bolsa,Promovido de Fase,Requer avaliação,Fase 7 (3º EM),-2,Destaque: A sua boa entrega das lições de casa.,Melhorar: Empenhar-se mais nas aulas e avaliações.,Melhorar: Integrar-se mais aos Princípios Passos Mágicos.,2022,0,0,0,0,0,0,0,0,0,0,0,0,0,0,0,0,0,0,0,0,0,0,0,0,0,0,4,1,2,1,2,3,1,3,1,2,2,3,1,1,1,2,1,2,4,1
RA-85,5,K,Aluno-85,Escola Pública,Ágata,6.243,Promovido de Fase,Mantido na Fase atual,Promovido de Fase,Mantido na Fase atual,Requer avaliação,Fase 5 (1º EM),0,Melhorar: Melhorar a sua entrega de lições de casa.,Melhorar: Empenhar-se mais nas aulas e avaliações.,Melhorar: Integrar-se mais aos Princípios Passos Mágicos.,2022,0,0,0,0,0,0,0,0,0,0,0,0,0,0,0,0,0,0,0,0,0,0,0,0,0,0,3,2,2,1,2,3,1,2,1,1,2,1,1,1,2,2,1,1,1,0
RA-86,5,K,Aluno-86,Rede Decisão,Ametista,7.566,Promovido de Fase + Bolsa,Mantido na Fase atual,Promovido de Fase + Bolsa,Mantido na Fase + Bolsa,Sem limitações,Fase 6 (2º EM),-1,Destaque: A sua boa entrega das lições de casa.,Melhorar: Empenhar-se mais nas aulas e avaliações.,Destaque: A sua boa integração aos Princípios Passos Mágicos.,2022,0,0,0,0,0,0,0,0,0,0,0,0,0,0,0,0,0,0,0,0,0,0,0,0,0,1,4,1,1,1,1,3,1,5,2,3,3,4,2,5,1,2,2,3,4,1
RA-87,5,K,Aluno-87,Rede Decisão,Topázio,8.712,Promovido de Fase + Bolsa,Mantido na Fase atual,Promovido de Fase + Bolsa,Promovido de Fase + Bolsa,Não atendido,Fase 5 (1º EM),0,Destaque: A sua boa entrega das lições de casa.,Destaque: As suas boas notas na Passos Mágicos.,Destaque: A sua boa integração aos Princípios Passos Mágicos.,2022,0,0,0,0,0,0,0,0,0,0,0,0,0,0,0,0,0,0,0,0,0,0,0,0,0,1,3,1,1,1,1,3,2,5,3,5,5,4,2,5,2,2,3,5,1,0
RA-88,5,K,Aluno-88,Escola Pública,Ametista,7.498,Promovido de Fase + Bolsa,Mantido na Fase atual,Promovido de Fase,Promovido de Fase + Bolsa,Sem limitações,Fase 7 (3º EM),-2,Destaque: A sua boa entrega das lições de casa.,Melhorar: Empenhar-se mais nas aulas e avaliações.,Destaque: A sua boa integração aos Princípios Passos Mágicos.,2022,0,0,0,0,0,0,0,0,0,0,0,0,0,0,0,0,0,0,0,0,0,0,0,0,0,1,4,1,1,1,1,3,1,4,2,3,3,2,1,5,1,2,2,3,1,1
RA-89,5,K,Aluno-89,Escola Pública,Ametista,7.323,Promovido de Fase + Bolsa,Mantido na Fase atual,Mantido na Fase atual,Promovido de Fase + Bolsa,Não atendido,Fase 6 (2º EM),-1,Destaque: A sua boa entrega das lições de casa.,Melhorar: Empenhar-se mais nas aulas e avaliações.,Destaque: A sua boa integração aos Princípios Passos Mágicos.,2022,0,0,0,0,0,0,0,0,0,0,0,0,0,0,0,0,0,0,0,0,0,0,0,0,0,1,4,1,1,1,1,3,5,2,3,2,4,2,1,4,1,2,2,2,1,1
RA-90,5,L,Aluno-90,Rede Decisão,Topázio,9.442,Promovido de Fase,Mantido na Fase atual,Mantido na Fase + Bolsa,Promovido de Fase + Bolsa,Sem limitações,Fase 3 (7º e 8º ano),2,Destaque: A sua boa entrega das lições de casa.,Destaque: As suas boas notas na Passos Mágicos.,Destaque: A sua boa integração aos Princípios Passos Mágicos.,2022,0,0,0,0,0,0,0,0,0,0,0,0,0,0,0,0,0,0,0,0,0,0,0,0,0,1,3,1,1,1,1,3,5,5,5,5,4,4,2,5,2,2,3,5,3,0
RA-91,5,L,Aluno-91,Rede Decisão,Ágata,6.645,Promovido de Fase,Mantido na Fase atual,Promovido de Fase + Bolsa,Promovido de Fase + Bolsa,Requer avaliação,Fase 6 (2º EM),-1,Melhorar: Melhorar a sua entrega de lições de casa.,Melhorar: Empenhar-se mais nas aulas e avaliações.,Melhorar: Integrar-se mais aos Princípios Passos Mágicos.,2022,0,0,0,0,0,0,0,0,0,0,0,0,0,0,0,0,0,0,0,0,0,0,0,0,0,0,4,1,2,1,2,3,4,1,2,3,2,2,2,2,1,2,1,3,4,1
RA-92,5,L,Aluno-92,Rede Decisão,Ágata,6.957,Promovido de Fase,Mantido na Fase atual,Promovido de Fase + Bolsa,Promovido de Fase + Bolsa,Requer avaliação,Fase 6 (2º EM),-1,Melhorar: Melhorar a sua entrega de lições de casa.,Melhorar: Empenhar-se mais nas aulas e avaliações.,Melhorar: Integrar-se mais aos Princípios Passos Mágicos.,2022,0,0,0,0,0,0,0,0,0,0,0,0,0,0,0,0,0,0,0,0,0,0,0,0,0,0,4,1,2,1,2,3,4,2,1,4,4,2,2,1,1,2,1,4,4,1
RA-93,5,L,Aluno-93,Rede Decisão,Topázio,8.941,Promovido de Fase,Mantido na Fase atual,Mantido na Fase + Bolsa,Promovido de Fase + Bolsa,Sem limitações,Fase 5 (1º EM),0,Destaque: A sua boa entrega das lições de casa.,Destaque: As suas boas notas na Passos Mágicos.,Destaque: A sua boa integração aos Princípios Passos Mágicos.,2022,0,0,0,0,0,0,0,0,0,0,0,0,0,0,0,0,0,0,0,0,0,0,0,0,0,1,3,1,1,1,1,3,2,5,5,5,5,5,2,5,2,2,3,5,4,0
RA-94,5,L,Aluno-94,Rede Decisão,Topázio,8.921,Promovido de Fase,Mantido na Fase atual,Mantido na Fase + Bolsa,Promovido de Fase + Bolsa,Sem limitações,Fase 5 (1º EM),0,Destaque: A sua boa entrega das lições de casa.,Destaque: As suas boas notas na Passos Mágicos.,Destaque: A sua boa integração aos Princípios Passos Mágicos.,2022,0,0,0,0,0,0,0,0,0,0,0,0,0,0,0,0,0,0,0,0,0,0,0,0,0,1,3,1,1,1,1,3,2,5,5,4,4,3,2,5,2,2,3,4,4,0
RA-95,5,L,Aluno-95,Escola Pública,Ágata,6.308,Promovido de Fase,Mantido na Fase atual,Mantido na Fase atual,Alocado em Fase anterior,Sem limitações,Fase 7 (3º EM),-2,Melhorar: Melhorar a sua entrega de lições de casa.,Melhorar: Empenhar-se mais nas aulas e avaliações.,Melhorar: Integrar-se mais aos Princípios Passos Mágicos.,2022,0,0,0,0,0,0,0,0,0,0,0,0,0,0,0,0,0,0,0,0,0,0,0,0,0,0,4,2,2,1,2,3,2,1,3,1,2,4,1,1,1,2,1,1,1,1
RA-96,5,L,Aluno-96,Escola Pública,Ametista,7.54,Promovido de Fase,Mantido na Fase atual,Promovido de Fase,Promovido de Fase + Bolsa,Sem limitações,Fase 6 (2º EM),-1,Destaque: A sua boa entrega das lições de casa.,Melhorar: Empenhar-se mais nas aulas e avaliações.,Destaque: A sua boa integração aos Princípios Passos Mágicos.,2022,0,0,0,0,0,0,0,0,0,0,0,0,0,0,0,0,0,0,0,0,0,0,0,0,0,1,4,1,1,1,1,3,4,2,3,3,2,3,2,5,1,2,2,3,1,1
RA-97,5,L,Aluno-97,Rede Decisão,Ametista,7.468,Promovido de Fase,Mantido na Fase atual,Mantido na Fase + Bolsa,Mantido na Fase + Bolsa,Não indicado,Fase 5 (1º EM),0,Destaque: A sua boa entrega das lições de casa.,Melhorar: Empenhar-se mais nas aulas e avaliações.,Melhorar: Integrar-se mais aos Princípios Passos Mágicos.,2022,0,0,0,0,0,0,0,0,0,0,0,0,0,0,0,0,0,0,0,0,0,0,0,0,0,1,3,1,1,1,1,3,1,3,1,3,2,3,2,1,2,2,2,4,4,0
RA-98,5,L,Aluno-98,Rede Decisão,Topázio,9.354,Promovido de Fase,Mantido na Fase atual,Mantido na Fase + Bolsa,Promovido de Fase + Bolsa,Sem limitações,Fase 5 (1º EM),0,Destaque: A sua boa entrega das lições de casa.,Destaque: As suas boas notas na Passos Mágicos.,Destaque: A sua boa integração aos Princípios Passos Mágicos.,2022,0,0,0,0,0,0,0,0,0,0,0,0,0,0,0,0,0,0,0,0,0,0,0,0,0,1,3,1,1,1,1,3,3,5,5,5,5,4,2,5,2,2,3,5,4,0
RA-99,5,L,Aluno-99,Escola Pública,Ágata,6.158,Promovido de Fase,Mantido na Fase atual,Promovido de Fase,Alocado em Fase anterior,Não atendido,Fase 6 (2º EM),-1,Melhorar: Melhorar a sua entrega de lições de casa.,Melhorar: Empenhar-se mais nas aulas e avaliações.,Melhorar: Integrar-se mais aos Princípios Passos Mágicos.,2022,0,0,0,0,0,0,0,0,0,0,0,0,0,0,0,0,0,0,0,0,0,0,0,0,0,0,4,1,2,1,2,3,3,1,3,2,2,1,1,1,1,2,1,1,3,1
RA-100,4,A,Aluno-100,Rede Decisão,Ametista,7.618,Promovido de Fase,Mantido na Fase atual,Promovido de Fase,Promovido de Fase + Bolsa,Não indicado,Fase 3 (7º e 8º ano),1,Destaque: A sua boa entrega das lições de casa.,Destaque: As suas boas notas na Passos Mágicos.,Melhorar: Integrar-se mais aos Princípios Passos Mágicos.,2022,0,0,0,0,0,0,0,0,0,0,0,0,0,0,0,0,0,0,0,0,0,0,0,0,0,1,3,1,1,1,2,3,3,2,1,4,4,4,2,2,2,2,2,4,3,0
RA-101,4,A,Aluno-101,Escola Pública,Ametista,7.305,Promovido de Fase,Mantido na Fase atual,Promovido de Fase,Promovido de Fase + Bolsa,Não atendido,Fase 5 (1º EM),-1,Destaque: A sua boa entrega das lições de casa.,Destaque: As suas boas notas na Passos Mágicos.,Melhorar: Integrar-se mais aos Princípios Passos Mágicos.,2022,0,0,0,0,0,0,0,0,0,0,0,0,0,0,0,0,0,0,0,0,0,0,0,0,0,1,3,1,1,1,2,3,2,3,3,4,4,3,2,1,1,2,2,4,1,1
RA-102,4,A,Aluno-102,Escola Pública,Ágata,6.922,Promovido de Fase,Mantido na Fase atual,Mantido na Fase atual,Promovido de Fase,Requer avaliação,Fase 4 (9º ano),0,Destaque: A sua boa entrega das lições de casa.,Melhorar: Empenhar-se mais nas aulas e avaliações.,Melhorar: Integrar-se mais aos Princípios Passos Mágicos.,2022,0,0,0,0,0,0,0,0,0,0,0,0,0,0,0,0,0,0,0,0,0,0,0,0,0,0,3,1,2,1,2,3,1,2,3,2,2,3,1,1,2,2,1,2,3,0
RA-103,4,A,Aluno-103,Rede Decisão,Topázio,8.107,Promovido de Fase + Bolsa,Mantido na Fase atual,Promovido de Fase,Promovido de Fase + Bolsa,Não atendido,Fase 3 (7º e 8º ano),1,Destaque: A sua boa entrega das lições de casa.,Melhorar: Empenhar-se mais nas aulas e avaliações.,Destaque: A sua boa integração aos Princípios Passos Mágicos.,2022,0,0,0,0,0,0,0,0,0,0,0,0,0,0,0,0,0,0,0,0,0,0,0,0,0,1,3,1,1,1,1,3,2,3,3,4,4,4,2,3,2,2,3,4,2,0
RA-104,4,A,Aluno-104,Escola Pública,Ágata,6.315,Promovido de Fase,Mantido na Fase atual,Promovido de Fase,Promovido de Fase,Não atendido,Fase 8 (Universitários),-4,Destaque: A sua boa entrega das lições de casa.,Melhorar: Empenhar-se mais nas aulas e avaliações.,Melhorar: Integrar-se mais aos Princípios Passos Mágicos.,2022,0,0,0,0,0,0,0,0,0,0,0,0,0,0,0,0,0,0,0,0,0,0,0,0,0,0,4,2,2,1,2,3,2,3,3,1,2,2,1,1,1,2,1,1,1,1
RA-105,4,A,Aluno-105,Rede Decisão,Ágata,6.846,Promovido de Fase + Bolsa,Mantido na Fase atual,Promovido de Fase,Promovido de Fase + Bolsa,Requer avaliação,Fase 7 (3º EM),-3,Destaque: A sua boa entrega das lições de casa.,Melhorar: Empenhar-se mais nas aulas e avaliações.,Melhorar: Integrar-se mais aos Princípios Passos Mágicos.,2022,0,0,0,0,0,0,0,0,0,0,0,0,0,0,0,0,0,0,0,0,0,0,0,0,0,0,4,1,2,1,2,3,2,2,2,3,4,2,2,2,1,2,1,3,4,1
RA-106,4,A,Aluno-106,Rede Decisão,Ametista,7.973,Promovido de Fase + Bolsa,Mantido na Fase atual,Promovido de Fase,Promovido de Fase + Bolsa,Sem limitações,Fase 5 (1º EM),-1,Destaque: A sua boa entrega das lições de casa.,Melhorar: Empenhar-se mais nas aulas e avaliações.,Destaque: A sua boa integração aos Princípios Passos Mágicos.,2022,0,0,0,0,0,0,0,0,0,0,0,0,0,0,0,0,0,0,0,0,0,0,0,0,0,1,3,1,1,1,1,3,4,2,5,4,4,4,2,5,1,2,2,4,4,1
RA-107,4,A,Aluno-107,Escola Pública,Ágata,6.258,Promovido de Fase,Mantido na Fase atual,Promovido de Fase,Promovido de Fase + Bolsa,Sem limitações,Fase 5 (1º EM),-1,Melhorar: Melhorar a sua entrega de lições de casa.,Melhorar: Empenhar-se mais nas aulas e avaliações.,Melhorar: Integrar-se mais aos Princípios Passos Mágicos.,2022,0,0,0,0,0,0,0,0,0,0,0,0,0,0,0,0,0,0,0,0,0,0,0,0,0,0,3,1,2,1,2,3,1,1,3,1,1,1,1,1,1,2,1,1,4,1
RA-108,4,A,Aluno-108,Escola Pública,Quartzo,5.547,Mantido na Fase atual,Mantido na Fase atual,Promovido de Fase,Promovido de Fase,Não indicado,Fase 7 (3º EM),-3,Destaque: A sua boa entrega das lições de casa.,Melhorar: Empenhar-se mais nas aulas e avaliações.,Melhorar: Integrar-se mais aos Princípios Passos Mágicos.,2022,0,0,0,0,0,0,0,0,0,0,0,0,0,0,0,0,0,0,0,0,0,0,0,0,0,0,4,1,2,2,2,3,1,2,1,2,1,2,1,1,1,2,1,1,3,1
RA-109,4,A,Aluno-109,Rede Decisão,Topázio,8.512,Promovido de Fase + Bolsa,Mantido na Fase atual,Promovido de Fase,Promovido de Fase + Bolsa,Sem limitações,Fase 6 (2º EM),-2,Destaque: A sua boa entrega das lições de casa.,Destaque: As suas boas notas na Passos Mágicos.,Destaque: A sua boa integração aos Princípios Passos Mágicos.,2022,0,0,0,0,0,0,0,0,0,0,0,0,0,0,0,0,0,0,0,0,0,0,0,0,0,1,4,1,1,1,1,3,3,5,5,5,4,4,2,5,1,2,3,5,1,1
RA-110,4,A,Aluno-110,Rede Decisão,Topázio,8.15,Promovido de Fase + Bolsa,Mantido na Fase atual,Mantido na Fase atual,Promovido de Fase + Bolsa,Requer avaliação,Fase 4 (9º ano),0,Destaque: A sua boa entrega das lições de casa.,Melhorar: Empenhar-se mais nas aulas e avaliações.,Destaque: A sua boa integração aos Princípios Passos Mágicos.,2022,0,0,0,0,0,0,0,0,0,0,0,0,0,0,0,0,0,0,0,0,0,0,0,0,0,1,3,1,1,1,1,3,4,5,2,3,5,2,1,4,2,2,3,3,4,0
RA-111,4,A,Aluno-111,Rede Decisão,Topázio,8.646,Promovido de Fase + Bolsa,Mantido na Fase atual,Promovido de Fase,Promovido de Fase + Bolsa,Sem limitações,Fase 3 (7º e 8º ano),1,Destaque: A sua boa entrega das lições de casa.,Destaque: As suas boas notas na Passos Mágicos.,Destaque: A sua boa integração aos Princípios Passos Mágicos.,2022,0,0,0,0,0,0,0,0,0,0,0,0,0,0,0,0,0,0,0,0,0,0,0,0,0,1,3,1,1,1,1,3,1,4,5,4,3,4,2,5,2,2,3,5,2,0
RA-112,4,A,Aluno-112,Rede Decisão,Ametista,7.836,Promovido de Fase + Bolsa,Mantido na Fase atual,Promovido de Fase,Promovido de Fase + Bolsa,Sem limitações,Fase 5 (1º EM),-1,Destaque: A sua boa entrega das lições de casa.,Destaque: As suas boas notas na Passos Mágicos.,Destaque: A sua boa integração aos Princípios Passos Mágicos.,2022,0,0,0,0,0,0,0,0,0,0,0,0,0,0,0,0,0,0,0,0,0,0,0,0,0,1,3,1,1,1,1,3,2,2,2,5,5,4,2,5,1,2,2,5,4,1
RA-113,4,A,Aluno-113,Rede Decisão,Quartzo,3.032,Alocado em Fase anterior,Mantido na Fase atual,Promovido de Fase,Alocado em Fase anterior,Não indicado,Fase 5 (1º EM),-1,Melhorar: Melhorar a sua entrega de lições de casa.,Melhorar: Empenhar-se mais nas aulas e avaliações.,Melhorar: Integrar-se mais aos Princípios Passos Mágicos.,2022,0,0,0,0,0,0,0,0,0,0,0,0,0,0,0,0,0,0,0,0,0,0,0,0,0,0,3,1,2,2,2,3,1,1,1,1,1,2,1,1,1,2,1,1,4,1
RA-114,4,A,Aluno-114,Escola Pública,Quartzo,5.894,Promovido de Fase,Mantido na Fase atual,Mantido na Fase atual,Alocado em Fase anterior,Sem limitações,Fase 6 (2º EM),-2,Melhorar: Melhorar a sua entrega de lições de casa.,Melhorar: Empenhar-se mais nas aulas e avaliações.,Melhorar: Integrar-se mais aos Princípios Passos Mágicos.,2022,0,0,0,0,0,0,0,0,0,0,0,0,0,0,0,0,0,0,0,0,0,0,0,0,0,0,4,2,2,1,2,3,2,1,3,2,2,1,1,1,1,2,1,2,1,1
RA-115,4,A,Aluno-115,Escola Pública,Quartzo,5.886,Promovido de Fase,Mantido na Fase atual,Mantido na Fase atual,Promovido de Fase,Requer avaliação,Fase 6 (2º EM),-2,Melhorar: Melhorar a sua entrega de lições de casa.,Melhorar: Empenhar-se mais nas aulas e avaliações.,Melhorar: Integrar-se mais aos Princípios Passos Mágicos.,2022,0,0,0,0,0,0,0,0,0,0,0,0,0,0,0,0,0,0,0,0,0,0,0,0,0,0,4,1,2,1,2,3,2,1,2,1,1,2,1,1,1,2,1,1,3,1
RA-116,4,B,Aluno-116,Escola Pública,Ágata,6.854,Promovido de Fase,Mantido na Fase atual,Promovido de Fase,Promovido de Fase + Bolsa,Sem limitações,Fase 6 (2º EM),-2,Destaque: A sua boa entrega das lições de casa.,Melhorar: Empenhar-se mais nas aulas e avaliações.,Destaque: A sua boa integração aos Princípios Passos Mágicos.,2022,0,0,0,0,0,0,0,0,0,0,0,0,0,0,0,0,0,0,0,0,0,0,0,0,0,0,4,1,2,1,2,3,1,2,2,2,2,4,1,4,1,2,1,2,3,1
RA-117,4,B,Aluno-117,Escola Pública,Ágata,6.685,Promovido de Fase,Mantido na Fase atual,Promovido de Fase,Promovido de Fase,Requer avaliação,Fase 5 (1º EM),-1,Melhorar: Melhorar a sua entrega de lições de casa.,Melhorar: Empenhar-se mais nas aulas e avaliações.,Melhorar: Integrar-se mais aos Princípios Passos Mágicos.,2022,0,0,0,0,0,0,0,0,0,0,0,0,0,0,0,0,0,0,0,0,0,0,0,0,0,0,3,2,2,1,2,3,2,1,3,2,2,3,2,2,1,2,1,2,1,1
RA-118,4,B,Aluno-118,Escola Pública,Quartzo,5.597,Promovido de Fase,Mantido na Fase atual,Mantido na Fase atual,Promovido de Fase,Sem limitações,Fase 4 (9º ano),0,Melhorar: Melhorar a sua entrega de lições de casa.,Melhorar: Empenhar-se mais nas aulas e avaliações.,Melhorar: Integrar-se mais aos Princípios Passos Mágicos.,2022,0,0,0,0,0,0,0,0,0,0,0,0,0,0,0,0,0,0,0,0,0,0,0,0,0,0,3,1,2,2,2,3,1,1,2,1,1,1,1,2,2,2,1,1,1,0
RA-119,4,B,Aluno-119,Rede Decisão,Ametista,7.501,Promovido de Fase,Mantido na Fase atual,Promovido de Fase,Promovido de Fase + Bolsa,Requer avaliação,Fase 4 (9º ano),0,Destaque: A sua boa entrega das lições de casa.,Melhorar: Empenhar-se mais nas aulas e avaliações.,Destaque: A sua boa integração aos Princípios Passos Mágicos.,2022,0,0,0,0,0,0,0,0,0,0,0,0,0,0,0,0,0,0,0,0,0,0,0,0,0,1,3,1,1,1,1,3,2,2,2,2,2,3,1,4,2,2,2,2,4,0
RA-120,4,B,Aluno-120,Escola Pública,Ágata,6.825,Promovido de Fase + Bolsa,Mantido na Fase atual,Promovido de Fase,Promovido de Fase + Bolsa,Não atendido,Fase 5 (1º EM),-1,Melhorar: Melhorar a sua entrega de lições de casa.,Melhorar: Empenhar-se mais nas aulas e avaliações.,Destaque: A sua boa integração aos Princípios Passos Mágicos.,2022,0,0,0,0,0,0,0,0,0,0,0,0,0,0,0,0,0,0,0,0,0,0,0,0,0,0,3,1,2,1,2,3,2,1,3,2,1,2,2,3,1,2,1,2,3,1
RA-121,4,B,Aluno-121,Escola Pública,Ametista,7.245,Promovido de Fase,Mantido na Fase atual,Promovido de Fase,Promovido de Fase + Bolsa,Sem limitações,Fase 6 (2º EM),-2,Destaque: A sua boa entrega das lições de casa.,Melhorar: Empenhar-se mais nas aulas e avaliações.,Destaque: A sua boa integração aos Princípios Passos Mágicos.,2022,0,0,0,0,0,0,0,0,0,0,0,0,0,0,0,0,0,0,0,0,0,0,0,0,0,1,4,1,1,1,1,3,1,3,2,4,2,3,2,3,1,2,2,4,1,1
RA-122,4,B,Aluno-122,Escola Pública,Quartzo,5.061,Mantido na Fase atual,Mantido na Fase atual,Promovido de Fase,Alocado em Fase anterior,Não atendido,Fase 4 (9º ano),0,Melhorar: Melhorar a sua entrega de lições de casa.,Melhorar: Empenhar-se mais nas aulas e avaliações.,Melhorar: Integrar-se mais aos Princípios Passos Mágicos.,2022,0,0,0,0,0,0,0,0,0,0,0,0,0,0,0,0,0,0,0,0,0,0,0,0,0,0,3,1,2,2,2,3,2,1,3,1,1,1,1,1,2,2,1,1,3,0
RA-123,4,B,Aluno-123,Rede Decisão,Ametista,7.084,Promovido de Fase + Bolsa,Mantido na Fase atual,Promovido de Fase,Promovido de Fase + Bolsa,Requer avaliação,Fase 6 (2º EM),-2,Destaque: A sua boa entrega das lições de casa.,Melhorar: Empenhar-se mais nas aulas e avaliações.,Melhorar: Integrar-se mais aos Princípios Passos Mágicos.,2022,0,0,0,0,0,0,0,0,0,0,0,0,0,0,0,0,0,0,0,0,0,0,0,0,0,1,4,1,2,1,1,3,2,3,2,3,4,2,1,2,1,2,2,3,4,1
RA-124,4,B,Aluno-124,Rede Decisão,Ametista,7.388,Promovido de Fase + Bolsa,Mantido na Fase atual,Promovido de Fase,Promovido de Fase,Requer avaliação,Fase 4 (9º ano),0,Destaque: A sua boa entrega das lições de casa.,Melhorar: Empenhar-se mais nas aulas e avaliações.,Melhorar: Integrar-se mais aos Princípios Passos Mágicos.,2022,0,0,0,0,0,0,0,0,0,0,0,0,0,0,0,0,0,0,0,0,0,0,0,0,0,1,3,1,1,1,1,3,2,2,1,3,2,3,2,2,2,2,2,3,4,0
RA-125,4,B,Aluno-125,Escola Pública,Ametista,7.619,Promovido de Fase,Mantido na Fase atual,Promovido de Fase,Promovido de Fase + Bolsa,Não atendido,Fase 5 (1º EM),-1,Destaque: A sua boa entrega das lições de casa.,Melhorar: Empenhar-se mais nas aulas e avaliações.,Destaque: A sua boa integração aos Princípios Passos Mágicos.,2022,0,0,0,0,0,0,0,0,0,0,0,0,0,0,0,0,0,0,0,0,0,0,0,0,0,1,3,2,1,1,1,3,3,3,3,4,2,4,2,3,1,2,2,4,1,1
RA-126,4,B,Aluno-126,Escola Pública,Ágata,6.289,Promovido de Fase,Mantido na Fase atual,Promovido de Fase,Promovido de Fase + Bolsa,Não atendido,Fase 5 (1º EM),-1,Melhorar: Melhorar a sua entrega de lições de casa.,Melhorar: Empenhar-se mais nas aulas e avaliações.,Melhorar: Integrar-se mais aos Princípios Passos Mágicos.,2022,0,0,0,0,0,0,0,0,0,0,0,0,0,0,0,0,0,0,0,0,0,0,0,0,0,0,3,1,2,1,2,3,1,1,3,1,1,1,1,2,1,2,1,1,4,1
RA-127,4,B,Aluno-127,Escola Pública,Topázio,8.283,Promovido de Fase + Bolsa,Mantido na Fase atual,Promovido de Fase,Promovido de Fase + Bolsa,Não atendido,Fase 4 (9º ano),0,Destaque: A sua boa entrega das lições de casa.,Destaque: As suas boas notas na Passos Mágicos.,Destaque: A sua boa integração aos Princípios Passos Mágicos.,2022,0,0,0,0,0,0,0,0,0,0,0,0,0,0,0,0,0,0,0,0,0,0,0,0,0,1,3,2,1,1,1,3,1,3,3,4,4,4,2,4,2,2,3,5,1,0
RA-128,4,B,Aluno-128,Escola Pública,Quartzo,5.563,Promovido de Fase + Bolsa,Mantido na Fase atual,Mantido na Fase atual,Promovido de Fase,Não atendido,Fase 5 (1º EM),-1,Melhorar: Melhorar a sua entrega de lições de casa.,Melhorar: Empenhar-se mais nas aulas e avaliações.,Melhorar: Integrar-se mais aos Princípios Passos Mágicos.,2022,0,0,0,0,0,0,0,0,0,0,0,0,0,0,0,0,0,0,0,0,0,0,0,0,0,0,3,1,2,2,2,3,1,1,3,2,3,3,1,1,1,2,1,2,3,1
RA-129,4,B,Aluno-129,Escola Pública,Ágata,6.926,Promovido de Fase + Bolsa,Mantido na Fase atual,Promovido de Fase,Promovido de Fase + Bolsa,Não atendido,Fase 5 (1º EM),-1,Melhorar: Melhorar a sua entrega de lições de casa.,Melhorar: Empenhar-se mais nas aulas e avaliações.,Destaque: A sua boa integração aos Princípios Passos Mágicos.,2022,0,0,0,0,0,0,0,0,0,0,0,0,0,0,0,0,0,0,0,0,0,0,0,0,0,0,3,1,2,1,2,3,1,1,3,3,2,2,2,4,1,2,1,3,3,1
RA-130,4,F,Aluno-130,Escola Pública,Quartzo,5.624,Promovido de Fase,Mantido na Fase atual,Promovido de Fase,Promovido de Fase,Requer avaliação,Fase 6 (2º EM),-2,Melhorar: Melhorar a sua entrega de lições de casa.,Melhorar: Empenhar-se mais nas aulas e avaliações.,Melhorar: Integrar-se mais aos Princípios Passos Mágicos.,2022,0,0,0,0,0,0,0,0,0,0,0,0,0,0,0,0,0,0,0,0,0,0,0,0,0,0,4,1,2,2,2,3,2,1,1,1,1,2,1,1,1,2,1,1,4,1
RA-131,4,F,Aluno-131,Escola Pública,Ametista,7.174,Promovido de Fase + Bolsa,Mantido na Fase atual,Promovido de Fase,Promovido de Fase + Bolsa,Sem limitações,Fase 5 (1º EM),-1,Destaque: A sua boa entrega das lições de casa.,Melhorar: Empenhar-se mais nas aulas e avaliações.,Destaque: A sua boa integração aos Princípios Passos Mágicos.,2022,0,0,0,0,0,0,0,0,0,0,0,0,0,0,0,0,0,0,0,0,0,0,0,0,0,1,3,1,2,1,2,3,3,4,2,2,2,3,1,3,1,2,2,2,4,1
RA-132,4,F,Aluno-132,Rede Decisão,Topázio,8.355,Promovido de Fase + Bolsa,Promovido de Fase,Promovido de Fase,Promovido de Fase + Bolsa,Sem limitações,Fase 4 (9º ano),0,Destaque: A sua boa entrega das lições de casa.,Destaque: As suas boas notas na Passos Mágicos.,Destaque: A sua boa integração aos Princípios Passos Mágicos.,2022,0,0,0,0,0,0,0,0,0,0,0,0,0,0,0,0,0,0,0,0,0,0,0,0,0,1,3,1,1,1,1,3,5,3,2,4,3,4,2,5,2,2,3,4,3,0
RA-133,4,F,Aluno-133,Escola Pública,Ágata,6.875,Promovido de Fase,Promovido de Fase,Promovido de Fase,Promovido de Fase,Não atendido,Fase 5 (1º EM),-1,Melhorar: Melhorar a sua entrega de lições de casa.,Melhorar: Empenhar-se mais nas aulas e avaliações.,Destaque: A sua boa integração aos Princípios Passos Mágicos.,2022,0,0,0,0,0,0,0,0,0,0,0,0,0,0,0,0,0,0,0,0,0,0,0,0,0,0,3,1,2,1,2,3,2,2,3,2,2,4,1,3,1,2,1,2,4,1
RA-134,4,F,Aluno-134,Escola Pública,Ágata,6.607,Promovido de Fase + Bolsa,Promovido de Fase,Promovido de Fase,Promovido de Fase,Não atendido,Fase 5 (1º EM),-1,Melhorar: Melhorar a sua entrega de lições de casa.,Melhorar: Empenhar-se mais nas aulas e avaliações.,Melhorar: Integrar-se mais aos Princípios Passos Mágicos.,2022,0,0,0,0,0,0,0,0,0,0,0,0,0,0,0,0,0,0,0,0,0,0,0,0,0,0,3,1,2,1,2,3,3,1,3,1,2,3,1,2,1,2,1,1,1,1
RA-135,4,F,Aluno-135,Escola Pública,Ametista,7.692,Promovido de Fase + Bolsa,Promovido de Fase + Bolsa,Promovido de Fase + Bolsa,Promovido de Fase + Bolsa,Sem limitações,Fase 5 (1º EM),-1,Destaque: A sua boa entrega das lições de casa.,Destaque: As suas boas notas na Passos Mágicos.,Destaque: A sua boa integração aos Princípios Passos Mágicos.,2022,0,0,0,0,0,0,0,0,0,0,0,0,0,0,0,0,0,0,0,0,0,0,0,0,0,1,3,1,1,1,1,3,2,2,2,5,4,4,2,5,1,2,2,5,3,1
RA-136,4,F,Aluno-136,Escola Pública,Ágata,6.478,Promovido de Fase,Mantido na Fase atual,Mantido na Fase atual,Promovido de Fase,Não atendido,Fase 5 (1º EM),-1,Melhorar: Melhorar a sua entrega de lições de casa.,Melhorar: Empenhar-se mais nas aulas e avaliações.,Melhorar: Integrar-se mais aos Princípios Passos Mágicos.,2022,0,0,0,0,0,0,0,0,0,0,0,0,0,0,0,0,0,0,0,0,0,0,0,0,0,0,3,1,2,1,2,3,5,1,3,1,2,2,1,1,1,2,1,1,3,1
RA-137,4,F,Aluno-137,Rede Decisão,Ametista,7.056,Promovido de Fase + Bolsa,Promovido de Fase,Promovido de Fase,Promovido de Fase + Bolsa,Requer avaliação,Fase 7 (3º EM),-3,Destaque: A sua boa entrega das lições de casa.,Melhorar: Empenhar-se mais nas aulas e avaliações.,Destaque: A sua boa integração aos Princípios Passos Mágicos.,2022,0,0,0,0,0,0,0,0,0,0,0,0,0,0,0,0,0,0,0,0,0,0,0,0,0,1,4,1,2,1,2,3,1,3,1,4,2,4,2,4,1,2,2,4,4,1
RA-138,4,F,Aluno-138,Escola Pública,Ágata,6.738,Promovido de Fase,Mantido na Fase atual,Promovido de Fase,Promovido de Fase + Bolsa,Requer avaliação,Fase 5 (1º EM),-1,Destaque: A sua boa entrega das lições de casa.,Melhorar: Empenhar-se mais nas aulas e avaliações.,Melhorar: Integrar-se mais aos Princípios Passos Mágicos.,2022,0,0,0,0,0,0,0,0,0,0,0,0,0,0,0,0,0,0,0,0,0,0,0,0,0,0,3,1,2,1,2,3,5,2,2,2,2,3,1,1,1,2,1,2,4,1
RA-139,4,F,Aluno-139,Escola Pública,Quartzo,3.738,Mantido na Fase atual,Mantido na Fase atual,Promovido de Fase,Alocado em Fase anterior,Requer avaliação,Fase 7 (3º EM),-3,Melhorar: Melhorar a sua entrega de lições de casa.,Melhorar: Empenhar-se mais nas aulas e avaliações.,Melhorar: Integrar-se mais aos Princípios Passos Mágicos.,2022,0,0,0,0,0,0,0,0,0,0,0,0,0,0,0,0,0,0,0,0,0,0,0,0,0,0,4,1,2,2,2,3,1,1,1,1,1,1,1,1,1,2,1,1,3,1
RA-140,4,F,Aluno-140,Escola Pública,Ametista,7.407,Promovido de Fase + Bolsa,Promovido de Fase + Bolsa,Promovido de Fase + Bolsa,Promovido de Fase,Não atendido,Fase 4 (9º ano),0,Destaque: A sua boa entrega das lições de casa.,Melhorar: Empenhar-se mais nas aulas e avaliações.,Destaque: A sua boa integração aos Princípios Passos Mágicos.,2022,0,0,0,0,0,0,0,0,0,0,0,0,0,0,0,0,0,0,0,0,0,0,0,0,0,1,3,1,1,1,1,3,2,2,3,2,2,3,1,3,2,2,2,2,1,0
RA-141,4,F,Aluno-141,Escola Pública,Ametista,7.118,Promovido de Fase,Mantido na Fase atual,Mantido na Fase atual,Promovido de Fase,Requer avaliação,Fase 4 (9º ano),0,Destaque: A sua boa entrega das lições de casa.,Melhorar: Empenhar-se mais nas aulas e avaliações.,Melhorar: Integrar-se mais aos Princípios Passos Mágicos.,2022,0,0,0,0,0,0,0,0,0,0,0,0,0,0,0,0,0,0,0,0,0,0,0,0,0,1,3,1,2,1,2,3,4,2,2,2,2,2,1,1,2,2,2,2,4,0
RA-142,4,F,Aluno-142,Escola Pública,Ametista,7.457,Promovido de Fase,Mantido na Fase atual,Mantido na Fase atual,Promovido de Fase,Requer avaliação,Fase 4 (9º ano),0,Destaque: A sua boa entrega das lições de casa.,Melhorar: Empenhar-se mais nas aulas e avaliações.,Destaque: A sua boa integração aos Princípios Passos Mágicos.,2022,0,0,0,0,0,0,0,0,0,0,0,0,0,0,0,0,0,0,0,0,0,0,0,0,0,1,3,1,1,1,1,3,1,3,2,3,2,3,1,3,2,2,2,2,1,0
RA-143,4,F,Aluno-143,Rede Decisão,Topázio,8.638,Promovido de Fase + Bolsa,Promovido de Fase,Promovido de Fase,Promovido de Fase + Bolsa,Sem limitações,Fase 3 (7º e 8º ano),1,Destaque: A sua boa entrega das lições de casa.,Destaque: As suas boas notas na Passos Mágicos.,Destaque: A sua boa integração aos Princípios Passos Mágicos.,2022,0,0,0,0,0,0,0,0,0,0,0,0,0,0,0,0,0,0,0,0,0,0,0,0,0,1,3,1,1,1,1,3,2,5,2,4,5,4,1,5,2,2,3,5,3,0
RA-144,4,F,Aluno-144,Rede Decisão,Topázio,8.181,Promovido de Fase + Bolsa,Mantido na Fase atual,Promovido de Fase,Promovido de Fase + Bolsa,Requer avaliação,Fase 4 (9º ano),0,Destaque: A sua boa entrega das lições de casa.,Destaque: As suas boas notas na Passos Mágicos.,Destaque: A sua boa integração aos Princípios Passos Mágicos.,2022,0,0,0,0,0,0,0,0,0,0,0,0,0,0,0,0,0,0,0,0,0,0,0,0,0,1,3,1,1,1,1,3,1,4,1,4,4,4,2,4,2,2,3,5,4,0
RA-145,4,H,Aluno-145,Escola Pública,Quartzo,5.846,Promovido de Fase,Mantido na Fase atual,Promovido de Fase,Promovido de Fase + Bolsa,Sem limitações,Fase 6 (2º EM),-2,Melhorar: Melhorar a sua entrega de lições de casa.,Melhorar: Empenhar-se mais nas aulas e avaliações.,Melhorar: Integrar-se mais aos Princípios Passos Mágicos.,2022,0,0,0,0,0,0,0,0,0,0,0,0,0,0,0,0,0,0,0,0,0,0,0,0,0,0,4,1,2,2,2,3,1,1,5,2,1,1,2,2,1,2,1,2,4,1
RA-146,4,H,Aluno-146,Escola Pública,Ametista,7.947,Promovido de Fase + Bolsa,Mantido na Fase atual,Promovido de Fase,Promovido de Fase + Bolsa,Não atendido,Fase 5 (1º EM),-1,Destaque: A sua boa entrega das lições de casa.,Destaque: As suas boas notas na Passos Mágicos.,Destaque: A sua boa integração aos Princípios Passos Mágicos.,2022,0,0,0,0,0,0,0,0,0,0,0,0,0,0,0,0,0,0,0,0,0,0,0,0,0,1,3,2,1,1,1,3,2,4,3,4,3,4,2,4,1,2,2,5,1,1
RA-147,4,H,Aluno-147,Escola Pública,Ametista,7.541,Promovido de Fase,Mantido na Fase atual,Promovido de Fase,Promovido de Fase,Não atendido,Fase 4 (9º ano),0,Destaque: A sua boa entrega das lições de casa.,Melhorar: Empenhar-se mais nas aulas e avaliações.,Melhorar: Integrar-se mais aos Princípios Passos Mágicos.,2022,0,0,0,0,0,0,0,0,0,0,0,0,0,0,0,0,0,0,0,0,0,0,0,0,0,1,3,2,1,1,1,3,2,2,3,2,2,1,2,2,2,2,2,2,1,0
RA-148,4,H,Aluno-148,Escola Pública,Ametista,7.894,Promovido de Fase,Mantido na Fase atual,Promovido de Fase,Promovido de Fase + Bolsa,Sem limitações,Fase 4 (9º ano),0,Destaque: A sua boa entrega das lições de casa.,Melhorar: Empenhar-se mais nas aulas e avaliações.,Destaque: A sua boa integração aos Princípios Passos Mágicos.,2022,0,0,0,0,0,0,0,0,0,0,0,0,0,0,0,0,0,0,0,0,0,0,0,0,0,1,3,2,1,1,1,3,4,2,5,2,2,2,1,3,2,2,2,2,1,0
RA-149,4,H,Aluno-149,Escola Pública,Ágata,6.323,Mantido na Fase atual,Mantido na Fase atual,Promovido de Fase,Alocado em Fase anterior,Não atendido,Fase 5 (1º EM),-1,Melhorar: Melhorar a sua entrega de lições de casa.,Melhorar: Empenhar-se mais nas aulas e avaliações.,Melhorar: Integrar-se mais aos Princípios Passos Mágicos.,2022,0,0,0,0,0,0,0,0,0,0,0,0,0,0,0,0,0,0,0,0,0,0,0,0,0,0,3,2,2,1,1,3,4,1,3,2,1,2,1,1,1,2,1,2,1,1
RA-150,4,H,Aluno-150,Escola Pública,Ágata,6.962,Promovido de Fase + Bolsa,Mantido na Fase atual,Promovido de Fase,Promovido de Fase,Sem limitações,Fase 6 (2º EM),-2,Melhorar: Melhorar a sua entrega de lições de casa.,Melhorar: Empenhar-se mais nas aulas e avaliações.,Melhorar: Integrar-se mais aos Princípios Passos Mágicos.,2022,0,0,0,0,0,0,0,0,0,0,0,0,0,0,0,0,0,0,0,0,0,0,0,0,0,0,4,1,2,1,1,3,5,1,3,3,2,3,2,2,1,2,1,3,2,1
RA-151,4,H,Aluno-151,Escola Pública,Ametista,7.563,Promovido de Fase + Bolsa,Mantido na Fase atual,Promovido de Fase,Promovido de Fase,Sem limitações,Fase 6 (2º EM),-2,Destaque: A sua boa entrega das lições de casa.,Destaque: As suas boas notas na Passos Mágicos.,Destaque: A sua boa integração aos Princípios Passos Mágicos.,2022,0,0,0,0,0,0,0,0,0,0,0,0,0,0,0,0,0,0,0,0,0,0,0,0,0,1,4,1,1,1,1,3,3,2,3,5,4,4,2,4,1,2,2,5,2,1
RA-152,4,L,Aluno-152,Escola Pública,Ágata,6.712,Mantido na Fase atual,Mantido na Fase atual,Mantido na Fase atual,Promovido de Fase,Não atendido,Fase 6 (2º EM),-2,Melhorar: Melhorar a sua entrega de lições de casa.,Melhorar: Empenhar-se mais nas aulas e avaliações.,Melhorar: Integrar-se mais aos Princípios Passos Mágicos.,2022,0,0,0,0,0,0,0,0,0,0,0,0,0,0,0,0,0,0,0,0,0,0,0,0,0,0,4,2,2,1,2,3,2,2,3,3,1,3,2,1,1,2,1,3,1,1
RA-153,4,L,Aluno-153,Rede Decisão,Ametista,7.535,Promovido de Fase + Bolsa,Mantido na Fase atual,Promovido de Fase,Promovido de Fase + Bolsa,Requer avaliação,Fase 4 (9º ano),0,Destaque: A sua boa entrega das lições de casa.,Melhorar: Empenhar-se mais nas aulas e avaliações.,Destaque: A sua boa integração aos Princípios Passos Mágicos.,2022,0,0,0,0,0,0,0,0,0,0,0,0,0,0,0,0,0,0,0,0,0,0,0,0,0,1,3,1,1,1,1,3,2,2,1,3,1,4,2,3,2,2,2,3,4,0
RA-154,4,L,Aluno-154,Escola Pública,Ágata,6.073,Promovido de Fase,Mantido na Fase atual,Promovido de Fase,Promovido de Fase + Bolsa,Sem limitações,Fase 5 (1º EM),-1,Melhorar: Melhorar a sua entrega de lições de casa.,Melhorar: Empenhar-se mais nas aulas e avaliações.,Melhorar: Integrar-se mais aos Princípios Passos Mágicos.,2022,0,0,0,0,0,0,0,0,0,0,0,0,0,0,0,0,0,0,0,0,0,0,0,0,0,0,3,1,2,1,2,3,2,1,2,1,1,2,1,1,1,2,1,1,4,1
RA-155,4,L,Aluno-155,Escola Pública,Ametista,7.051,Promovido de Fase,Mantido na Fase atual,Mantido na Fase atual,Promovido de Fase + Bolsa,Não atendido,Fase 6 (2º EM),-2,Destaque: A sua boa entrega das lições de casa.,Melhorar: Empenhar-se mais nas aulas e avaliações.,Melhorar: Integrar-se mais aos Princípios Passos Mágicos.,2022,0,0,0,0,0,0,0,0,0,0,0,0,0,0,0,0,0,0,0,0,0,0,0,0,0,1,4,2,2,1,2,3,5,3,3,2,1,3,1,1,1,2,2,1,1,1
RA-156,4,L,Aluno-156,Escola Pública,Ametista,7.357,Promovido de Fase,Mantido na Fase atual,Promovido de Fase,Promovido de Fase + Bolsa,Sem limitações,Fase 5 (1º EM),-1,Destaque: A sua boa entrega das lições de casa.,Melhorar: Empenhar-se mais nas aulas e avaliações.,Destaque: A sua boa integração aos Princípios Passos Mágicos.,2022,0,0,0,0,0,0,0,0,0,0,0,0,0,0,0,0,0,0,0,0,0,0,0,0,0,1,3,1,1,1,1,3,5,3,5,1,2,3,1,4,1,2,2,1,4,1
RA-157,4,L,Aluno-157,Rede Decisão,Topázio,8.317,Promovido de Fase + Bolsa,Mantido na Fase atual,Promovido de Fase,Promovido de Fase + Bolsa,Requer avaliação,Fase 3 (7º e 8º ano),1,Destaque: A sua boa entrega das lições de casa.,Destaque: As suas boas notas na Passos Mágicos.,Destaque: A sua boa integração aos Princípios Passos Mágicos.,2022,0,0,0,0,0,0,0,0,0,0,0,0,0,0,0,0,0,0,0,0,0,0,0,0,0,1,2,1,1,1,1,3,1,5,2,4,4,4,2,4,2,2,3,4,4,0
RA-158,4,L,Aluno-158,Rede Decisão,Ametista,7.302,Promovido de Fase + Bolsa,Mantido na Fase atual,Promovido de Fase,Promovido de Fase + Bolsa,Requer avaliação,Fase 7 (3º EM),-3,Destaque: A sua boa entrega das lições de casa.,Melhorar: Empenhar-se mais nas aulas e avaliações.,Destaque: A sua boa integração aos Princípios Passos Mágicos.,2022,0,0,0,0,0,0,0,0,0,0,0,0,0,0,0,0,0,0,0,0,0,0,0,0,0,1,4,1,1,1,2,3,2,5,2,3,2,3,2,4,1,2,2,3,4,1
RA-159,4,L,Aluno-159,Escola Pública,Ágata,6.49,Promovido de Fase,Mantido na Fase atual,Promovido de Fase,Promovido de Fase,Requer avaliação,Fase 5 (1º EM),-1,Destaque: A sua boa entrega das lições de casa.,Melhorar: Empenhar-se mais nas aulas e avaliações.,Melhorar: Integrar-se mais aos Princípios Passos Mágicos.,2022,0,0,0,0,0,0,0,0,0,0,0,0,0,0,0,0,0,0,0,0,0,0,0,0,0,0,3,1,2,1,2,3,2,2,2,1,1,2,1,1,1,2,1,1,1,1
RA-160,4,L,Aluno-160,Escola Pública,Ágata,6.746,Promovido de Fase + Bolsa,Mantido na Fase atual,Promovido de Fase,Promovido de Fase + Bolsa,Requer avaliação,Fase 5 (1º EM),-1,Melhorar: Melhorar a sua entrega de lições de casa.,Melhorar: Empenhar-se mais nas aulas e avaliações.,Destaque: A sua boa integração aos Princípios Passos Mágicos.,2022,0,0,0,0,0,0,0,0,0,0,0,0,0,0,0,0,0,0,0,0,0,0,0,0,0,0,3,1,2,1,2,3,1,2,2,2,1,2,2,4,1,2,1,2,1,1
RA-161,4,L,Aluno-161,Rede Decisão,Ametista,7.957,Promovido de Fase + Bolsa,Mantido na Fase atual,Promovido de Fase,Promovido de Fase + Bolsa,Requer avaliação,Fase 2 (5º e 6º ano),2,Destaque: A sua boa entrega das lições de casa.,Melhorar: Empenhar-se mais nas aulas e avaliações.,Destaque: A sua boa integração aos Princípios Passos Mágicos.,2022,0,0,0,0,0,0,0,0,0,0,0,0,0,0,0,0,0,0,0,0,0,0,0,0,0,1,2,1,1,1,1,3,2,4,2,3,2,3,2,4,2,2,2,3,4,0
RA-162,4,L,Aluno-162,Escola Pública,Ametista,7.215,Mantido na Fase atual,Mantido na Fase atual,Promovido de Fase,Promovido de Fase,Requer avaliação,Fase 4 (9º ano),0,Destaque: A sua boa entrega das lições de casa.,Melhorar: Empenhar-se mais nas aulas e avaliações.,Melhorar: Integrar-se mais aos Princípios Passos Mágicos.,2022,0,0,0,0,0,0,0,0,0,0,0,0,0,0,0,0,0,0,0,0,0,0,0,0,0,1,3,1,1,1,2,3,1,3,3,2,2,2,1,1,2,2,2,2,1,0
RA-163,4,L,Aluno-163,Escola Pública,Ágata,6.797,Promovido de Fase,Mantido na Fase atual,Promovido de Fase,Promovido de Fase,Requer avaliação,Fase 5 (1º EM),-1,Destaque: A sua boa entrega das lições de casa.,Melhorar: Empenhar-se mais nas aulas e avaliações.,Melhorar: Integrar-se mais aos Princípios Passos Mágicos.,2022,0,0,0,0,0,0,0,0,0,0,0,0,0,0,0,0,0,0,0,0,0,0,0,0,0,0,3,1,2,1,2,3,3,2,2,3,3,2,2,1,1,2,1,3,1,1
RA-164,4,L,Aluno-164,Escola Pública,Ágata,6.776,Promovido de Fase,Mantido na Fase atual,Promovido de Fase,Mantido na Fase + Bolsa,Requer avaliação,Fase 6 (2º EM),-2,Melhorar: Melhorar a sua entrega de lições de casa.,Melhorar: Empenhar-se mais nas aulas e avaliações.,Melhorar: Integrar-se mais aos Princípios Passos Mágicos.,2022,0,0,0,0,0,0,0,0,0,0,0,0,0,0,0,0,0,0,0,0,0,0,0,0,0,0,4,1,2,1,2,3,2,2,2,3,2,3,2,2,1,2,1,3,4,1
RA-165,4,L,Aluno-165,Rede Decisão,Topázio,8.063,Promovido de Fase + Bolsa,Mantido na Fase atual,Promovido de Fase,Promovido de Fase + Bolsa,Sem limitações,Fase 4 (9º ano),0,Destaque: A sua boa entrega das lições de casa.,Destaque: As suas boas notas na Passos Mágicos.,Destaque: A sua boa integração aos Princípios Passos Mágicos.,2022,0,0,0,0,0,0,0,0,0,0,0,0,0,0,0,0,0,0,0,0,0,0,0,0,0,1,3,1,1,1,1,3,1,5,2,4,2,4,2,3,2,2,3,4,4,0
RA-166,4,L,Aluno-166,Escola Pública,Topázio,8.253,Promovido de Fase + Bolsa,Mantido na Fase atual,Promovido de Fase,Promovido de Fase + Bolsa,Sem limitações,Fase 4 (9º ano),0,Destaque: A sua boa entrega das lições de casa.,Destaque: As suas boas notas na Passos Mágicos.,Destaque: A sua boa integração aos Princípios Passos Mágicos.,2022,0,0,0,0,0,0,0,0,0,0,0,0,0,0,0,0,0,0,0,0,0,0,0,0,0,1,3,1,1,1,1,3,4,4,2,5,4,4,2,3,2,2,3,5,2,0
RA-167,4,P,Aluno-167,Rede Decisão,Ametista,7.798,Promovido de Fase + Bolsa,Mantido na Fase atual,Promovido de Fase,Promovido de Fase,Requer avaliação,Fase 6 (2º EM),-2,Destaque: A sua boa entrega das lições de casa.,Destaque: As suas boas notas na Passos Mágicos.,Destaque: A sua boa integração aos Princípios Passos Mágicos.,2022,0,0,0,0,0,0,0,0,0,0,0,0,0,0,0,0,0,0,0,0,0,0,0,0,0,1,4,1,1,1,1,3,4,5,2,4,5,4,1,4,1,2,2,5,4,1
RA-168,4,P,Aluno-168,Rede Decisão,Ágata,6.917,Promovido de Fase + Bolsa,Mantido na Fase atual,Promovido de Fase,Promovido de Fase,Sem limitações,Fase 5 (1º EM),-1,Destaque: A sua boa entrega das lições de casa.,Melhorar: Empenhar-se mais nas aulas e avaliações.,Melhorar: Integrar-se mais aos Princípios Passos Mágicos.,2022,0,0,0,0,0,0,0,0,0,0,0,0,0,0,0,0,0,0,0,0,0,0,0,0,0,0,3,1,2,1,1,3,2,3,2,2,2,4,1,2,1,2,1,2,4,1
RA-169,4,P,Aluno-169,Escola Pública,Quartzo,5.159,Mantido na Fase atual,Mantido na Fase atual,Mantido na Fase atual,Promovido de Fase,Sem limitações,Fase 5 (1º EM),-1,Melhorar: Melhorar a sua entrega de lições de casa.,Melhorar: Empenhar-se mais nas aulas e avaliações.,Melhorar: Integrar-se mais aos Princípios Passos Mágicos.,2022,0,0,0,0,0,0,0,0,0,0,0,0,0,0,0,0,0,0,0,0,0,0,0,0,0,0,3,1,2,2,2,3,1,1,2,1,1,1,1,1,1,2,1,1,4,1
RA-170,4,P,Aluno-170,Rede Decisão,Ágata,7.007,Mantido na Fase atual,Mantido na Fase atual,Promovido de Fase,Promovido de Fase,Requer avaliação,Fase 4 (9º ano),0,Destaque: A sua boa entrega das lições de casa.,Melhorar: Empenhar-se mais nas aulas e avaliações.,Melhorar: Integrar-se mais aos Princípios Passos Mágicos.,2022,0,0,0,0,0,0,0,0,0,0,0,0,0,0,0,0,0,0,0,0,0,0,0,0,0,1,3,1,2,1,1,3,2,4,2,2,1,3,1,1,2,2,1,1,4,0
RA-171,4,P,Aluno-171,Escola Pública,Ágata,6.581,Promovido de Fase,Mantido na Fase atual,Promovido de Fase,Promovido de Fase,Sem limitações,Fase 6 (2º EM),-2,Melhorar: Melhorar a sua entrega de lições de casa.,Melhorar: Empenhar-se mais nas aulas e avaliações.,Melhorar: Integrar-se mais aos Princípios Passos Mágicos.,2022,0,0,0,0,0,0,0,0,0,0,0,0,0,0,0,0,0,0,0,0,0,0,0,0,0,0,4,2,2,1,2,3,1,1,3,2,1,4,1,2,1,2,1,2,1,1
RA-172,4,P,Aluno-172,Rede Decisão,Topázio,8.673,Promovido de Fase + Bolsa,Mantido na Fase atual,Promovido de Fase,Promovido de Fase + Bolsa,Sem limitações,Fase 4 (9º ano),0,Destaque: A sua boa entrega das lições de casa.,Melhorar: Empenhar-se mais nas aulas e avaliações.,Destaque: A sua boa integração aos Princípios Passos Mágicos.,2022,0,0,0,0,0,0,0,0,0,0,0,0,0,0,0,0,0,0,0,0,0,0,0,0,0,1,3,1,1,1,1,3,4,3,5,4,2,4,2,5,2,2,3,4,4,0
RA-173,4,P,Aluno-173,Rede Decisão,Ametista,7.816,Promovido de Fase + Bolsa,Mantido na Fase atual,Promovido de Fase,Promovido de Fase + Bolsa,Requer avaliação,Fase 7 (3º EM),-3,Destaque: A sua boa entrega das lições de casa.,Destaque: As suas boas notas na Passos Mágicos.,Destaque: A sua boa integração aos Princípios Passos Mágicos.,2022,0,0,0,0,0,0,0,0,0,0,0,0,0,0,0,0,0,0,0,0,0,0,0,0,0,1,4,1,1,1,1,3,2,4,3,4,5,4,2,5,1,2,2,5,3,1
RA-174,4,P,Aluno-174,Escola Pública,Ágata,6.075,Mantido na Fase atual,Mantido na Fase atual,Promovido de Fase,Promovido de Fase,Sem limitações,Fase 5 (1º EM),-1,Melhorar: Melhorar a sua entrega de lições de casa.,Melhorar: Empenhar-se mais nas aulas e avaliações.,Melhorar: Integrar-se mais aos Princípios Passos Mágicos.,2022,0,0,0,0,0,0,0,0,0,0,0,0,0,0,0,0,0,0,0,0,0,0,0,0,0,0,3,1,2,1,2,3,2,1,3,1,1,2,1,1,1,2,1,1,3,1
RA-175,4,P,Aluno-175,Rede Decisão,Ágata,6.75,Mantido na Fase atual,Mantido na Fase atual,Promovido de Fase,Promovido de Fase,Requer avaliação,Fase 5 (1º EM),-1,Destaque: A sua boa entrega das lições de casa.,Melhorar: Empenhar-se mais nas aulas e avaliações.,Melhorar: Integrar-se mais aos Princípios Passos Mágicos.,2022,0,0,0,0,0,0,0,0,0,0,0,0,0,0,0,0,0,0,0,0,0,0,0,0,0,0,3,1,2,1,1,3,2,4,2,2,2,4,1,1,1,2,1,2,4,1
RA-176,3,A,Aluno-176,Rede Decisão,Topázio,8.427,Promovido de Fase + Bolsa,Promovido de Fase,Promovido de Fase,Promovido de Fase + Bolsa,Requer avaliação,Fase 3 (7º e 8º ano),0,Destaque: A sua boa entrega das lições de casa.,Melhorar: Empenhar-se mais nas aulas e avaliações.,Destaque: A sua boa integração aos Princípios Passos Mágicos.,2022,0,0,0,0,0,0,0,0,0,0,0,0,0,0,0,0,0,0,0,0,0,0,0,0,0,1,3,1,1,1,1,3,5,4,2,3,2,3,2,5,2,2,3,3,4,0
RA-177,3,A,Aluno-177,Escola Pública,Ametista,7.424,Promovido de Fase,Mantido na Fase atual,Promovido de Fase,Mantido na Fase atual,Requer avaliação,Fase 3 (7º e 8º ano),0,Destaque: A sua boa entrega das lições de casa.,Melhorar: Empenhar-se mais nas aulas e avaliações.,Melhorar: Integrar-se mais aos Princípios Passos Mágicos.,2022,0,0,0,0,0,0,0,0,0,0,0,0,0,0,0,0,0,0,0,0,0,0,0,0,0,1,3,2,1,1,2,3,2,3,1,3,2,4,1,2,2,2,2,3,1,0
RA-178,3,A,Aluno-178,Rede Decisão,Ágata,7.025,Promovido de Fase + Bolsa,Promovido de Fase,Promovido de Fase,Promovido de Fase + Bolsa,Requer avaliação,Fase 3 (7º e 8º ano),0,Destaque: A sua boa entrega das lições de casa.,Melhorar: Empenhar-se mais nas aulas e avaliações.,Destaque: A sua boa integração aos Princípios Passos Mágicos.,2022,0,0,0,0,0,0,0,0,0,0,0,0,0,0,0,0,0,0,0,0,0,0,0,0,0,1,3,1,2,1,2,3,1,3,1,3,3,2,2,5,2,2,1,2,4,0
RA-179,3,A,Aluno-179,Escola Pública,Ametista,7.993,Promovido de Fase + Bolsa,Promovido de Fase,Promovido de Fase,Promovido de Fase + Bolsa,Sem limitações,Fase 3 (7º e 8º ano),0,Destaque: A sua boa entrega das lições de casa.,Melhorar: Empenhar-se mais nas aulas e avaliações.,Destaque: A sua boa integração aos Princípios Passos Mágicos.,2022,0,0,0,0,0,0,0,0,0,0,0,0,0,0,0,0,0,0,0,0,0,0,0,0,0,1,2,2,1,1,1,3,1,4,3,2,1,3,2,4,2,2,2,2,1,0
RA-180,3,A,Aluno-180,Rede Decisão,Topázio,8.442,Promovido de Fase + Bolsa,Promovido de Fase,Promovido de Fase,Promovido de Fase + Bolsa,Requer avaliação,Fase 3 (7º e 8º ano),0,Destaque: A sua boa entrega das lições de casa.,Destaque: As suas boas notas na Passos Mágicos.,Destaque: A sua boa integração aos Princípios Passos Mágicos.,2022,0,0,0,0,0,0,0,0,0,0,0,0,0,0,0,0,0,0,0,0,0,0,0,0,0,1,2,1,1,1,1,3,4,3,2,5,4,5,2,5,2,2,3,5,4,0
RA-181,3,A,Aluno-181,Rede Decisão,Topázio,8.623,Promovido de Fase + Bolsa,Promovido de Fase,Promovido de Fase,Promovido de Fase,Não atendido,Fase 3 (7º e 8º ano),0,Destaque: A sua boa entrega das lições de casa.,Melhorar: Empenhar-se mais nas aulas e avaliações.,Destaque: A sua boa integração aos Princípios Passos Mágicos.,2022,0,0,0,0,0,0,0,0,0,0,0,0,0,0,0,0,0,0,0,0,0,0,0,0,0,1,3,1,1,1,1,3,4,4,5,3,3,4,1,5,2,2,3,3,3,0
RA-182,3,A,Aluno-182,Escola Pública,Ágata,6.328,Mantido na Fase atual,Promovido de Fase,Promovido de Fase,Promovido de Fase,Não atendido,Fase 6 (2º EM),-3,Destaque: A sua boa entrega das lições de casa.,Melhorar: Empenhar-se mais nas aulas e avaliações.,Melhorar: Integrar-se mais aos Princípios Passos Mágicos.,2022,0,0,0,0,0,0,0,0,0,0,0,0,0,0,0,0,0,0,0,0,0,0,0,0,0,0,4,1,2,2,2,3,1,2,3,1,1,2,1,2,1,2,1,1,1,1
RA-183,3,A,Aluno-183,Escola Pública,Ametista,7.3,Promovido de Fase,Promovido de Fase,Mantido na Fase atual,Promovido de Fase,Não atendido,Fase 3 (7º e 8º ano),0,Destaque: A sua boa entrega das lições de casa.,Melhorar: Empenhar-se mais nas aulas e avaliações.,Melhorar: Integrar-se mais aos Princípios Passos Mágicos.,2022,0,0,0,0,0,0,0,0,0,0,0,0,0,0,0,0,0,0,0,0,0,0,0,0,0,1,3,2,1,1,2,3,2,3,3,1,1,4,1,2,2,2,2,1,1,0
RA-184,3,A,Aluno-184,Escola Pública,Ametista,7.28,Promovido de Fase + Bolsa,Promovido de Fase + Bolsa,Promovido de Fase,Promovido de Fase,Não atendido,Fase 6 (2º EM),-3,Destaque: A sua boa entrega das lições de casa.,Melhorar: Empenhar-se mais nas aulas e avaliações.,Destaque: A sua boa integração aos Princípios Passos Mágicos.,2022,0,0,0,0,0,0,0,0,0,0,0,0,0,0,0,0,0,0,0,0,0,0,0,0,0,1,4,1,1,1,2,3,3,2,3,4,2,4,2,4,1,2,2,4,3,1
RA-185,3,A,Aluno-185,Escola Pública,Ágata,6.615,Mantido na Fase atual,Promovido de Fase,Promovido de Fase,Promovido de Fase,Não atendido,Fase 5 (1º EM),-2,Destaque: A sua boa entrega das lições de casa.,Melhorar: Empenhar-se mais nas aulas e avaliações.,Melhorar: Integrar-se mais aos Princípios Passos Mágicos.,2022,0,0,0,0,0,0,0,0,0,0,0,0,0,0,0,0,0,0,0,0,0,0,0,0,0,0,3,1,2,2,2,3,2,2,3,1,1,2,1,2,1,2,1,1,1,1
RA-186,3,A,Aluno-186,Escola Pública,Ametista,7.832,Promovido de Fase,Promovido de Fase,Promovido de Fase,Promovido de Fase + Bolsa,Não atendido,Fase 3 (7º e 8º ano),0,Destaque: A sua boa entrega das lições de casa.,Melhorar: Empenhar-se mais nas aulas e avaliações.,Melhorar: Integrar-se mais aos Princípios Passos Mágicos.,2022,0,0,0,0,0,0,0,0,0,0,0,0,0,0,0,0,0,0,0,0,0,0,0,0,0,1,3,1,1,1,2,3,2,3,3,3,2,2,2,3,2,2,2,3,3,0
RA-187,3,A,Aluno-187,Rede Decisão,Ametista,7.928,Promovido de Fase + Bolsa,Promovido de Fase,Promovido de Fase,Promovido de Fase + Bolsa,Não atendido,Fase 3 (7º e 8º ano),0,Destaque: A sua boa entrega das lições de casa.,Melhorar: Empenhar-se mais nas aulas e avaliações.,Destaque: A sua boa integração aos Princípios Passos Mágicos.,2022,0,0,0,0,0,0,0,0,0,0,0,0,0,0,0,0,0,0,0,0,0,0,0,0,0,1,2,1,1,1,1,3,3,3,3,2,2,4,1,4,2,2,2,2,3,0
RA-188,3,A,Aluno-188,Escola Pública,Quartzo,5.307,Promovido de Fase + Bolsa,Promovido de Fase + Bolsa,Mantido na Fase atual,Promovido de Fase,Não atendido,Fase 4 (9º ano),-1,Melhorar: Melhorar a sua entrega de lições de casa.,Melhorar: Empenhar-se mais nas aulas e avaliações.,Destaque: A sua boa integração aos Princípios Passos Mágicos.,2022,0,0,0,0,0,0,0,0,0,0,0,0,0,0,0,0,0,0,0,0,0,0,0,0,0,0,3,1,2,2,2,3,1,1,3,1,1,1,1,3,1,2,1,1,1,1
RA-189,3,A,Aluno-189,Rede Decisão,Ametista,7.629,Promovido de Fase + Bolsa,Promovido de Fase,Mantido na Fase atual,Promovido de Fase + Bolsa,Requer avaliação,Fase 4 (9º ano),-1,Destaque: A sua boa entrega das lições de casa.,Melhorar: Empenhar-se mais nas aulas e avaliações.,Melhorar: Integrar-se mais aos Princípios Passos Mágicos.,2022,0,0,0,0,0,0,0,0,0,0,0,0,0,0,0,0,0,0,0,0,0,0,0,0,0,1,3,1,1,1,2,3,5,5,1,4,3,4,2,2,1,2,2,4,4,1
RA-190,3,A,Aluno-190,Escola Pública,Ametista,7.335,Promovido de Fase,Promovido de Fase,Mantido na Fase atual,Mantido na Fase atual,Não atendido,Fase 3 (7º e 8º ano),0,Melhorar: Melhorar a sua entrega de lições de casa.,Melhorar: Empenhar-se mais nas aulas e avaliações.,Melhorar: Integrar-se mais aos Princípios Passos Mágicos.,2022,0,0,0,0,0,0,0,0,0,0,0,0,0,0,0,0,0,0,0,0,0,0,0,0,0,1,3,2,1,1,2,3,1,1,5,3,2,4,1,2,2,2,2,3,1,0
RA-191,3,A,Aluno-191,Rede Decisão,Topázio,8.74,Promovido de Fase + Bolsa,Promovido de Fase,Promovido de Fase,Promovido de Fase + Bolsa,Não atendido,Fase 3 (7º e 8º ano),0,Destaque: A sua boa entrega das lições de casa.,Melhorar: Empenhar-se mais nas aulas e avaliações.,Destaque: A sua boa integração aos Princípios Passos Mágicos.,2022,0,0,0,0,0,0,0,0,0,0,0,0,0,0,0,0,0,0,0,0,0,0,0,0,0,1,3,1,1,1,1,3,5,4,5,4,4,4,1,5,2,2,3,4,3,0
RA-192,3,B,Aluno-192,Escola Pública,Quartzo,4.932,Mantido na Fase atual,Promovido de Fase,Promovido de Fase,Alocado em Fase anterior,Não atendido,Fase 5 (1º EM),-2,Melhorar: Melhorar a sua entrega de lições de casa.,Melhorar: Empenhar-se mais nas aulas e avaliações.,Melhorar: Integrar-se mais aos Princípios Passos Mágicos.,2022,0,0,0,0,0,0,0,0,0,0,0,0,0,0,0,0,0,0,0,0,0,0,0,0,0,0,3,1,2,2,2,3,3,1,3,1,1,1,1,1,1,2,1,1,1,1
RA-193,3,B,Aluno-193,Rede Decisão,Topázio,8.155,Promovido de Fase + Bolsa,Promovido de Fase,Promovido de Fase,Promovido de Fase + Bolsa,Sem limitações,Fase 3 (7º e 8º ano),0,Destaque: A sua boa entrega das lições de casa.,Melhorar: Empenhar-se mais nas aulas e avaliações.,Destaque: A sua boa integração aos Princípios Passos Mágicos.,2022,0,0,0,0,0,0,0,0,0,0,0,0,0,0,0,0,0,0,0,0,0,0,0,0,0,1,2,1,1,1,1,3,4,3,2,3,2,2,2,5,2,2,3,3,4,0
RA-194,3,B,Aluno-194,Escola Pública,Quartzo,4.265,Mantido na Fase atual,Mantido na Fase atual,Mantido na Fase atual,Promovido de Fase,Requer avaliação,Fase 4 (9º ano),-1,Melhorar: Melhorar a sua entrega de lições de casa.,Melhorar: Empenhar-se mais nas aulas e avaliações.,Melhorar: Integrar-se mais aos Princípios Passos Mágicos.,2022,0,0,0,0,0,0,0,0,0,0,0,0,0,0,0,0,0,0,0,0,0,0,0,0,0,0,3,2,2,2,2,3,1,1,1,1,1,2,1,1,1,2,1,1,1,1
RA-195,3,B,Aluno-195,Rede Decisão,Ametista,8.017,Promovido de Fase + Bolsa,Promovido de Fase,Promovido de Fase,Promovido de Fase + Bolsa,Requer avaliação,Fase 3 (7º e 8º ano),0,Destaque: A sua boa entrega das lições de casa.,Melhorar: Empenhar-se mais nas aulas e avaliações.,Destaque: A sua boa integração aos Princípios Passos Mágicos.,2022,0,0,0,0,0,0,0,0,0,0,0,0,0,0,0,0,0,0,0,0,0,0,0,0,0,1,3,1,1,1,1,3,3,4,1,3,3,2,1,4,2,2,2,2,4,0
RA-196,3,B,Aluno-196,Rede Decisão,Topázio,8.124,Promovido de Fase + Bolsa,Promovido de Fase,Promovido de Fase,Promovido de Fase + Bolsa,Não atendido,Fase 3 (7º e 8º ano),0,Destaque: A sua boa entrega das lições de casa.,Melhorar: Empenhar-se mais nas aulas e avaliações.,Destaque: A sua boa integração aos Princípios Passos Mágicos.,2022,0,0,0,0,0,0,0,0,0,0,0,0,0,0,0,0,0,0,0,0,0,0,0,0,0,1,2,1,1,1,1,3,4,4,3,2,1,2,1,5,2,2,3,1,4,0
RA-197,3,B,Aluno-197,Rede Decisão,Topázio,8.218,Promovido de Fase + Bolsa,Promovido de Fase,Promovido de Fase,Promovido de Fase + Bolsa,Requer avaliação,Fase 3 (7º e 8º ano),0,Destaque: A sua boa entrega das lições de casa.,Melhorar: Empenhar-se mais nas aulas e avaliações.,Destaque: A sua boa integração aos Princípios Passos Mágicos.,2022,0,0,0,0,0,0,0,0,0,0,0,0,0,0,0,0,0,0,0,0,0,0,0,0,0,1,3,1,1,1,1,3,3,5,1,4,2,4,2,4,2,2,3,4,1,0
RA-198,3,B,Aluno-198,Escola Pública,Quartzo,5.554,Promovido de Fase,Mantido na Fase atual,Promovido de Fase,Mantido na Fase atual,Requer avaliação,Fase 3 (7º e 8º ano),0,Melhorar: Melhorar a sua entrega de lições de casa.,Melhorar: Empenhar-se mais nas aulas e avaliações.,Melhorar: Integrar-se mais aos Princípios Passos Mágicos.,2022,0,0,0,0,0,0,0,0,0,0,0,0,0,0,0,0,0,0,0,0,0,0,0,0,0,0,3,1,2,2,2,3,1,1,1,1,2,2,1,1,2,2,1,1,4,0
RA-199,3,B,Aluno-199,Escola Pública,Ametista,7.564,Promovido de Fase,Mantido na Fase atual,Promovido de Fase,Promovido de Fase,Não atendido,Fase 3 (7º e 8º ano),0,Melhorar: Melhorar a sua entrega de lições de casa.,Destaque: As suas boas notas na Passos Mágicos.,Melhorar: Integrar-se mais aos Princípios Passos Mágicos.,2022,0,0,0,0,0,0,0,0,0,0,0,0,0,0,0,0,0,0,0,0,0,0,0,0,0,1,3,2,1,1,1,3,2,2,3,4,2,4,2,1,2,2,2,4,1,0
RA-200,3,B,Aluno-200,Escola JP II,Quartzo,5.705,Promovido de Fase,Promovido de Fase,Promovido de Fase,Mantido na Fase atual,Requer avaliação,Fase 5 (1º EM),-2,Melhorar: Melhorar a sua entrega de lições de casa.,Melhorar: Empenhar-se mais nas aulas e avaliações.,Melhorar: Integrar-se mais aos Princípios Passos Mágicos.,2022,0,0,0,0,0,0,0,0,0,0,0,0,0,0,0,0,0,0,0,0,0,0,0,0,0,0,3,1,2,2,2,3,2,1,1,2,2,1,2,1,1,2,1,2,4,1
RA-201,3,B,Aluno-201,Escola Pública,Ametista,7.078,Promovido de Fase,Promovido de Fase,Promovido de Fase,Promovido de Fase,Não atendido,Fase 5 (1º EM),-2,Melhorar: Melhorar a sua entrega de lições de casa.,Melhorar: Empenhar-se mais nas aulas e avaliações.,Destaque: A sua boa integração aos Princípios Passos Mágicos.,2022,0,0,0,0,0,0,0,0,0,0,0,0,0,0,0,0,0,0,0,0,0,0,0,0,0,1,3,1,2,1,2,3,2,2,3,3,2,4,1,3,1,2,2,3,1,1
RA-202,3,B,Aluno-202,Escola Pública,Quartzo,5.201,Promovido de Fase + Bolsa,Promovido de Fase,Promovido de Fase,Mantido na Fase atual,Requer avaliação,Fase 4 (9º ano),-1,Melhorar: Melhorar a sua entrega de lições de casa.,Melhorar: Empenhar-se mais nas aulas e avaliações.,Melhorar: Integrar-se mais aos Princípios Passos Mágicos.,2022,0,0,0,0,0,0,0,0,0,0,0,0,0,0,0,0,0,0,0,0,0,0,0,0,0,0,3,1,2,2,2,3,1,1,1,2,3,2,1,2,1,2,1,2,4,1
RA-203,3,B,Aluno-203,Escola Pública,Quartzo,5.669,Promovido de Fase,Promovido de Fase,Promovido de Fase,Promovido de Fase,Não atendido,Fase 4 (9º ano),-1,Melhorar: Melhorar a sua entrega de lições de casa.,Melhorar: Empenhar-se mais nas aulas e avaliações.,Melhorar: Integrar-se mais aos Princípios Passos Mágicos.,2022,0,0,0,0,0,0,0,0,0,0,0,0,0,0,0,0,0,0,0,0,0,0,0,0,0,0,3,1,2,2,2,3,3,1,3,1,1,1,1,2,1,2,1,1,1,1
RA-204,3,B,Aluno-204,Escola Pública,Ágata,6.943,Mantido na Fase atual,Mantido na Fase atual,Promovido de Fase,Promovido de Fase,Requer avaliação,Fase 3 (7º e 8º ano),0,Melhorar: Melhorar a sua entrega de lições de casa.,Melhorar: Empenhar-se mais nas aulas e avaliações.,Melhorar: Integrar-se mais aos Princípios Passos Mágicos.,2022,0,0,0,0,0,0,0,0,0,0,0,0,0,0,0,0,0,0,0,0,0,0,0,0,0,0,3,1,2,1,2,3,2,1,1,4,2,5,2,1,2,2,1,4,3,0
RA-205,3,B,Aluno-205,Escola Pública,Quartzo,5.372,Promovido de Fase,Promovido de Fase,Promovido de Fase,Alocado em Fase anterior,Não atendido,Fase 4 (9º ano),-1,Melhorar: Melhorar a sua entrega de lições de casa.,Melhorar: Empenhar-se mais nas aulas e avaliações.,Melhorar: Integrar-se mais aos Princípios Passos Mágicos.,2022,0,0,0,0,0,0,0,0,0,0,0,0,0,0,0,0,0,0,0,0,0,0,0,0,0,0,3,1,2,2,2,3,5,1,3,1,2,1,1,1,1,2,1,1,2,1
RA-206,3,B,Aluno-206,Escola Pública,Ametista,7.101,Mantido na Fase atual,Mantido na Fase atual,Mantido na Fase atual,Mantido na Fase atual,Não atendido,Fase 3 (7º e 8º ano),0,Destaque: A sua boa entrega das lições de casa.,Melhorar: Empenhar-se mais nas aulas e avaliações.,Melhorar: Integrar-se mais aos Princípios Passos Mágicos.,2022,0,0,0,0,0,0,0,0,0,0,0,0,0,0,0,0,0,0,0,0,0,0,0,0,0,1,2,2,2,1,1,3,2,3,3,2,1,2,1,1,2,2,2,2,1,0
RA-207,3,C,Aluno-207,Escola Pública,Quartzo,4.936,Promovido de Fase,Mantido na Fase atual,Promovido de Fase,Mantido na Fase atual,Não atendido,Fase 6 (2º EM),-3,Melhorar: Melhorar a sua entrega de lições de casa.,Melhorar: Empenhar-se mais nas aulas e avaliações.,Melhorar: Integrar-se mais aos Princípios Passos Mágicos.,2022,0,0,0,0,0,0,0,0,0,0,0,0,0,0,0,0,0,0,0,0,0,0,0,0,0,0,4,1,2,2,1,3,1,1,3,2,2,1,2,1,1,2,1,2,1,1
RA-208,3,C,Aluno-208,Escola Pública,Ágata,6.667,Promovido de Fase,Promovido de Fase,Promovido de Fase,Mantido na Fase atual,Não atendido,Fase 4 (9º ano),-1,Melhorar: Melhorar a sua entrega de lições de casa.,Melhorar: Empenhar-se mais nas aulas e avaliações.,Melhorar: Integrar-se mais aos Princípios Passos Mágicos.,2022,0,0,0,0,0,0,0,0,0,0,0,0,0,0,0,0,0,0,0,0,0,0,0,0,0,0,3,1,2,2,1,3,1,2,3,2,2,4,1,1,1,2,1,2,4,1
RA-209,3,C,Aluno-209,Escola Pública,Quartzo,4.499,Promovido de Fase,Mantido na Fase atual,Promovido de Fase,Alocado em Fase anterior,Requer avaliação,Fase 4 (9º ano),-1,Melhorar: Melhorar a sua entrega de lições de casa.,Melhorar: Empenhar-se mais nas aulas e avaliações.,Melhorar: Integrar-se mais aos Princípios Passos Mágicos.,2022,0,0,0,0,0,0,0,0,0,0,0,0,0,0,0,0,0,0,0,0,0,0,0,0,0,0,3,1,2,2,2,3,1,1,2,2,2,2,2,1,1,2,1,2,3,1
RA-210,3,C,Aluno-210,Escola Pública,Quartzo,4.44,Mantido na Fase atual,Mantido na Fase atual,Promovido de Fase,Alocado em Fase anterior,Não atendido,Fase 4 (9º ano),-1,Melhorar: Melhorar a sua entrega de lições de casa.,Melhorar: Empenhar-se mais nas aulas e avaliações.,Melhorar: Integrar-se mais aos Princípios Passos Mágicos.,2022,0,0,0,0,0,0,0,0,0,0,0,0,0,0,0,0,0,0,0,0,0,0,0,0,0,0,3,2,2,2,2,3,1,1,3,1,1,2,1,1,1,2,1,1,1,1
RA-211,3,C,Aluno-211,Escola Pública,Topázio,8.465,Promovido de Fase + Bolsa,Promovido de Fase + Bolsa,Promovido de Fase,Promovido de Fase + Bolsa,Não atendido,Fase 3 (7º e 8º ano),0,Destaque: A sua boa entrega das lições de casa.,Destaque: As suas boas notas na Passos Mágicos.,Destaque: A sua boa integração aos Princípios Passos Mágicos.,2022,0,0,0,0,0,0,0,0,0,0,0,0,0,0,0,0,0,0,0,0,0,0,0,0,0,1,3,1,1,1,1,3,4,3,3,4,3,4,2,5,2,2,3,4,1,0
RA-212,3,C,Aluno-212,Escola Pública,Ametista,7.268,Promovido de Fase,Mantido na Fase atual,Promovido de Fase,Mantido na Fase atual,Não atendido,Fase 4 (9º ano),-1,Destaque: A sua boa entrega das lições de casa.,Melhorar: Empenhar-se mais nas aulas e avaliações.,Melhorar: Integrar-se mais aos Princípios Passos Mágicos.,2022,0,0,0,0,0,0,0,0,0,0,0,0,0,0,0,0,0,0,0,0,0,0,0,0,0,1,3,2,1,1,1,3,5,3,3,2,2,2,2,2,1,2,2,2,1,1
RA-213,3,C,Aluno-213,Escola Pública,Ametista,7.209,Mantido na Fase atual,Mantido na Fase atual,Mantido na Fase atual,Mantido na Fase atual,Não atendido,Fase 3 (7º e 8º ano),0,Destaque: A sua boa entrega das lições de casa.,Melhorar: Empenhar-se mais nas aulas e avaliações.,Melhorar: Integrar-se mais aos Princípios Passos Mágicos.,2022,0,0,0,0,0,0,0,0,0,0,0,0,0,0,0,0,0,0,0,0,0,0,0,0,0,1,3,2,1,1,1,3,5,3,3,1,2,1,1,1,2,2,2,1,1,0
RA-214,3,C,Aluno-214,Escola Pública,Quartzo,4.87,Promovido de Fase,Mantido na Fase atual,Mantido na Fase atual,Alocado em Fase anterior,Não atendido,Fase 5 (1º EM),-2,Melhorar: Melhorar a sua entrega de lições de casa.,Melhorar: Empenhar-se mais nas aulas e avaliações.,Melhorar: Integrar-se mais aos Princípios Passos Mágicos.,2022,0,0,0,0,0,0,0,0,0,0,0,0,0,0,0,0,0,0,0,0,0,0,0,0,0,0,3,2,2,2,1,3,1,1,3,1,2,1,1,1,1,2,1,1,1,1
RA-215,3,D,Aluno-215,Escola Pública,Ametista,7.172,Promovido de Fase,Mantido na Fase atual,Promovido de Fase,Promovido de Fase,Não atendido,Fase 3 (7º e 8º ano),0,Melhorar: Melhorar a sua entrega de lições de casa.,Destaque: As suas boas notas na Passos Mágicos.,Melhorar: Integrar-se mais aos Princípios Passos Mágicos.,2022,0,0,0,0,0,0,0,0,0,0,0,0,0,0,0,0,0,0,0,0,0,0,0,0,0,1,3,1,2,1,1,3,1,1,3,4,2,4,2,1,2,2,2,5,1,0
RA-216,3,D,Aluno-216,Escola Pública,Ametista,7.502,Promovido de Fase,Mantido na Fase atual,Promovido de Fase,Promovido de Fase,Não atendido,Fase 3 (7º e 8º ano),0,Destaque: A sua boa entrega das lições de casa.,Melhorar: Empenhar-se mais nas aulas e avaliações.,Melhorar: Integrar-se mais aos Princípios Passos Mágicos.,2022,0,0,0,0,0,0,0,0,0,0,0,0,0,0,0,0,0,0,0,0,0,0,0,0,0,1,3,1,1,1,1,3,2,3,3,3,2,3,2,1,2,2,2,4,4,0
RA-217,3,D,Aluno-217,Escola Pública,Ametista,7.397,Promovido de Fase,Mantido na Fase atual,Promovido de Fase,Promovido de Fase + Bolsa,Não atendido,Fase 5 (1º EM),-2,Destaque: A sua boa entrega das lições de casa.,Melhorar: Empenhar-se mais nas aulas e avaliações.,Melhorar: Integrar-se mais aos Princípios Passos Mágicos.,2022,0,0,0,0,0,0,0,0,0,0,0,0,0,0,0,0,0,0,0,0,0,0,0,0,0,1,3,1,1,1,1,3,2,3,3,4,3,4,2,2,1,2,2,4,1,1
RA-218,3,D,Aluno-218,Escola Pública,Ágata,6.1,Promovido de Fase,Mantido na Fase atual,Promovido de Fase,Mantido na Fase atual,Não atendido,Fase 4 (9º ano),-1,Melhorar: Melhorar a sua entrega de lições de casa.,Melhorar: Empenhar-se mais nas aulas e avaliações.,Melhorar: Integrar-se mais aos Princípios Passos Mágicos.,2022,0,0,0,0,0,0,0,0,0,0,0,0,0,0,0,0,0,0,0,0,0,0,0,0,0,0,3,2,2,2,1,3,1,2,3,1,2,3,1,1,1,2,1,1,1,1
RA-219,3,D,Aluno-219,Escola Pública,Quartzo,5.942,Promovido de Fase,Mantido na Fase atual,Promovido de Fase,Mantido na Fase atual,Não atendido,Fase 6 (2º EM),-3,Melhorar: Melhorar a sua entrega de lições de casa.,Melhorar: Empenhar-se mais nas aulas e avaliações.,Melhorar: Integrar-se mais aos Princípios Passos Mágicos.,2022,0,0,0,0,0,0,0,0,0,0,0,0,0,0,0,0,0,0,0,0,0,0,0,0,0,0,4,1,2,2,2,3,3,1,3,1,1,1,1,1,1,2,1,1,3,1
RA-220,3,D,Aluno-220,Escola Pública,Ágata,7.028,Promovido de Fase + Bolsa,Mantido na Fase atual,Mantido na Fase atual,Mantido na Fase atual,Não atendido,Fase 3 (7º e 8º ano),0,Destaque: A sua boa entrega das lições de casa.,Melhorar: Empenhar-se mais nas aulas e avaliações.,Destaque: A sua boa integração aos Princípios Passos Mágicos.,2022,0,0,0,0,0,0,0,0,0,0,0,0,0,0,0,0,0,0,0,0,0,0,0,0,0,1,3,2,2,1,1,3,1,2,3,3,3,3,1,4,2,2,1,3,1,0
RA-221,3,D,Aluno-221,Escola Pública,Ágata,6.892,Mantido na Fase atual,Mantido na Fase atual,Mantido na Fase atual,Mantido na Fase atual,Não atendido,Fase 4 (9º ano),-1,Destaque: A sua boa entrega das lições de casa.,Melhorar: Empenhar-se mais nas aulas e avaliações.,Melhorar: Integrar-se mais aos Princípios Passos Mágicos.,2022,0,0,0,0,0,0,0,0,0,0,0,0,0,0,0,0,0,0,0,0,0,0,0,0,0,0,3,2,2,2,1,3,5,3,3,2,4,1,1,1,1,2,1,1,1,1
RA-222,3,D,Aluno-222,Escola Pública,Quartzo,5.604,Promovido de Fase,Mantido na Fase atual,Promovido de Fase,Alocado em Fase anterior,Não atendido,Fase 5 (1º EM),-2,Melhorar: Melhorar a sua entrega de lições de casa.,Melhorar: Empenhar-se mais nas aulas e avaliações.,Melhorar: Integrar-se mais aos Princípios Passos Mágicos.,2022,0,0,0,0,0,0,0,0,0,0,0,0,0,0,0,0,0,0,0,0,0,0,0,0,0,0,3,1,2,2,2,3,1,1,3,2,2,4,1,1,1,2,1,2,3,1
RA-223,3,E,Aluno-223,Escola Pública,Quartzo,4.966,Promovido de Fase,Mantido na Fase atual,Mantido na Fase atual,Alocado em Fase anterior,Não atendido,Fase 3 (7º e 8º ano),0,Melhorar: Melhorar a sua entrega de lições de casa.,Melhorar: Empenhar-se mais nas aulas e avaliações.,Melhorar: Integrar-se mais aos Princípios Passos Mágicos.,2022,0,0,0,0,0,0,0,0,0,0,0,0,0,0,0,0,0,0,0,0,0,0,0,0,0,0,3,2,2,2,2,3,1,1,3,1,1,1,1,1,2,2,1,1,1,0
RA-224,3,E,Aluno-224,Escola Pública,Quartzo,5.671,Promovido de Fase,Mantido na Fase atual,Promovido de Fase,Alocado em Fase anterior,Não atendido,Fase 3 (7º e 8º ano),0,Melhorar: Melhorar a sua entrega de lições de casa.,Melhorar: Empenhar-se mais nas aulas e avaliações.,Melhorar: Integrar-se mais aos Princípios Passos Mágicos.,2022,0,0,0,0,0,0,0,0,0,0,0,0,0,0,0,0,0,0,0,0,0,0,0,0,0,0,3,1,2,2,2,3,5,1,3,1,2,1,1,1,2,2,1,1,1,0
RA-225,3,E,Aluno-225,Escola Pública,Quartzo,5.918,Mantido na Fase atual,Mantido na Fase atual,Mantido na Fase atual,Alocado em Fase anterior,Não atendido,Fase 4 (9º ano),-1,Melhorar: Melhorar a sua entrega de lições de casa.,Melhorar: Empenhar-se mais nas aulas e avaliações.,Melhorar: Integrar-se mais aos Princípios Passos Mágicos.,2022,0,0,0,0,0,0,0,0,0,0,0,0,0,0,0,0,0,0,0,0,0,0,0,0,0,0,3,2,2,2,2,3,2,1,3,2,1,3,1,1,1,2,1,2,1,1
RA-226,3,E,Aluno-226,Escola Pública,Ágata,6.549,Promovido de Fase,Mantido na Fase atual,Mantido na Fase atual,Mantido na Fase atual,Não atendido,Fase 4 (9º ano),-1,Melhorar: Melhorar a sua entrega de lições de casa.,Melhorar: Empenhar-se mais nas aulas e avaliações.,Melhorar: Integrar-se mais aos Princípios Passos Mágicos.,2022,0,0,0,0,0,0,0,0,0,0,0,0,0,0,0,0,0,0,0,0,0,0,0,0,0,0,3,2,2,2,1,3,1,1,3,3,4,3,1,1,1,2,1,3,1,1
RA-227,3,E,Aluno-227,Escola Pública,Ágata,6.471,Promovido de Fase,Mantido na Fase atual,Mantido na Fase atual,Mantido na Fase atual,Não atendido,Fase 3 (7º e 8º ano),0,Melhorar: Melhorar a sua entrega de lições de casa.,Melhorar: Empenhar-se mais nas aulas e avaliações.,Melhorar: Integrar-se mais aos Princípios Passos Mágicos.,2022,0,0,0,0,0,0,0,0,0,0,0,0,0,0,0,0,0,0,0,0,0,0,0,0,0,0,2,2,2,2,1,3,4,1,3,1,2,1,1,1,2,2,1,1,1,0
RA-228,3,E,Aluno-228,Escola Pública,Ágata,6.196,Promovido de Fase,Mantido na Fase atual,Mantido na Fase atual,Mantido na Fase atual,Não atendido,Fase 5 (1º EM),-2,Melhorar: Melhorar a sua entrega de lições de casa.,Melhorar: Empenhar-se mais nas aulas e avaliações.,Melhorar: Integrar-se mais aos Princípios Passos Mágicos.,2022,0,0,0,0,0,0,0,0,0,0,0,0,0,0,0,0,0,0,0,0,0,0,0,0,0,0,3,1,2,2,2,3,1,1,3,1,1,2,1,1,1,2,1,1,4,1
RA-229,3,E,Aluno-229,Escola Pública,Topázio,8.62,Promovido de Fase + Bolsa,Promovido de Fase + Bolsa,Promovido de Fase + Bolsa,Mantido na Fase atual,Não atendido,Fase 3 (7º e 8º ano),0,Destaque: A sua boa entrega das lições de casa.,Melhorar: Empenhar-se mais nas aulas e avaliações.,Destaque: A sua boa integração aos Princípios Passos Mágicos.,2022,0,0,0,0,0,0,0,0,0,0,0,0,0,0,0,0,0,0,0,0,0,0,0,0,0,1,2,2,1,1,1,3,5,4,3,3,4,3,2,5,2,2,3,4,1,0
RA-230,3,E,Aluno-230,Escola Pública,Ágata,6.328,Promovido de Fase,Mantido na Fase atual,Mantido na Fase atual,Mantido na Fase + Bolsa,Não atendido,Fase 4 (9º ano),-1,Melhorar: Melhorar a sua entrega de lições de casa.,Melhorar: Empenhar-se mais nas aulas e avaliações.,Melhorar: Integrar-se mais aos Princípios Passos Mágicos.,2022,0,0,0,0,0,0,0,0,0,0,0,0,0,0,0,0,0,0,0,0,0,0,0,0,0,0,3,2,2,2,1,3,2,1,3,2,1,1,2,1,1,2,1,2,1,1
RA-231,3,E,Aluno-231,Escola Pública,Ágata,6.116,Mantido na Fase atual,Mantido na Fase atual,Mantido na Fase atual,Mantido na Fase atual,Não atendido,Fase 4 (9º ano),-1,Melhorar: Melhorar a sua entrega de lições de casa.,Melhorar: Empenhar-se mais nas aulas e avaliações.,Melhorar: Integrar-se mais aos Princípios Passos Mágicos.,2022,0,0,0,0,0,0,0,0,0,0,0,0,0,0,0,0,0,0,0,0,0,0,0,0,0,0,3,2,2,2,2,3,3,2,3,1,1,1,1,1,1,2,1,1,1,1
RA-232,3,E,Aluno-232,Escola Pública,Quartzo,4.245,Mantido na Fase atual,Mantido na Fase atual,Mantido na Fase atual,Alocado em Fase anterior,Não atendido,Fase 3 (7º e 8º ano),0,Melhorar: Melhorar a sua entrega de lições de casa.,Melhorar: Empenhar-se mais nas aulas e avaliações.,Melhorar: Integrar-se mais aos Princípios Passos Mágicos.,2022,0,0,0,0,0,0,0,0,0,0,0,0,0,0,0,0,0,0,0,0,0,0,0,0,0,0,2,2,2,2,2,3,1,1,3,1,1,1,1,1,2,2,1,1,1,0
RA-233,3,E,Aluno-233,Escola Pública,Ágata,6.051,Mantido na Fase atual,Mantido na Fase atual,Mantido na Fase atual,Mantido na Fase atual,Não atendido,Fase 4 (9º ano),-1,Melhorar: Melhorar a sua entrega de lições de casa.,Melhorar: Empenhar-se mais nas aulas e avaliações.,Melhorar: Integrar-se mais aos Princípios Passos Mágicos.,2022,0,0,0,0,0,0,0,0,0,0,0,0,0,0,0,0,0,0,0,0,0,0,0,0,0,0,3,2,2,2,2,3,2,2,3,1,1,1,1,1,1,2,1,1,1,1
RA-234,3,E,Aluno-234,Escola Pública,Ágata,6.719,Mantido na Fase atual,Mantido na Fase atual,Mantido na Fase atual,Mantido na Fase atual,Sem limitações,Fase 3 (7º e 8º ano),0,Destaque: A sua boa entrega das lições de casa.,Melhorar: Empenhar-se mais nas aulas e avaliações.,Melhorar: Integrar-se mais aos Princípios Passos Mágicos.,2022,0,0,0,0,0,0,0,0,0,0,0,0,0,0,0,0,0,0,0,0,0,0,0,0,0,0,3,2,2,2,1,3,5,2,2,1,1,2,1,1,2,2,1,1,1,0
RA-235,3,E,Aluno-235,Escola Pública,Ágata,6.79,Promovido de Fase,Mantido na Fase atual,Mantido na Fase atual,Mantido na Fase atual,Não atendido,Fase 4 (9º ano),-1,Melhorar: Melhorar a sua entrega de lições de casa.,Melhorar: Empenhar-se mais nas aulas e avaliações.,Melhorar: Integrar-se mais aos Princípios Passos Mágicos.,2022,0,0,0,0,0,0,0,0,0,0,0,0,0,0,0,0,0,0,0,0,0,0,0,0,0,0,3,2,2,2,1,3,2,2,3,3,4,2,1,1,1,2,1,3,1,1
RA-236,3,F,Aluno-236,Escola Pública,Ametista,7.11,Mantido na Fase atual,Mantido na Fase atual,Mantido na Fase atual,Promovido de Fase,Não atendido,Fase 3 (7º e 8º ano),0,Melhorar: Melhorar a sua entrega de lições de casa.,Melhorar: Empenhar-se mais nas aulas e avaliações.,Melhorar: Integrar-se mais aos Princípios Passos Mágicos.,2022,0,0,0,0,0,0,0,0,0,0,0,0,0,0,0,0,0,0,0,0,0,0,0,0,0,1,2,2,2,1,2,3,5,2,3,1,1,1,1,2,2,2,2,1,1,0
RA-237,3,F,Aluno-237,Escola Pública,Topázio,8.084,Promovido de Fase + Bolsa,Promovido de Fase + Bolsa,Promovido de Fase + Bolsa,Promovido de Fase,Não atendido,Fase 4 (9º ano),-1,Destaque: A sua boa entrega das lições de casa.,Destaque: As suas boas notas na Passos Mágicos.,Destaque: A sua boa integração aos Princípios Passos Mágicos.,2022,0,0,0,0,0,0,0,0,0,0,0,0,0,0,0,0,0,0,0,0,0,0,0,0,0,1,3,2,1,1,1,3,5,4,3,4,3,4,2,5,1,2,3,5,1,1
RA-238,3,F,Aluno-238,Escola Pública,Ágata,6.331,Promovido de Fase,Mantido na Fase atual,Promovido de Fase,Promovido de Fase,Requer avaliação,Fase 4 (9º ano),-1,Melhorar: Melhorar a sua entrega de lições de casa.,Melhorar: Empenhar-se mais nas aulas e avaliações.,Melhorar: Integrar-se mais aos Princípios Passos Mágicos.,2022,0,0,0,0,0,0,0,0,0,0,0,0,0,0,0,0,0,0,0,0,0,0,0,0,0,0,3,1,2,2,2,3,3,1,1,2,1,3,1,2,1,2,1,1,1,1
RA-239,3,F,Aluno-239,Escola Pública,Quartzo,4.572,Mantido na Fase atual,Mantido na Fase atual,Promovido de Fase,Mantido na Fase atual,Não atendido,Fase 5 (1º EM),-2,Melhorar: Melhorar a sua entrega de lições de casa.,Melhorar: Empenhar-se mais nas aulas e avaliações.,Melhorar: Integrar-se mais aos Princípios Passos Mágicos.,2022,0,0,0,0,0,0,0,0,0,0,0,0,0,0,0,0,0,0,0,0,0,0,0,0,0,0,3,1,2,2,2,3,1,1,3,1,1,1,1,1,1,2,1,1,1,1
RA-240,3,F,Aluno-240,Rede Decisão,Ágata,6.943,Promovido de Fase + Bolsa,Mantido na Fase atual,Promovido de Fase,Mantido na Fase atual,Requer avaliação,Fase 3 (7º e 8º ano),0,Destaque: A sua boa entrega das lições de casa.,Melhorar: Empenhar-se mais nas aulas e avaliações.,Melhorar: Integrar-se mais aos Princípios Passos Mágicos.,2022,0,0,0,0,0,0,0,0,0,0,0,0,0,0,0,0,0,0,0,0,0,0,0,0,0,0,3,1,2,1,2,3,1,2,1,1,3,1,1,2,2,2,1,1,4,0
RA-241,3,F,Aluno-241,Rede Decisão,Topázio,8.468,Promovido de Fase + Bolsa,Mantido na Fase atual,Promovido de Fase,Promovido de Fase + Bolsa,Não atendido,Fase 4 (9º ano),-1,Destaque: A sua boa entrega das lições de casa.,Destaque: As suas boas notas na Passos Mágicos.,Destaque: A sua boa integração aos Princípios Passos Mágicos.,2022,0,0,0,0,0,0,0,0,0,0,0,0,0,0,0,0,0,0,0,0,0,0,0,0,0,1,3,1,1,1,1,3,5,5,3,4,4,4,2,5,1,2,3,4,4,1
RA-242,3,F,Aluno-242,Rede Decisão,Topázio,8.673,Promovido de Fase + Bolsa,Mantido na Fase atual,Promovido de Fase,Promovido de Fase,Requer avaliação,Fase 3 (7º e 8º ano),0,Destaque: A sua boa entrega das lições de casa.,Destaque: As suas boas notas na Passos Mágicos.,Destaque: A sua boa integração aos Princípios Passos Mágicos.,2022,0,0,0,0,0,0,0,0,0,0,0,0,0,0,0,0,0,0,0,0,0,0,0,0,0,1,3,1,1,1,1,3,5,5,2,5,5,4,2,5,2,2,3,5,4,0
RA-243,3,F,Aluno-243,Escola Pública,Ágata,6.982,Promovido de Fase,Mantido na Fase atual,Promovido de Fase,Promovido de Fase,Requer avaliação,Fase 5 (1º EM),-2,Destaque: A sua boa entrega das lições de casa.,Melhorar: Empenhar-se mais nas aulas e avaliações.,Destaque: A sua boa integração aos Princípios Passos Mágicos.,2022,0,0,0,0,0,0,0,0,0,0,0,0,0,0,0,0,0,0,0,0,0,0,0,0,0,0,3,2,2,1,2,3,1,3,1,2,2,2,2,4,1,2,1,2,1,1
RA-244,3,F,Aluno-244,Rede Decisão,Topázio,8.51,Promovido de Fase + Bolsa,Mantido na Fase atual,Promovido de Fase,Promovido de Fase + Bolsa,Requer avaliação,Fase 3 (7º e 8º ano),0,Destaque: A sua boa entrega das lições de casa.,Destaque: As suas boas notas na Passos Mágicos.,Destaque: A sua boa integração aos Princípios Passos Mágicos.,2022,0,0,0,0,0,0,0,0,0,0,0,0,0,0,0,0,0,0,0,0,0,0,0,0,0,1,2,1,1,1,1,3,1,4,2,4,3,4,2,5,2,2,3,5,4,0
RA-245,3,F,Aluno-245,Rede Decisão,Topázio,8.656,Promovido de Fase + Bolsa,Mantido na Fase atual,Promovido de Fase,Promovido de Fase + Bolsa,Não atendido,Fase 4 (9º ano),-1,Destaque: A sua boa entrega das lições de casa.,Destaque: As suas boas notas na Passos Mágicos.,Destaque: A sua boa integração aos Princípios Passos Mágicos.,2022,0,0,0,0,0,0,0,0,0,0,0,0,0,0,0,0,0,0,0,0,0,0,0,0,0,1,3,1,1,1,1,3,5,5,3,5,5,4,2,5,1,2,3,5,4,1
RA-246,3,F,Aluno-246,Escola Pública,Topázio,8.639,Promovido de Fase + Bolsa,Mantido na Fase atual,Promovido de Fase,Promovido de Fase + Bolsa,Não atendido,Fase 3 (7º e 8º ano),0,Destaque: A sua boa entrega das lições de casa.,Destaque: As suas boas notas na Passos Mágicos.,Destaque: A sua boa integração aos Princípios Passos Mágicos.,2022,0,0,0,0,0,0,0,0,0,0,0,0,0,0,0,0,0,0,0,0,0,0,0,0,0,1,3,2,1,1,1,3,2,4,3,4,4,3,2,5,2,2,3,4,1,0
RA-247,3,F,Aluno-247,Escola Pública,Ametista,7.72,Promovido de Fase + Bolsa,Mantido na Fase atual,Promovido de Fase,Promovido de Fase,Não atendido,Fase 3 (7º e 8º ano),0,Destaque: A sua boa entrega das lições de casa.,Melhorar: Empenhar-se mais nas aulas e avaliações.,Destaque: A sua boa integração aos Princípios Passos Mágicos.,2022,0,0,0,0,0,0,0,0,0,0,0,0,0,0,0,0,0,0,0,0,0,0,0,0,0,1,3,1,1,1,2,3,2,2,3,2,2,2,1,4,2,2,2,2,1,0
RA-248,3,F,Aluno-248,Escola Pública,Ametista,7.429,Mantido na Fase atual,Mantido na Fase atual,Mantido na Fase atual,Promovido de Fase,Não atendido,Fase 3 (7º e 8º ano),0,Destaque: A sua boa entrega das lições de casa.,Melhorar: Empenhar-se mais nas aulas e avaliações.,Melhorar: Integrar-se mais aos Princípios Passos Mágicos.,2022,0,0,0,0,0,0,0,0,0,0,0,0,0,0,0,0,0,0,0,0,0,0,0,0,0,1,3,2,1,1,2,3,4,2,3,2,1,2,1,2,2,2,2,1,1,0
RA-249,3,G,Aluno-249,Escola Pública,Quartzo,5.097,Promovido de Fase,Mantido na Fase atual,Mantido na Fase atual,Alocado em Fase anterior,Não atendido,Fase 4 (9º ano),-1,Melhorar: Melhorar a sua entrega de lições de casa.,Melhorar: Empenhar-se mais nas aulas e avaliações.,Melhorar: Integrar-se mais aos Princípios Passos Mágicos.,2022,0,0,0,0,0,0,0,0,0,0,0,0,0,0,0,0,0,0,0,0,0,0,0,0,0,0,3,1,2,2,2,3,1,2,1,1,1,1,1,1,1,2,1,1,4,1
RA-250,3,G,Aluno-250,Escola Pública,Ametista,7.958,Promovido de Fase + Bolsa,Mantido na Fase atual,Mantido na Fase atual,Mantido na Fase atual,Não atendido,Fase 3 (7º e 8º ano),0,Destaque: A sua boa entrega das lições de casa.,Melhorar: Empenhar-se mais nas aulas e avaliações.,Destaque: A sua boa integração aos Princípios Passos Mágicos.,2022,0,0,0,0,0,0,0,0,0,0,0,0,0,0,0,0,0,0,0,0,0,0,0,0,0,1,2,2,1,1,1,3,2,3,3,3,3,3,1,3,2,2,2,3,1,0
RA-251,3,G,Aluno-251,Escola Pública,Ágata,7.022,Promovido de Fase,Mantido na Fase atual,Promovido de Fase,Mantido na Fase atual,Sem limitações,Fase 5 (1º EM),-2,Destaque: A sua boa entrega das lições de casa.,Melhorar: Empenhar-se mais nas aulas e avaliações.,Melhorar: Integrar-se mais aos Princípios Passos Mágicos.,2022,0,0,0,0,0,0,0,0,0,0,0,0,0,0,0,0,0,0,0,0,0,0,0,0,0,1,3,1,2,1,1,3,5,2,2,3,2,2,2,1,1,2,1,2,4,1
RA-252,3,G,Aluno-252,Escola Pública,Quartzo,4.277,Mantido na Fase atual,Mantido na Fase atual,Mantido na Fase atual,Alocado em Fase anterior,Não atendido,Fase 4 (9º ano),-1,Melhorar: Melhorar a sua entrega de lições de casa.,Melhorar: Empenhar-se mais nas aulas e avaliações.,Melhorar: Integrar-se mais aos Princípios Passos Mágicos.,2022,0,0,0,0,0,0,0,0,0,0,0,0,0,0,0,0,0,0,0,0,0,0,0,0,0,0,3,1,2,2,2,3,4,1,3,1,1,1,1,1,1,2,1,1,4,1
RA-253,3,G,Aluno-253,Escola Pública,Quartzo,4.312,Mantido na Fase atual,Mantido na Fase atual,Mantido na Fase atual,Alocado em Fase anterior,Requer avaliação,Fase 5 (1º EM),-2,Melhorar: Melhorar a sua entrega de lições de casa.,Melhorar: Empenhar-se mais nas aulas e avaliações.,Melhorar: Integrar-se mais aos Princípios Passos Mágicos.,2022,0,0,0,0,0,0,0,0,0,0,0,0,0,0,0,0,0,0,0,0,0,0,0,0,0,0,3,1,2,2,2,3,4,1,1,1,1,1,1,1,1,2,1,1,3,1
RA-254,3,G,Aluno-254,Escola Pública,Ágata,6.715,Promovido de Fase,Mantido na Fase atual,Promovido de Fase,Mantido na Fase atual,Requer avaliação,Fase 4 (9º ano),-1,Melhorar: Melhorar a sua entrega de lições de casa.,Melhorar: Empenhar-se mais nas aulas e avaliações.,Melhorar: Integrar-se mais aos Princípios Passos Mágicos.,2022,0,0,0,0,0,0,0,0,0,0,0,0,0,0,0,0,0,0,0,0,0,0,0,0,0,0,3,1,2,2,2,3,5,2,2,2,2,3,1,2,1,2,1,2,3,1
RA-255,3,G,Aluno-255,Escola Pública,Quartzo,4.563,Mantido na Fase atual,Mantido na Fase atual,Mantido na Fase atual,Mantido na Fase atual,Não indicado,Fase 4 (9º ano),-1,Melhorar: Melhorar a sua entrega de lições de casa.,Melhorar: Empenhar-se mais nas aulas e avaliações.,Melhorar: Integrar-se mais aos Princípios Passos Mágicos.,2022,0,0,0,0,0,0,0,0,0,0,0,0,0,0,0,0,0,0,0,0,0,0,0,0,0,0,3,1,2,2,2,3,1,1,1,1,1,1,1,1,1,2,1,1,3,1
RA-256,3,G,Aluno-256,Escola Pública,Ametista,7.192,Promovido de Fase,Mantido na Fase atual,Promovido de Fase,Mantido na Fase atual,Requer avaliação,Fase 3 (7º e 8º ano),0,Destaque: A sua boa entrega das lições de casa.,Melhorar: Empenhar-se mais nas aulas e avaliações.,Melhorar: Integrar-se mais aos Princípios Passos Mágicos.,2022,0,0,0,0,0,0,0,0,0,0,0,0,0,0,0,0,0,0,0,0,0,0,0,0,0,1,2,1,2,1,1,3,3,3,1,2,2,3,1,1,2,2,2,1,3,0
RA-257,3,G,Aluno-257,Escola Pública,Quartzo,5.149,Promovido de Fase,Mantido na Fase atual,Promovido de Fase,Mantido na Fase atual,Requer avaliação,Fase 4 (9º ano),-1,Melhorar: Melhorar a sua entrega de lições de casa.,Melhorar: Empenhar-se mais nas aulas e avaliações.,Melhorar: Integrar-se mais aos Princípios Passos Mágicos.,2022,0,0,0,0,0,0,0,0,0,0,0,0,0,0,0,0,0,0,0,0,0,0,0,0,0,0,3,1,2,2,2,3,1,1,2,1,1,2,1,1,1,2,1,1,4,1
RA-258,3,G,Aluno-258,Escola Pública,Ágata,6.926,Mantido na Fase atual,Mantido na Fase atual,Promovido de Fase,Mantido na Fase atual,Sem limitações,Fase 3 (7º e 8º ano),0,Melhorar: Melhorar a sua entrega de lições de casa.,Melhorar: Empenhar-se mais nas aulas e avaliações.,Melhorar: Integrar-se mais aos Princípios Passos Mágicos.,2022,0,0,0,0,0,0,0,0,0,0,0,0,0,0,0,0,0,0,0,0,0,0,0,0,0,0,2,1,2,1,1,3,5,2,2,1,1,2,1,1,2,2,1,1,4,0
RA-259,3,G,Aluno-259,Escola Pública,Quartzo,4.182,Mantido na Fase atual,Mantido na Fase atual,Promovido de Fase,Alocado em Fase anterior,Não atendido,Fase 6 (2º EM),-3,Melhorar: Melhorar a sua entrega de lições de casa.,Melhorar: Empenhar-se mais nas aulas e avaliações.,Melhorar: Integrar-se mais aos Princípios Passos Mágicos.,2022,0,0,0,0,0,0,0,0,0,0,0,0,0,0,0,0,0,0,0,0,0,0,0,0,0,0,4,1,2,2,2,3,3,1,3,1,1,1,1,1,1,2,1,1,4,1
RA-260,3,G,Aluno-260,Escola Pública,Ametista,7.44,Mantido na Fase atual,Mantido na Fase atual,Mantido na Fase atual,Mantido na Fase atual,Não atendido,Fase 3 (7º e 8º ano),0,Destaque: A sua boa entrega das lições de casa.,Melhorar: Empenhar-se mais nas aulas e avaliações.,Melhorar: Integrar-se mais aos Princípios Passos Mágicos.,2022,0,0,0,0,0,0,0,0,0,0,0,0,0,0,0,0,0,0,0,0,0,0,0,0,0,1,3,1,1,1,1,3,5,2,3,2,2,2,1,1,2,2,2,1,3,0
RA-261,3,G,Aluno-261,Escola Pública,Ágata,6.763,Promovido de Fase + Bolsa,Mantido na Fase atual,Promovido de Fase,Mantido na Fase atual,Sem limitações,Fase 4 (9º ano),-1,Melhorar: Melhorar a sua entrega de lições de casa.,Melhorar: Empenhar-se mais nas aulas e avaliações.,Melhorar: Integrar-se mais aos Princípios Passos Mágicos.,2022,0,0,0,0,0,0,0,0,0,0,0,0,0,0,0,0,0,0,0,0,0,0,0,0,0,0,3,1,2,2,1,3,3,2,2,2,3,2,1,2,1,2,1,2,3,1
RA-262,3,G,Aluno-262,Escola Pública,Quartzo,4.786,Promovido de Fase,Mantido na Fase atual,Promovido de Fase,Mantido na Fase atual,Sem limitações,Fase 5 (1º EM),-2,Melhorar: Melhorar a sua entrega de lições de casa.,Melhorar: Empenhar-se mais nas aulas e avaliações.,Melhorar: Integrar-se mais aos Princípios Passos Mágicos.,2022,0,0,0,0,0,0,0,0,0,0,0,0,0,0,0,0,0,0,0,0,0,0,0,0,0,0,3,1,2,2,2,3,1,1,2,1,1,2,1,1,1,2,1,1,1,1
RA-263,3,G,Aluno-263,Escola Pública,Quartzo,5.319,Promovido de Fase,Mantido na Fase atual,Mantido na Fase atual,Mantido na Fase atual,Não atendido,Fase 5 (1º EM),-2,Melhorar: Melhorar a sua entrega de lições de casa.,Melhorar: Empenhar-se mais nas aulas e avaliações.,Melhorar: Integrar-se mais aos Princípios Passos Mágicos.,2022,0,0,0,0,0,0,0,0,0,0,0,0,0,0,0,0,0,0,0,0,0,0,0,0,0,0,3,1,2,2,2,3,1,1,3,1,1,1,1,1,1,2,1,1,3,1
RA-264,3,I,Aluno-264,Escola Pública,Ametista,7.087,Promovido de Fase,Mantido na Fase atual,Promovido de Fase,Mantido na Fase atual,Requer avaliação,Fase 5 (1º EM),-2,Destaque: A sua boa entrega das lições de casa.,Melhorar: Empenhar-se mais nas aulas e avaliações.,Melhorar: Integrar-se mais aos Princípios Passos Mágicos.,2022,0,0,0,0,0,0,0,0,0,0,0,0,0,0,0,0,0,0,0,0,0,0,0,0,0,1,3,2,2,1,1,3,5,4,2,2,2,2,1,1,1,2,2,2,1,1
RA-265,3,I,Aluno-265,Escola Pública,Ametista,7.926,Promovido de Fase + Bolsa,Mantido na Fase atual,Promovido de Fase,Mantido na Fase + Bolsa,Não atendido,Fase 3 (7º e 8º ano),0,Destaque: A sua boa entrega das lições de casa.,Melhorar: Empenhar-se mais nas aulas e avaliações.,Destaque: A sua boa integração aos Princípios Passos Mágicos.,2022,0,0,0,0,0,0,0,0,0,0,0,0,0,0,0,0,0,0,0,0,0,0,0,0,0,1,3,1,1,1,1,3,2,2,3,3,2,3,2,4,2,2,2,4,3,0
RA-266,3,I,Aluno-266,Escola Pública,Quartzo,5.987,Promovido de Fase,Mantido na Fase atual,Promovido de Fase,Promovido de Fase,Requer avaliação,Fase 6 (2º EM),-3,Melhorar: Melhorar a sua entrega de lições de casa.,Melhorar: Empenhar-se mais nas aulas e avaliações.,Melhorar: Integrar-se mais aos Princípios Passos Mágicos.,2022,0,0,0,0,0,0,0,0,0,0,0,0,0,0,0,0,0,0,0,0,0,0,0,0,0,0,4,1,2,2,1,3,1,1,2,2,2,3,1,1,1,2,1,2,3,1
RA-267,3,I,Aluno-267,Escola Pública,Ágata,6.012,Promovido de Fase,Mantido na Fase atual,Promovido de Fase,Mantido na Fase atual,Não indicado,Fase 5 (1º EM),-2,Melhorar: Melhorar a sua entrega de lições de casa.,Melhorar: Empenhar-se mais nas aulas e avaliações.,Melhorar: Integrar-se mais aos Princípios Passos Mágicos.,2022,0,0,0,0,0,0,0,0,0,0,0,0,0,0,0,0,0,0,0,0,0,0,0,0,0,0,3,1,2,2,1,3,5,2,1,1,1,1,1,1,1,2,1,1,4,1
RA-268,3,K,Aluno-268,Escola Pública,Ágata,6.695,Promovido de Fase,Mantido na Fase atual,Promovido de Fase,Mantido na Fase + Bolsa,Requer avaliação,Fase 4 (9º ano),-1,Melhorar: Melhorar a sua entrega de lições de casa.,Melhorar: Empenhar-se mais nas aulas e avaliações.,Melhorar: Integrar-se mais aos Princípios Passos Mágicos.,2022,0,0,0,0,0,0,0,0,0,0,0,0,0,0,0,0,0,0,0,0,0,0,0,0,0,0,3,1,2,2,2,3,4,1,2,2,4,3,1,2,1,2,1,2,1,1
RA-269,3,K,Aluno-269,Escola Pública,Topázio,8.231,Promovido de Fase,Mantido na Fase atual,Promovido de Fase,Promovido de Fase,Requer avaliação,Fase 3 (7º e 8º ano),0,Destaque: A sua boa entrega das lições de casa.,Destaque: As suas boas notas na Passos Mágicos.,Melhorar: Integrar-se mais aos Princípios Passos Mágicos.,2022,0,0,0,0,0,0,0,0,0,0,0,0,0,0,0,0,0,0,0,0,0,0,0,0,0,1,3,2,1,1,1,3,4,3,2,5,5,5,2,2,2,2,3,5,1,0
RA-270,3,K,Aluno-270,Rede Decisão,Topázio,8.226,Promovido de Fase + Bolsa,Mantido na Fase atual,Promovido de Fase,Mantido na Fase + Bolsa,Não atendido,Fase 3 (7º e 8º ano),0,Destaque: A sua boa entrega das lições de casa.,Destaque: As suas boas notas na Passos Mágicos.,Destaque: A sua boa integração aos Princípios Passos Mágicos.,2022,0,0,0,0,0,0,0,0,0,0,0,0,0,0,0,0,0,0,0,0,0,0,0,0,0,1,3,1,1,1,1,3,2,3,3,4,4,4,2,4,2,2,3,5,3,0
RA-271,3,K,Aluno-271,Escola Pública,Ametista,7.255,Promovido de Fase + Bolsa,Mantido na Fase atual,Promovido de Fase,Mantido na Fase + Bolsa,Requer avaliação,Fase 5 (1º EM),-2,Destaque: A sua boa entrega das lições de casa.,Melhorar: Empenhar-se mais nas aulas e avaliações.,Melhorar: Integrar-se mais aos Princípios Passos Mágicos.,2022,0,0,0,0,0,0,0,0,0,0,0,0,0,0,0,0,0,0,0,0,0,0,0,0,0,1,3,2,1,1,2,3,4,3,2,4,3,3,2,2,1,2,2,4,1,1
RA-272,3,K,Aluno-272,Escola Pública,Ágata,6.361,Mantido na Fase atual,Mantido na Fase atual,Promovido de Fase,Promovido de Fase,Não atendido,Fase 4 (9º ano),-1,Melhorar: Melhorar a sua entrega de lições de casa.,Melhorar: Empenhar-se mais nas aulas e avaliações.,Melhorar: Integrar-se mais aos Princípios Passos Mágicos.,2022,0,0,0,0,0,0,0,0,0,0,0,0,0,0,0,0,0,0,0,0,0,0,0,0,0,0,3,1,2,2,2,3,4,1,3,2,2,3,1,1,1,2,1,1,1,1
RA-273,3,K,Aluno-273,Escola Pública,Quartzo,5.679,Mantido na Fase atual,Mantido na Fase atual,Mantido na Fase atual,Promovido de Fase,Não atendido,Fase 4 (9º ano),-1,Melhorar: Melhorar a sua entrega de lições de casa.,Melhorar: Empenhar-se mais nas aulas e avaliações.,Melhorar: Integrar-se mais aos Princípios Passos Mágicos.,2022,0,0,0,0,0,0,0,0,0,0,0,0,0,0,0,0,0,0,0,0,0,0,0,0,0,0,3,1,2,2,2,3,4,1,3,1,1,1,1,1,1,2,1,1,4,1
RA-274,3,K,Aluno-274,Rede Decisão,Ametista,7.946,Promovido de Fase + Bolsa,Mantido na Fase atual,Promovido de Fase,Alocado em Fase anterior,Não atendido,Fase 2 (5º e 6º ano),1,Destaque: A sua boa entrega das lições de casa.,Destaque: As suas boas notas na Passos Mágicos.,Melhorar: Integrar-se mais aos Princípios Passos Mágicos.,2022,0,0,0,0,0,0,0,0,0,0,0,0,0,0,0,0,0,0,0,0,0,0,0,0,0,1,2,1,1,1,1,3,2,3,3,5,4,5,2,2,2,2,2,5,3,0
RA-275,3,K,Aluno-275,Escola Pública,Ágata,6.665,Promovido de Fase + Bolsa,Mantido na Fase atual,Promovido de Fase,Promovido de Fase,Não atendido,Fase 5 (1º EM),-2,Melhorar: Melhorar a sua entrega de lições de casa.,Melhorar: Empenhar-se mais nas aulas e avaliações.,Melhorar: Integrar-se mais aos Princípios Passos Mágicos.,2022,0,0,0,0,0,0,0,0,0,0,0,0,0,0,0,0,0,0,0,0,0,0,0,0,0,0,3,1,2,2,2,3,5,1,3,1,2,2,1,1,1,2,1,1,4,1
RA-276,3,K,Aluno-276,Escola Pública,Quartzo,5.527,Promovido de Fase,Mantido na Fase atual,Mantido na Fase atual,Promovido de Fase,Não indicado,Fase 4 (9º ano),-1,Melhorar: Melhorar a sua entrega de lições de casa.,Melhorar: Empenhar-se mais nas aulas e avaliações.,Melhorar: Integrar-se mais aos Princípios Passos Mágicos.,2022,0,0,0,0,0,0,0,0,0,0,0,0,0,0,0,0,0,0,0,0,0,0,0,0,0,0,3,1,2,2,2,3,1,1,2,1,1,2,1,1,1,2,1,1,4,1
RA-277,3,K,Aluno-277,Escola Pública,Ametista,7.411,Promovido de Fase + Bolsa,Mantido na Fase atual,Promovido de Fase,Mantido na Fase + Bolsa,Não atendido,Fase 4 (9º ano),-1,Destaque: A sua boa entrega das lições de casa.,Melhorar: Empenhar-se mais nas aulas e avaliações.,Melhorar: Integrar-se mais aos Princípios Passos Mágicos.,2022,0,0,0,0,0,0,0,0,0,0,0,0,0,0,0,0,0,0,0,0,0,0,0,0,0,1,3,1,1,1,2,3,1,3,3,4,4,3,2,2,1,2,2,4,1,1
RA-278,3,K,Aluno-278,Rede Decisão,Ametista,7.741,Promovido de Fase + Bolsa,Mantido na Fase atual,Promovido de Fase,Mantido na Fase + Bolsa,Requer avaliação,Fase 3 (7º e 8º ano),0,Destaque: A sua boa entrega das lições de casa.,Melhorar: Empenhar-se mais nas aulas e avaliações.,Melhorar: Integrar-se mais aos Princípios Passos Mágicos.,2022,0,0,0,0,0,0,0,0,0,0,0,0,0,0,0,0,0,0,0,0,0,0,0,0,0,1,2,1,1,1,1,3,3,4,2,2,2,2,1,2,2,2,2,2,4,0
RA-279,3,K,Aluno-279,Rede Decisão,Topázio,8.815,Promovido de Fase + Bolsa,Mantido na Fase atual,Promovido de Fase,Mantido na Fase + Bolsa,Sem limitações,Fase 3 (7º e 8º ano),0,Destaque: A sua boa entrega das lições de casa.,Destaque: As suas boas notas na Passos Mágicos.,Destaque: A sua boa integração aos Princípios Passos Mágicos.,2022,0,0,0,0,0,0,0,0,0,0,0,0,0,0,0,0,0,0,0,0,0,0,0,0,0,1,3,1,1,1,1,3,4,5,2,5,5,5,2,4,2,2,3,5,3,0
RA-280,3,K,Aluno-280,Rede Decisão,Ametista,8.046,Promovido de Fase + Bolsa,Mantido na Fase atual,Promovido de Fase,Promovido de Fase,Sem limitações,Fase 3 (7º e 8º ano),0,Destaque: A sua boa entrega das lições de casa.,Melhorar: Empenhar-se mais nas aulas e avaliações.,Melhorar: Integrar-se mais aos Princípios Passos Mágicos.,2022,0,0,0,0,0,0,0,0,0,0,0,0,0,0,0,0,0,0,0,0,0,0,0,0,0,1,3,1,1,1,1,3,1,4,3,4,2,3,2,2,2,2,2,4,1,0
RA-281,3,K,Aluno-281,Escola Pública,Ágata,6.806,Mantido na Fase atual,Mantido na Fase atual,Mantido na Fase atual,Mantido na Fase atual,Sem limitações,Fase 3 (7º e 8º ano),0,Melhorar: Melhorar a sua entrega de lições de casa.,Melhorar: Empenhar-se mais nas aulas e avaliações.,Melhorar: Integrar-se mais aos Princípios Passos Mágicos.,2022,0,0,0,0,0,0,0,0,0,0,0,0,0,0,0,0,0,0,0,0,0,0,0,0,0,0,3,1,2,2,2,3,1,1,3,2,2,3,1,1,2,2,1,2,3,0
RA-282,3,K,Aluno-282,Escola Pública,Ágata,6.618,Mantido na Fase atual,Mantido na Fase atual,Mantido na Fase atual,Mantido na Fase atual,Sem limitações,Fase 3 (7º e 8º ano),0,Melhorar: Melhorar a sua entrega de lições de casa.,Melhorar: Empenhar-se mais nas aulas e avaliações.,Melhorar: Integrar-se mais aos Princípios Passos Mágicos.,2022,0,0,0,0,0,0,0,0,0,0,0,0,0,0,0,0,0,0,0,0,0,0,0,0,0,0,3,1,2,2,2,3,3,1,3,1,2,2,1,1,2,2,1,1,3,0
RA-283,3,K,Aluno-283,Escola Pública,Ametista,7.131,Mantido na Fase atual,Mantido na Fase atual,Mantido na Fase atual,Promovido de Fase,Não atendido,Fase 4 (9º ano),-1,Destaque: A sua boa entrega das lições de casa.,Melhorar: Empenhar-se mais nas aulas e avaliações.,Melhorar: Integrar-se mais aos Princípios Passos Mágicos.,2022,0,0,0,0,0,0,0,0,0,0,0,0,0,0,0,0,0,0,0,0,0,0,0,0,0,1,3,1,2,1,2,3,5,3,3,2,1,2,1,1,1,2,2,2,2,1
RA-284,3,L,Aluno-284,Escola Pública,Quartzo,5.939,Promovido de Fase,Mantido na Fase atual,Mantido na Fase atual,Mantido na Fase atual,Sem limitações,Fase 3 (7º e 8º ano),0,Melhorar: Melhorar a sua entrega de lições de casa.,Melhorar: Empenhar-se mais nas aulas e avaliações.,Melhorar: Integrar-se mais aos Princípios Passos Mágicos.,2022,0,0,0,0,0,0,0,0,0,0,0,0,0,0,0,0,0,0,0,0,0,0,0,0,0,0,3,2,2,2,1,3,1,1,2,1,4,1,1,1,2,2,1,1,1,0
RA-285,3,L,Aluno-285,Escola Pública,Quartzo,5.063,Promovido de Fase,Mantido na Fase atual,Promovido de Fase,Alocado em Fase anterior,Sem limitações,Fase 6 (2º EM),-3,Melhorar: Melhorar a sua entrega de lições de casa.,Melhorar: Empenhar-se mais nas aulas e avaliações.,Melhorar: Integrar-se mais aos Princípios Passos Mágicos.,2022,0,0,0,0,0,0,0,0,0,0,0,0,0,0,0,0,0,0,0,0,0,0,0,0,0,0,4,1,2,2,1,3,4,1,3,1,1,1,1,1,1,2,1,1,2,1
RA-286,3,L,Aluno-286,Escola Pública,Quartzo,5.424,Promovido de Fase,Mantido na Fase atual,Promovido de Fase,Mantido na Fase atual,Sem limitações,Fase 5 (1º EM),-2,Melhorar: Melhorar a sua entrega de lições de casa.,Melhorar: Empenhar-se mais nas aulas e avaliações.,Melhorar: Integrar-se mais aos Princípios Passos Mágicos.,2022,0,0,0,0,0,0,0,0,0,0,0,0,0,0,0,0,0,0,0,0,0,0,0,0,0,0,3,2,2,2,1,3,1,1,2,1,2,1,1,1,1,2,1,1,1,1
RA-287,3,L,Aluno-287,Escola Pública,Quartzo,3.7,Mantido na Fase atual,Mantido na Fase atual,Mantido na Fase atual,Alocado em Fase anterior,Requer avaliação,Fase 7 (3º EM),-4,Melhorar: Melhorar a sua entrega de lições de casa.,Melhorar: Empenhar-se mais nas aulas e avaliações.,Melhorar: Integrar-se mais aos Princípios Passos Mágicos.,2022,0,0,0,0,0,0,0,0,0,0,0,0,0,0,0,0,0,0,0,0,0,0,0,0,0,0,4,2,2,2,2,3,2,1,1,1,1,1,1,1,1,2,1,1,1,1
RA-288,3,L,Aluno-288,Escola Pública,Quartzo,4.097,Promovido de Fase,Mantido na Fase atual,Promovido de Fase,Mantido na Fase atual,Sem limitações,Fase 6 (2º EM),-3,Melhorar: Melhorar a sua entrega de lições de casa.,Melhorar: Empenhar-se mais nas aulas e avaliações.,Melhorar: Integrar-se mais aos Princípios Passos Mágicos.,2022,0,0,0,0,0,0,0,0,0,0,0,0,0,0,0,0,0,0,0,0,0,0,0,0,0,0,4,2,2,2,2,3,1,1,2,1,3,3,1,1,1,2,1,3,1,1
RA-289,3,L,Aluno-289,Escola Pública,Ágata,6.236,Promovido de Fase,Mantido na Fase atual,Promovido de Fase,Promovido de Fase,Sem limitações,Fase 4 (9º ano),-1,Destaque: A sua boa entrega das lições de casa.,Melhorar: Empenhar-se mais nas aulas e avaliações.,Melhorar: Integrar-se mais aos Princípios Passos Mágicos.,2022,0,0,0,0,0,0,0,0,0,0,0,0,0,0,0,0,0,0,0,0,0,0,0,0,0,0,3,1,2,2,1,3,1,2,2,3,2,4,2,2,1,2,1,3,2,1
RA-290,3,L,Aluno-290,Escola Pública,Quartzo,4.929,Mantido na Fase atual,Mantido na Fase atual,Mantido na Fase atual,Mantido na Fase atual,Sem limitações,Fase 7 (3º EM),-4,Melhorar: Melhorar a sua entrega de lições de casa.,Melhorar: Empenhar-se mais nas aulas e avaliações.,Melhorar: Integrar-se mais aos Princípios Passos Mágicos.,2022,0,0,0,0,0,0,0,0,0,0,0,0,0,0,0,0,0,0,0,0,0,0,0,0,0,0,4,2,2,2,2,3,5,1,2,1,1,1,1,1,1,2,1,1,1,1
RA-291,3,L,Aluno-291,Escola Pública,Topázio,8.122,Promovido de Fase + Bolsa,Mantido na Fase atual,Promovido de Fase,Promovido de Fase,Sem limitações,Fase 3 (7º e 8º ano),0,Destaque: A sua boa entrega das lições de casa.,Destaque: As suas boas notas na Passos Mágicos.,Destaque: A sua boa integração aos Princípios Passos Mágicos.,2022,0,0,0,0,0,0,0,0,0,0,0,0,0,0,0,0,0,0,0,0,0,0,0,0,0,1,3,2,1,1,1,3,2,2,3,4,4,4,2,4,2,2,3,5,1,0
RA-292,3,L,Aluno-292,Escola Pública,Quartzo,4.837,Mantido na Fase atual,Mantido na Fase atual,Mantido na Fase atual,Promovido de Fase,Não atendido,Fase 6 (2º EM),-3,Melhorar: Melhorar a sua entrega de lições de casa.,Melhorar: Empenhar-se mais nas aulas e avaliações.,Melhorar: Integrar-se mais aos Princípios Passos Mágicos.,2022,0,0,0,0,0,0,0,0,0,0,0,0,0,0,0,0,0,0,0,0,0,0,0,0,0,0,4,2,2,2,2,3,2,1,3,1,1,1,1,1,1,2,1,1,1,1
RA-293,3,L,Aluno-293,Escola Pública,Quartzo,4.875,Mantido na Fase atual,Mantido na Fase atual,Mantido na Fase atual,Mantido na Fase atual,Não atendido,Fase 3 (7º e 8º ano),0,Melhorar: Melhorar a sua entrega de lições de casa.,Melhorar: Empenhar-se mais nas aulas e avaliações.,Melhorar: Integrar-se mais aos Princípios Passos Mágicos.,2022,0,0,0,0,0,0,0,0,0,0,0,0,0,0,0,0,0,0,0,0,0,0,0,0,0,0,3,2,2,2,2,3,3,1,3,1,1,1,1,1,2,2,1,1,1,0
RA-294,3,L,Aluno-294,Escola Pública,Quartzo,5.031,Promovido de Fase,Mantido na Fase atual,Promovido de Fase,Promovido de Fase,Não atendido,Fase 8 (Universitários),-5,Melhorar: Melhorar a sua entrega de lições de casa.,Melhorar: Empenhar-se mais nas aulas e avaliações.,Melhorar: Integrar-se mais aos Princípios Passos Mágicos.,2022,0,0,0,0,0,0,0,0,0,0,0,0,0,0,0,0,0,0,0,0,0,0,0,0,0,0,4,2,2,2,1,3,5,1,3,1,3,3,1,1,1,2,1,3,1,1
RA-295,3,M,Aluno-295,Escola Pública,Ametista,7.305,Promovido de Fase + Bolsa,Mantido na Fase atual,Promovido de Fase,Promovido de Fase,Não atendido,Fase 4 (9º ano),-1,Destaque: A sua boa entrega das lições de casa.,Melhorar: Empenhar-se mais nas aulas e avaliações.,Melhorar: Integrar-se mais aos Princípios Passos Mágicos.,2022,0,0,0,0,0,0,0,0,0,0,0,0,0,0,0,0,0,0,0,0,0,0,0,0,0,1,3,2,1,1,1,3,2,2,3,3,2,4,2,2,1,2,2,3,1,1
RA-296,3,M,Aluno-296,Escola Pública,Quartzo,4.665,Promovido de Fase,Mantido na Fase atual,Mantido na Fase atual,Alocado em Fase anterior,Não atendido,Fase 5 (1º EM),-2,Melhorar: Melhorar a sua entrega de lições de casa.,Melhorar: Empenhar-se mais nas aulas e avaliações.,Melhorar: Integrar-se mais aos Princípios Passos Mágicos.,2022,0,0,0,0,0,0,0,0,0,0,0,0,0,0,0,0,0,0,0,0,0,0,0,0,0,0,3,2,2,2,2,3,3,1,3,1,2,1,1,1,1,2,1,1,1,1
RA-297,3,M,Aluno-297,Escola Pública,Ametista,7.478,Promovido de Fase,Mantido na Fase atual,Promovido de Fase,Promovido de Fase + Bolsa,Sem limitações,Fase 3 (7º e 8º ano),0,Destaque: A sua boa entrega das lições de casa.,Melhorar: Empenhar-se mais nas aulas e avaliações.,Melhorar: Integrar-se mais aos Princípios Passos Mágicos.,2022,0,0,0,0,0,0,0,0,0,0,0,0,0,0,0,0,0,0,0,0,0,0,0,0,0,1,3,2,1,1,1,3,1,2,2,3,3,2,2,2,2,2,2,3,1,0
RA-298,3,M,Aluno-298,Escola Pública,Ágata,6.409,Promovido de Fase,Mantido na Fase atual,Mantido na Fase atual,Alocado em Fase anterior,Sem limitações,Fase 3 (7º e 8º ano),0,Melhorar: Melhorar a sua entrega de lições de casa.,Melhorar: Empenhar-se mais nas aulas e avaliações.,Melhorar: Integrar-se mais aos Princípios Passos Mágicos.,2022,0,0,0,0,0,0,0,0,0,0,0,0,0,0,0,0,0,0,0,0,0,0,0,0,0,0,3,1,2,2,2,3,4,1,2,2,2,1,1,1,2,2,1,2,3,0
RA-299,3,M,Aluno-299,Rede Decisão,Ametista,7.278,Promovido de Fase,Mantido na Fase atual,Promovido de Fase,Promovido de Fase + Bolsa,Requer avaliação,Fase 3 (7º e 8º ano),0,Destaque: A sua boa entrega das lições de casa.,Melhorar: Empenhar-se mais nas aulas e avaliações.,Melhorar: Integrar-se mais aos Princípios Passos Mágicos.,2022,0,0,0,0,0,0,0,0,0,0,0,0,0,0,0,0,0,0,0,0,0,0,0,0,0,1,3,1,1,1,1,3,1,2,1,3,3,4,1,1,2,2,2,3,3,0
RA-300,3,M,Aluno-300,Escola Pública,Quartzo,5.557,Mantido na Fase atual,Mantido na Fase atual,Mantido na Fase atual,Promovido de Fase + Bolsa,Sem limitações,Fase 4 (9º ano),-1,Melhorar: Melhorar a sua entrega de lições de casa.,Melhorar: Empenhar-se mais nas aulas e avaliações.,Melhorar: Integrar-se mais aos Princípios Passos Mágicos.,2022,0,0,0,0,0,0,0,0,0,0,0,0,0,0,0,0,0,0,0,0,0,0,0,0,0,0,3,2,2,2,2,3,1,1,2,1,1,1,1,1,1,2,1,1,1,1
RA-301,3,M,Aluno-301,Escola Pública,Ágata,6.802,Promovido de Fase,Mantido na Fase atual,Promovido de Fase,Promovido de Fase + Bolsa,Sem limitações,Fase 3 (7º e 8º ano),0,Melhorar: Melhorar a sua entrega de lições de casa.,Melhorar: Empenhar-se mais nas aulas e avaliações.,Melhorar: Integrar-se mais aos Princípios Passos Mágicos.,2022,0,0,0,0,0,0,0,0,0,0,0,0,0,0,0,0,0,0,0,0,0,0,0,0,0,0,3,1,2,2,1,3,3,1,2,3,3,4,1,1,2,2,1,3,3,0
RA-302,3,M,Aluno-302,Escola Pública,Ágata,6.334,Promovido de Fase,Mantido na Fase atual,Mantido na Fase atual,Promovido de Fase,Sem limitações,Fase 6 (2º EM),-3,Destaque: A sua boa entrega das lições de casa.,Melhorar: Empenhar-se mais nas aulas e avaliações.,Melhorar: Integrar-se mais aos Princípios Passos Mágicos.,2022,0,0,0,0,0,0,0,0,0,0,0,0,0,0,0,0,0,0,0,0,0,0,0,0,0,0,4,2,2,2,2,3,4,2,3,1,1,1,1,1,1,2,1,1,1,1
RA-303,3,M,Aluno-303,Escola Pública,Ágata,6.03,Mantido na Fase atual,Mantido na Fase atual,Mantido na Fase atual,Promovido de Fase,Não atendido,Fase 4 (9º ano),-1,Melhorar: Melhorar a sua entrega de lições de casa.,Melhorar: Empenhar-se mais nas aulas e avaliações.,Melhorar: Integrar-se mais aos Princípios Passos Mágicos.,2022,0,0,0,0,0,0,0,0,0,0,0,0,0,0,0,0,0,0,0,0,0,0,0,0,0,0,3,1,2,2,2,3,1,2,3,1,1,1,1,1,1,2,1,1,3,1
RA-304,3,M,Aluno-304,Escola Pública,Ágata,6.355,Mantido na Fase atual,Mantido na Fase atual,Mantido na Fase atual,Promovido de Fase + Bolsa,Não atendido,Fase 5 (1º EM),-2,Destaque: A sua boa entrega das lições de casa.,Melhorar: Empenhar-se mais nas aulas e avaliações.,Melhorar: Integrar-se mais aos Princípios Passos Mágicos.,2022,0,0,0,0,0,0,0,0,0,0,0,0,0,0,0,0,0,0,0,0,0,0,0,0,0,0,3,1,2,2,2,3,3,2,3,1,1,2,1,1,1,2,1,1,2,1
RA-305,3,M,Aluno-305,Escola Pública,Ágata,6.058,Mantido na Fase atual,Mantido na Fase atual,Mantido na Fase atual,Alocado em Fase anterior,Não atendido,Fase 4 (9º ano),-1,Melhorar: Melhorar a sua entrega de lições de casa.,Melhorar: Empenhar-se mais nas aulas e avaliações.,Melhorar: Integrar-se mais aos Princípios Passos Mágicos.,2022,0,0,0,0,0,0,0,0,0,0,0,0,0,0,0,0,0,0,0,0,0,0,0,0,0,0,3,1,2,2,2,3,2,1,3,1,1,3,1,1,1,2,1,2,3,1
RA-306,3,M,Aluno-306,Escola Pública,Ágata,6.427,Promovido de Fase,Mantido na Fase atual,Promovido de Fase,Promovido de Fase,Não atendido,Fase 4 (9º ano),-1,Melhorar: Melhorar a sua entrega de lições de casa.,Melhorar: Empenhar-se mais nas aulas e avaliações.,Melhorar: Integrar-se mais aos Princípios Passos Mágicos.,2022,0,0,0,0,0,0,0,0,0,0,0,0,0,0,0,0,0,0,0,0,0,0,0,0,0,0,3,1,2,2,1,3,2,1,3,2,2,2,1,1,1,2,1,1,1,1
RA-307,3,M,Aluno-307,Escola Pública,Quartzo,4.733,Promovido de Fase,Mantido na Fase atual,Mantido na Fase atual,Alocado em Fase anterior,Não atendido,Fase 4 (9º ano),-1,Melhorar: Melhorar a sua entrega de lições de casa.,Melhorar: Empenhar-se mais nas aulas e avaliações.,Melhorar: Integrar-se mais aos Princípios Passos Mágicos.,2022,0,0,0,0,0,0,0,0,0,0,0,0,0,0,0,0,0,0,0,0,0,0,0,0,0,0,3,2,2,2,2,3,1,1,3,1,2,1,1,1,1,2,1,1,1,1
RA-308,3,M,Aluno-308,Escola Pública,Ágata,6.93,Promovido de Fase,Mantido na Fase atual,Mantido na Fase atual,Promovido de Fase + Bolsa,Sem limitações,Fase 3 (7º e 8º ano),0,Melhorar: Melhorar a sua entrega de lições de casa.,Melhorar: Empenhar-se mais nas aulas e avaliações.,Melhorar: Integrar-se mais aos Princípios Passos Mágicos.,2022,0,0,0,0,0,0,0,0,0,0,0,0,0,0,0,0,0,0,0,0,0,0,0,0,0,0,3,1,2,1,1,3,2,2,3,2,3,2,1,1,2,2,1,1,3,0
RA-309,3,M,Aluno-309,Escola Pública,Ágata,6.151,Promovido de Fase,Mantido na Fase atual,Mantido na Fase atual,Alocado em Fase anterior,Não atendido,Fase 4 (9º ano),-1,Melhorar: Melhorar a sua entrega de lições de casa.,Melhorar: Empenhar-se mais nas aulas e avaliações.,Melhorar: Integrar-se mais aos Princípios Passos Mágicos.,2022,0,0,0,0,0,0,0,0,0,0,0,0,0,0,0,0,0,0,0,0,0,0,0,0,0,0,3,2,2,2,2,3,4,1,3,3,4,2,1,1,1,2,1,3,1,1
RA-310,3,M,Aluno-310,Escola Pública,Ágata,6.4,Promovido de Fase,Mantido na Fase atual,Promovido de Fase,Mantido na Fase + Bolsa,Não atendido,Fase 5 (1º EM),-2,Destaque: A sua boa entrega das lições de casa.,Melhorar: Empenhar-se mais nas aulas e avaliações.,Melhorar: Integrar-se mais aos Princípios Passos Mágicos.,2022,0,0,0,0,0,0,0,0,0,0,0,0,0,0,0,0,0,0,0,0,0,0,0,0,0,0,3,2,2,2,2,3,2,2,3,1,1,1,1,1,1,2,1,1,1,1
RA-311,3,N,Aluno-311,Escola Pública,Quartzo,5.652,Mantido na Fase atual,Mantido na Fase atual,Promovido de Fase,Promovido de Fase,Requer avaliação,Fase 6 (2º EM),-3,Melhorar: Melhorar a sua entrega de lições de casa.,Melhorar: Empenhar-se mais nas aulas e avaliações.,Melhorar: Integrar-se mais aos Princípios Passos Mágicos.,2022,0,0,0,0,0,0,0,0,0,0,0,0,0,0,0,0,0,0,0,0,0,0,0,0,0,0,4,2,2,2,2,2,2,1,1,2,2,2,1,1,1,2,1,1,1,1
RA-312,3,N,Aluno-312,Escola Pública,Ametista,7.339,Mantido na Fase atual,Mantido na Fase atual,Mantido na Fase atual,Promovido de Fase,Não atendido,Fase 3 (7º e 8º ano),0,Destaque: A sua boa entrega das lições de casa.,Melhorar: Empenhar-se mais nas aulas e avaliações.,Melhorar: Integrar-se mais aos Princípios Passos Mágicos.,2022,0,0,0,0,0,0,0,0,0,0,0,0,0,0,0,0,0,0,0,0,0,0,0,0,0,1,3,2,1,1,1,2,5,2,3,2,2,1,1,1,2,2,2,1,1,0
RA-313,3,N,Aluno-313,Escola Pública,Quartzo,5.8,Mantido na Fase atual,Mantido na Fase atual,Promovido de Fase,Promovido de Fase,Requer avaliação,Fase 4 (9º ano),-1,Melhorar: Melhorar a sua entrega de lições de casa.,Melhorar: Empenhar-se mais nas aulas e avaliações.,Melhorar: Integrar-se mais aos Princípios Passos Mágicos.,2022,0,0,0,0,0,0,0,0,0,0,0,0,0,0,0,0,0,0,0,0,0,0,0,0,0,0,3,2,2,2,2,2,1,2,1,1,2,1,1,1,1,2,1,1,1,1
RA-314,3,N,Aluno-314,Escola Pública,Ágata,6.1,Mantido na Fase atual,Mantido na Fase atual,Promovido de Fase,Promovido de Fase,Requer avaliação,Fase 3 (7º e 8º ano),0,Melhorar: Melhorar a sua entrega de lições de casa.,Melhorar: Empenhar-se mais nas aulas e avaliações.,Melhorar: Integrar-se mais aos Princípios Passos Mágicos.,2022,0,0,0,0,0,0,0,0,0,0,0,0,0,0,0,0,0,0,0,0,0,0,0,0,0,0,3,2,2,2,2,2,1,1,1,2,1,1,2,1,2,2,1,2,1,0
RA-315,3,N,Aluno-315,Escola Pública,Quartzo,5.672,Mantido na Fase atual,Mantido na Fase atual,Promovido de Fase,Alocado em Fase anterior,Não atendido,Fase 3 (7º e 8º ano),0,Melhorar: Melhorar a sua entrega de lições de casa.,Melhorar: Empenhar-se mais nas aulas e avaliações.,Melhorar: Integrar-se mais aos Princípios Passos Mágicos.,2022,0,0,0,0,0,0,0,0,0,0,0,0,0,0,0,0,0,0,0,0,0,0,0,0,0,0,3,2,2,2,2,2,1,1,3,1,1,1,1,1,2,2,1,1,1,0
RA-316,3,N,Aluno-316,Escola Pública,Ametista,7.889,Promovido de Fase + Bolsa,Mantido na Fase + Bolsa,Promovido de Fase,Promovido de Fase,Não atendido,Fase 4 (9º ano),-1,Destaque: A sua boa entrega das lições de casa.,Melhorar: Empenhar-se mais nas aulas e avaliações.,Destaque: A sua boa integração aos Princípios Passos Mágicos.,2022,0,0,0,0,0,0,0,0,0,0,0,0,0,0,0,0,0,0,0,0,0,0,0,0,0,1,3,2,1,1,1,2,5,5,3,2,4,3,1,5,1,2,2,2,1,1
RA-317,3,N,Aluno-317,Escola Pública,Ametista,7.04,Mantido na Fase atual,Mantido na Fase atual,Promovido de Fase,Promovido de Fase,Não atendido,Fase 3 (7º e 8º ano),0,Melhorar: Melhorar a sua entrega de lições de casa.,Melhorar: Empenhar-se mais nas aulas e avaliações.,Melhorar: Integrar-se mais aos Princípios Passos Mágicos.,2022,0,0,0,0,0,0,0,0,0,0,0,0,0,0,0,0,0,0,0,0,0,0,0,0,0,1,3,1,2,1,1,2,3,1,3,3,2,2,2,1,2,2,2,3,1,0
RA-318,3,N,Aluno-318,Escola Pública,Ágata,6.527,Promovido de Fase,Mantido na Fase atual,Promovido de Fase,Promovido de Fase,Sem limitações,Fase 4 (9º ano),-1,Melhorar: Melhorar a sua entrega de lições de casa.,Melhorar: Empenhar-se mais nas aulas e avaliações.,Melhorar: Integrar-se mais aos Princípios Passos Mágicos.,2022,0,0,0,0,0,0,0,0,0,0,0,0,0,0,0,0,0,0,0,0,0,0,0,0,0,0,3,1,2,2,2,2,2,1,3,2,1,2,2,1,1,2,1,2,3,1
RA-319,3,N,Aluno-319,Escola Pública,Ametista,7.448,Promovido de Fase,Mantido na Fase atual,Promovido de Fase,Promovido de Fase,Não atendido,Fase 3 (7º e 8º ano),0,Destaque: A sua boa entrega das lições de casa.,Melhorar: Empenhar-se mais nas aulas e avaliações.,Destaque: A sua boa integração aos Princípios Passos Mágicos.,2022,0,0,0,0,0,0,0,0,0,0,0,0,0,0,0,0,0,0,0,0,0,0,0,0,0,1,3,2,1,1,1,2,4,2,3,2,3,1,1,3,2,2,2,2,1,0
RA-320,3,N,Aluno-320,Escola Pública,Ametista,7.897,Promovido de Fase + Bolsa,Mantido na Fase + Bolsa,Promovido de Fase,Promovido de Fase,Sem limitações,Fase 4 (9º ano),-1,Destaque: A sua boa entrega das lições de casa.,Melhorar: Empenhar-se mais nas aulas e avaliações.,Destaque: A sua boa integração aos Princípios Passos Mágicos.,2022,0,0,0,0,0,0,0,0,0,0,0,0,0,0,0,0,0,0,0,0,0,0,0,0,0,1,3,2,1,1,1,2,3,5,3,3,4,2,1,5,1,2,2,3,1,1
RA-321,3,N,Aluno-321,Escola Pública,Ametista,7.792,Promovido de Fase + Bolsa,Mantido na Fase atual,Promovido de Fase,Promovido de Fase,Sem limitações,Fase 3 (7º e 8º ano),0,Destaque: A sua boa entrega das lições de casa.,Melhorar: Empenhar-se mais nas aulas e avaliações.,Destaque: A sua boa integração aos Princípios Passos Mágicos.,2022,0,0,0,0,0,0,0,0,0,0,0,0,0,0,0,0,0,0,0,0,0,0,0,0,0,1,2,2,1,1,1,2,4,4,2,2,2,2,1,4,2,2,2,2,1,0
RA-322,3,N,Aluno-322,Escola Pública,Ágata,6.859,Promovido de Fase,Mantido na Fase atual,Promovido de Fase,Promovido de Fase,Requer avaliação,Fase 3 (7º e 8º ano),0,Destaque: A sua boa entrega das lições de casa.,Melhorar: Empenhar-se mais nas aulas e avaliações.,Melhorar: Integrar-se mais aos Princípios Passos Mágicos.,2022,0,0,0,0,0,0,0,0,0,0,0,0,0,0,0,0,0,0,0,0,0,0,0,0,0,0,3,2,2,2,2,2,1,2,1,1,1,2,1,1,2,2,1,1,1,0
RA-323,3,N,Aluno-323,Escola Pública,Ágata,6.86,Promovido de Fase,Mantido na Fase atual,Mantido na Fase atual,Promovido de Fase,Sem limitações,Fase 3 (7º e 8º ano),0,Melhorar: Melhorar a sua entrega de lições de casa.,Melhorar: Empenhar-se mais nas aulas e avaliações.,Melhorar: Integrar-se mais aos Princípios Passos Mágicos.,2022,0,0,0,0,0,0,0,0,0,0,0,0,0,0,0,0,0,0,0,0,0,0,0,0,0,0,3,2,2,2,2,2,4,2,3,1,4,1,1,1,2,2,1,1,1,0
RA-324,2,A,Aluno-324,Escola Pública,Topázio,8.27,Mantido na Fase + Bolsa,Mantido na Fase atual,Mantido na Fase atual,DESCONHECIDO,Sem limitações,Fase 2 (5º e 6º ano),0,Destaque: A sua boa entrega das lições de casa.,Melhorar: Empenhar-se mais nas aulas e avaliações.,Destaque: A sua boa integração aos Princípios Passos Mágicos.,2022,0,0,0,0,0,0,0,0,0,0,0,0,0,0,0,0,0,0,0,0,1,0,0,0,0,1,1,2,1,1,1,2,5,4,3,3,3,4,1,5,2,2,3,3,1,0
RA-325,2,A,Aluno-325,Escola Pública,Ametista,7.619,Mantido na Fase + Bolsa,Mantido na Fase atual,Mantido na Fase atual,DESCONHECIDO,Sem limitações,Fase 2 (5º e 6º ano),0,Melhorar: Melhorar a sua entrega de lições de casa.,Melhorar: Empenhar-se mais nas aulas e avaliações.,Destaque: A sua boa integração aos Princípios Passos Mágicos.,2022,0,0,0,0,0,0,0,0,0,0,0,0,0,0,0,0,0,0,0,0,1,0,0,0,0,1,1,2,1,1,1,2,4,1,3,2,2,2,1,5,2,2,2,2,1,0
RA-326,2,A,Aluno-326,Escola Pública,Topázio,8.22,Promovido de Fase + Bolsa,Promovido de Fase,Promovido de Fase,DESCONHECIDO,Requer avaliação,Fase 3 (7º e 8º ano),-1,Destaque: A sua boa entrega das lições de casa.,Destaque: As suas boas notas na Passos Mágicos.,Destaque: A sua boa integração aos Princípios Passos Mágicos.,2022,0,0,0,0,0,0,0,0,0,0,0,0,0,0,0,0,0,0,0,0,1,0,0,0,0,1,2,2,1,1,1,2,5,5,1,5,5,5,1,5,1,2,3,5,1,1
RA-327,2,A,Aluno-327,Escola Pública,Ágata,6.986,Mantido na Fase atual,Promovido de Fase,Mantido na Fase atual,DESCONHECIDO,Sem limitações,Fase 2 (5º e 6º ano),0,Destaque: A sua boa entrega das lições de casa.,Melhorar: Empenhar-se mais nas aulas e avaliações.,Melhorar: Integrar-se mais aos Princípios Passos Mágicos.,2022,0,0,0,0,0,0,0,0,0,0,0,0,0,0,0,0,0,0,0,0,1,0,0,0,0,0,2,1,2,2,2,2,2,3,3,1,1,1,1,2,2,2,1,1,1,0
RA-328,2,A,Aluno-328,Escola Pública,Ágata,6.823,Mantido na Fase atual,Promovido de Fase,Promovido de Fase,DESCONHECIDO,Sem limitações,Fase 3 (7º e 8º ano),-1,Melhorar: Melhorar a sua entrega de lições de casa.,Melhorar: Empenhar-se mais nas aulas e avaliações.,Melhorar: Integrar-se mais aos Princípios Passos Mágicos.,2022,0,0,0,0,0,0,0,0,0,0,0,0,0,0,0,0,0,0,0,0,1,0,0,0,0,0,2,1,2,2,2,2,5,2,3,2,1,3,1,3,1,2,1,2,2,1
RA-329,2,A,Aluno-329,Escola Pública,Ágata,6.313,Mantido na Fase atual,Promovido de Fase,Mantido na Fase atual,DESCONHECIDO,Requer avaliação,Fase 2 (5º e 6º ano),0,Melhorar: Melhorar a sua entrega de lições de casa.,Melhorar: Empenhar-se mais nas aulas e avaliações.,Melhorar: Integrar-se mais aos Princípios Passos Mágicos.,2022,0,0,0,0,0,0,0,0,0,0,0,0,0,0,0,0,0,0,0,0,1,0,0,0,0,0,2,1,2,2,2,2,1,1,1,2,1,3,1,1,2,2,1,2,3,0
RA-330,2,A,Aluno-330,Escola Pública,Ágata,6.446,Mantido na Fase atual,Promovido de Fase,Mantido na Fase atual,DESCONHECIDO,Sem limitações,Fase 4 (9º ano),-2,Destaque: A sua boa entrega das lições de casa.,Melhorar: Empenhar-se mais nas aulas e avaliações.,Melhorar: Integrar-se mais aos Princípios Passos Mágicos.,2022,0,0,0,0,0,0,0,0,0,0,0,0,0,0,0,0,0,0,0,0,1,0,0,0,0,0,3,1,2,2,2,2,4,3,3,1,1,1,1,2,1,2,1,1,4,1
RA-331,2,A,Aluno-331,Escola Pública,Ágata,6.636,Mantido na Fase atual,Promovido de Fase,Promovido de Fase,DESCONHECIDO,Sem limitações,Fase 3 (7º e 8º ano),-1,Destaque: A sua boa entrega das lições de casa.,Melhorar: Empenhar-se mais nas aulas e avaliações.,Melhorar: Integrar-se mais aos Princípios Passos Mágicos.,2022,0,0,0,0,0,0,0,0,0,0,0,0,0,0,0,0,0,0,0,0,1,0,0,0,0,0,2,1,2,2,2,2,3,3,3,1,1,1,1,2,1,2,1,1,3,1
RA-332,2,A,Aluno-332,Rede Decisão,Ametista,7.883,Promovido de Fase + Bolsa,Promovido de Fase,Promovido de Fase,DESCONHECIDO,Sem limitações,Fase 3 (7º e 8º ano),-1,Destaque: A sua boa entrega das lições de casa.,Destaque: As suas boas notas na Passos Mágicos.,Destaque: A sua boa integração aos Princípios Passos Mágicos.,2022,0,0,0,0,0,0,0,0,0,0,0,0,0,0,0,0,0,0,0,0,1,0,0,0,0,1,3,1,1,1,1,2,4,4,5,4,4,4,1,5,1,2,2,4,4,1
RA-333,2,A,Aluno-333,Escola JP II,Quartzo,5.249,Mantido na Fase atual,Promovido de Fase,Mantido na Fase atual,DESCONHECIDO,Não indicado,Fase 4 (9º ano),-2,Melhorar: Melhorar a sua entrega de lições de casa.,Melhorar: Empenhar-se mais nas aulas e avaliações.,Melhorar: Integrar-se mais aos Princípios Passos Mágicos.,2022,0,0,0,0,0,0,0,0,0,0,0,0,0,0,0,0,0,0,0,0,1,0,0,0,0,0,3,1,2,2,2,2,2,1,1,1,1,2,1,1,1,2,1,1,4,1
RA-334,2,A,Aluno-334,Rede Decisão,Ametista,7.961,Promovido de Fase + Bolsa,Promovido de Fase,Promovido de Fase,DESCONHECIDO,Não indicado,Fase 2 (5º e 6º ano),0,Destaque: A sua boa entrega das lições de casa.,Destaque: As suas boas notas na Passos Mágicos.,Destaque: A sua boa integração aos Princípios Passos Mágicos.,2022,0,0,0,0,0,0,0,0,0,0,0,0,0,0,0,0,0,0,0,0,1,0,0,0,0,1,2,1,1,1,1,2,1,4,1,4,4,5,1,5,2,2,2,4,3,0
RA-335,2,A,Aluno-335,Escola Pública,Ametista,7.902,Mantido na Fase atual,Mantido na Fase atual,Mantido na Fase atual,DESCONHECIDO,Sem limitações,Fase 2 (5º e 6º ano),0,Destaque: A sua boa entrega das lições de casa.,Melhorar: Empenhar-se mais nas aulas e avaliações.,Melhorar: Integrar-se mais aos Princípios Passos Mágicos.,2022,0,0,0,0,0,0,0,0,0,0,0,0,0,0,0,0,0,0,0,0,1,0,0,0,0,1,1,2,1,1,1,2,4,4,3,4,2,5,1,1,2,2,2,4,1,0
RA-336,2,A,Aluno-336,Escola Pública,Ágata,6.787,Mantido na Fase atual,Promovido de Fase,Mantido na Fase atual,DESCONHECIDO,Requer avaliação,Fase 3 (7º e 8º ano),-1,Destaque: A sua boa entrega das lições de casa.,Melhorar: Empenhar-se mais nas aulas e avaliações.,Destaque: A sua boa integração aos Princípios Passos Mágicos.,2022,0,0,0,0,0,0,0,0,0,0,0,0,0,0,0,0,0,0,0,0,1,0,0,0,0,0,3,1,2,2,2,2,4,3,1,2,1,2,1,4,1,2,1,2,4,1
RA-337,2,B,Aluno-337,Escola Pública,Ametista,7.914,Mantido na Fase atual,Promovido de Fase,Mantido na Fase atual,DESCONHECIDO,Não atendido,Fase 2 (5º e 6º ano),0,Destaque: A sua boa entrega das lições de casa.,Melhorar: Empenhar-se mais nas aulas e avaliações.,Destaque: A sua boa integração aos Princípios Passos Mágicos.,2022,0,0,0,0,0,0,0,0,0,0,0,0,0,0,0,0,0,0,0,0,1,0,0,0,0,1,2,2,1,1,1,2,5,4,3,2,4,1,1,3,2,2,2,2,1,0
RA-338,2,B,Aluno-338,Escola Pública,Ágata,6.837,Mantido na Fase atual,Promovido de Fase,Mantido na Fase atual,DESCONHECIDO,Não atendido,Fase 3 (7º e 8º ano),-1,Melhorar: Melhorar a sua entrega de lições de casa.,Melhorar: Empenhar-se mais nas aulas e avaliações.,Destaque: A sua boa integração aos Princípios Passos Mágicos.,2022,0,0,0,0,0,0,0,0,0,0,0,0,0,0,0,0,0,0,0,0,1,0,0,0,0,0,2,1,2,2,2,2,2,2,3,2,2,2,1,3,1,2,1,2,3,1
RA-339,2,B,Aluno-339,Escola Pública,Topázio,8.488,Promovido de Fase + Bolsa,Promovido de Fase,Promovido de Fase + Bolsa,DESCONHECIDO,Não atendido,Fase 2 (5º e 6º ano),0,Destaque: A sua boa entrega das lições de casa.,Destaque: As suas boas notas na Passos Mágicos.,Destaque: A sua boa integração aos Princípios Passos Mágicos.,2022,0,0,0,0,0,0,0,0,0,0,0,0,0,0,0,0,0,0,0,0,1,0,0,0,0,1,2,1,1,1,1,2,1,5,3,5,4,5,1,5,2,2,3,4,3,0
RA-340,2,B,Aluno-340,Escola Pública,Ametista,7.721,Mantido na Fase atual,Mantido na Fase atual,Mantido na Fase atual,DESCONHECIDO,Não atendido,Fase 2 (5º e 6º ano),0,Destaque: A sua boa entrega das lições de casa.,Melhorar: Empenhar-se mais nas aulas e avaliações.,Destaque: A sua boa integração aos Princípios Passos Mágicos.,2022,0,0,0,0,0,0,0,0,0,0,0,0,0,0,0,0,0,0,0,0,1,0,0,0,0,1,2,1,1,1,1,2,3,2,3,3,2,3,1,3,2,2,2,3,4,0
RA-341,2,B,Aluno-341,Escola Pública,Ágata,6.854,Promovido de Fase,Promovido de Fase,Mantido na Fase atual,DESCONHECIDO,Não atendido,Fase 3 (7º e 8º ano),-1,Destaque: A sua boa entrega das lições de casa.,Melhorar: Empenhar-se mais nas aulas e avaliações.,Destaque: A sua boa integração aos Princípios Passos Mágicos.,2022,0,0,0,0,0,0,0,0,0,0,0,0,0,0,0,0,0,0,0,0,1,0,0,0,0,0,2,2,2,2,2,2,2,2,3,2,2,3,1,3,1,2,1,2,1,1
RA-342,2,B,Aluno-342,Escola Pública,Ágata,6.941,Promovido de Fase,Promovido de Fase,Mantido na Fase atual,DESCONHECIDO,Não atendido,Fase 4 (9º ano),-2,Melhorar: Melhorar a sua entrega de lições de casa.,Melhorar: Empenhar-se mais nas aulas e avaliações.,Destaque: A sua boa integração aos Princípios Passos Mágicos.,2022,0,0,0,0,0,0,0,0,0,0,0,0,0,0,0,0,0,0,0,0,1,0,0,0,0,0,3,1,2,2,2,2,3,1,3,3,2,4,1,3,1,2,1,3,1,1
RA-343,2,B,Aluno-343,Escola Pública,Ágata,6.9,Mantido na Fase atual,Promovido de Fase,Promovido de Fase,DESCONHECIDO,Não atendido,Fase 4 (9º ano),-2,Melhorar: Melhorar a sua entrega de lições de casa.,Melhorar: Empenhar-se mais nas aulas e avaliações.,Melhorar: Integrar-se mais aos Princípios Passos Mágicos.,2022,0,0,0,0,0,0,0,0,0,0,0,0,0,0,0,0,0,0,0,0,1,0,0,0,0,0,3,1,2,2,2,2,4,2,3,2,1,4,1,2,1,2,1,2,2,1
RA-344,2,B,Aluno-344,Escola Pública,Ametista,7.263,Mantido na Fase atual,Promovido de Fase,Mantido na Fase atual,DESCONHECIDO,Não atendido,Fase 2 (5º e 6º ano),0,Destaque: A sua boa entrega das lições de casa.,Melhorar: Empenhar-se mais nas aulas e avaliações.,Destaque: A sua boa integração aos Princípios Passos Mágicos.,2022,0,0,0,0,0,0,0,0,0,0,0,0,0,0,0,0,0,0,0,0,1,0,0,0,0,1,2,1,1,1,1,2,2,3,3,1,1,3,1,3,2,2,2,2,3,0
RA-345,2,B,Aluno-345,Escola Pública,Quartzo,5.75,Mantido na Fase atual,Promovido de Fase,Mantido na Fase atual,DESCONHECIDO,Requer avaliação,Fase 3 (7º e 8º ano),-1,Melhorar: Melhorar a sua entrega de lições de casa.,Melhorar: Empenhar-se mais nas aulas e avaliações.,Melhorar: Integrar-se mais aos Princípios Passos Mágicos.,2022,0,0,0,0,0,0,0,0,0,0,0,0,0,0,0,0,0,0,0,0,1,0,0,0,0,0,3,1,2,2,2,2,4,1,2,1,1,2,1,1,1,2,1,1,1,1
RA-346,2,B,Aluno-346,Escola Pública,Topázio,8.143,Promovido de Fase,Promovido de Fase,Mantido na Fase atual,DESCONHECIDO,Não atendido,Fase 2 (5º e 6º ano),0,Destaque: A sua boa entrega das lições de casa.,Melhorar: Empenhar-se mais nas aulas e avaliações.,Destaque: A sua boa integração aos Princípios Passos Mágicos.,2022,0,0,0,0,0,0,0,0,0,0,0,0,0,0,0,0,0,0,0,0,1,0,0,0,0,1,1,2,1,1,1,2,5,4,3,3,2,4,1,4,2,2,3,3,1,0
RA-347,2,B,Aluno-347,Escola Pública,Ametista,7.908,Promovido de Fase + Bolsa,Promovido de Fase,Promovido de Fase,DESCONHECIDO,Sem limitações,Fase 3 (7º e 8º ano),-1,Destaque: A sua boa entrega das lições de casa.,Destaque: As suas boas notas na Passos Mágicos.,Destaque: A sua boa integração aos Princípios Passos Mágicos.,2022,0,0,0,0,0,0,0,0,0,0,0,0,0,0,0,0,0,0,0,0,1,0,0,0,0,1,2,1,1,1,1,2,3,5,2,5,5,5,1,4,1,2,2,5,3,1
RA-348,2,B,Aluno-348,Escola Pública,Quartzo,5.864,Mantido na Fase atual,Mantido na Fase atual,Mantido na Fase atual,DESCONHECIDO,Sem limitações,Fase 3 (7º e 8º ano),-1,Destaque: A sua boa entrega das lições de casa.,Melhorar: Empenhar-se mais nas aulas e avaliações.,Melhorar: Integrar-se mais aos Princípios Passos Mágicos.,2022,0,0,0,0,0,0,0,0,0,0,0,0,0,0,0,0,0,0,0,0,1,0,0,0,0,0,2,2,2,2,2,2,3,3,3,1,1,1,1,1,1,2,1,1,1,1
RA-349,2,B,Aluno-349,Escola Pública,Quartzo,5.658,Mantido na Fase atual,Promovido de Fase,Mantido na Fase atual,DESCONHECIDO,Sem limitações,Fase 3 (7º e 8º ano),-1,Destaque: A sua boa entrega das lições de casa.,Melhorar: Empenhar-se mais nas aulas e avaliações.,Melhorar: Integrar-se mais aos Princípios Passos Mágicos.,2022,0,0,0,0,0,0,0,0,0,0,0,0,0,0,0,0,0,0,0,0,1,0,0,0,0,0,2,1,2,2,2,2,4,2,3,1,1,2,1,1,1,2,1,1,1,1
RA-350,2,D,Aluno-350,Escola Pública,Topázio,8.206,Promovido de Fase,Mantido na Fase atual,Mantido na Fase atual,DESCONHECIDO,Não atendido,Fase 2 (5º e 6º ano),0,Destaque: A sua boa entrega das lições de casa.,Melhorar: Empenhar-se mais nas aulas e avaliações.,Destaque: A sua boa integração aos Princípios Passos Mágicos.,2022,0,0,0,0,0,0,0,0,0,0,0,0,0,0,0,0,0,0,0,0,1,0,0,0,0,1,2,2,1,1,1,2,5,3,3,3,4,2,1,5,2,2,3,3,1,0
RA-351,2,D,Aluno-351,Escola Pública,Ágata,6.622,Mantido na Fase atual,Mantido na Fase atual,Promovido de Fase,DESCONHECIDO,Não atendido,Fase 4 (9º ano),-2,Melhorar: Melhorar a sua entrega de lições de casa.,Melhorar: Empenhar-se mais nas aulas e avaliações.,Destaque: A sua boa integração aos Princípios Passos Mágicos.,2022,0,0,0,0,0,0,0,0,0,0,0,0,0,0,0,0,0,0,0,0,1,0,0,0,0,0,3,2,2,2,2,2,3,2,3,1,1,1,1,4,1,2,1,1,1,1
RA-352,2,D,Aluno-352,Escola Pública,Ametista,7.834,Promovido de Fase,Mantido na Fase atual,Promovido de Fase,DESCONHECIDO,Requer avaliação,Fase 2 (5º e 6º ano),0,Destaque: A sua boa entrega das lições de casa.,Melhorar: Empenhar-se mais nas aulas e avaliações.,Destaque: A sua boa integração aos Princípios Passos Mágicos.,2022,0,0,0,0,0,0,0,0,0,0,0,0,0,0,0,0,0,0,0,0,1,0,0,0,0,1,2,1,1,1,1,2,3,2,2,3,4,3,1,5,2,2,2,3,3,0
RA-353,2,D,Aluno-353,Escola Pública,Topázio,8.264,Promovido de Fase,Mantido na Fase atual,Promovido de Fase,DESCONHECIDO,Não atendido,Fase 2 (5º e 6º ano),0,Destaque: A sua boa entrega das lições de casa.,Destaque: As suas boas notas na Passos Mágicos.,Destaque: A sua boa integração aos Princípios Passos Mágicos.,2022,0,0,0,0,0,0,0,0,0,0,0,0,0,0,0,0,0,0,0,0,1,0,0,0,0,1,2,2,1,1,1,2,1,5,3,4,4,3,1,5,2,2,3,4,1,0
RA-354,2,D,Aluno-354,Escola Pública,Quartzo,5.858,Promovido de Fase,Mantido na Fase atual,Promovido de Fase,DESCONHECIDO,Não atendido,Fase 3 (7º e 8º ano),-1,Melhorar: Melhorar a sua entrega de lições de casa.,Melhorar: Empenhar-se mais nas aulas e avaliações.,Melhorar: Integrar-se mais aos Princípios Passos Mágicos.,2022,0,0,0,0,0,0,0,0,0,0,0,0,0,0,0,0,0,0,0,0,1,0,0,0,0,0,3,1,2,2,2,2,2,1,3,1,1,2,1,2,1,2,1,2,4,1
RA-355,2,D,Aluno-355,Escola Pública,Quartzo,5.379,Promovido de Fase,Mantido na Fase atual,Promovido de Fase,DESCONHECIDO,Não atendido,Fase 3 (7º e 8º ano),-1,Melhorar: Melhorar a sua entrega de lições de casa.,Melhorar: Empenhar-se mais nas aulas e avaliações.,Melhorar: Integrar-se mais aos Princípios Passos Mágicos.,2022,0,0,0,0,0,0,0,0,0,0,0,0,0,0,0,0,0,0,0,0,1,0,0,0,0,0,2,1,2,2,2,2,1,1,3,1,2,1,1,1,1,2,1,2,4,1
RA-356,2,D,Aluno-356,Escola Pública,Ágata,6.69,Promovido de Fase,Mantido na Fase atual,Promovido de Fase,DESCONHECIDO,Requer avaliação,Fase 3 (7º e 8º ano),-1,Destaque: A sua boa entrega das lições de casa.,Melhorar: Empenhar-se mais nas aulas e avaliações.,Destaque: A sua boa integração aos Princípios Passos Mágicos.,2022,0,0,0,0,0,0,0,0,0,0,0,0,0,0,0,0,0,0,0,0,1,0,0,0,0,0,2,1,2,2,1,2,5,3,1,1,2,1,1,4,1,2,1,2,3,1
RA-357,2,D,Aluno-357,Escola Pública,Ametista,7.836,Promovido de Fase,Mantido na Fase atual,Promovido de Fase,DESCONHECIDO,Não atendido,Fase 3 (7º e 8º ano),-1,Destaque: A sua boa entrega das lições de casa.,Destaque: As suas boas notas na Passos Mágicos.,Destaque: A sua boa integração aos Princípios Passos Mágicos.,2022,0,0,0,0,0,0,0,0,0,0,0,0,0,0,0,0,0,0,0,0,1,0,0,0,0,1,2,2,1,1,1,2,2,5,3,5,5,3,1,3,1,2,2,5,1,1
RA-358,2,D,Aluno-358,Escola Pública,Quartzo,5.412,Promovido de Fase,Mantido na Fase atual,Promovido de Fase,DESCONHECIDO,Não atendido,Fase 3 (7º e 8º ano),-1,Melhorar: Melhorar a sua entrega de lições de casa.,Melhorar: Empenhar-se mais nas aulas e avaliações.,Destaque: A sua boa integração aos Princípios Passos Mágicos.,2022,0,0,0,0,0,0,0,0,0,0,0,0,0,0,0,0,0,0,0,0,1,0,0,0,0,0,3,2,2,2,2,2,1,1,3,1,1,1,1,3,1,2,1,1,1,1
RA-359,2,D,Aluno-359,Escola Pública,Ágata,6.606,Mantido na Fase atual,Mantido na Fase atual,Promovido de Fase,DESCONHECIDO,Não atendido,Fase 3 (7º e 8º ano),-1,Melhorar: Melhorar a sua entrega de lições de casa.,Melhorar: Empenhar-se mais nas aulas e avaliações.,Melhorar: Integrar-se mais aos Princípios Passos Mágicos.,2022,0,0,0,0,0,0,0,0,0,0,0,0,0,0,0,0,0,0,0,0,1,0,0,0,0,0,2,1,2,2,2,2,3,2,3,1,1,2,1,3,1,2,1,2,3,1
RA-360,2,D,Aluno-360,Escola Pública,Ametista,7.075,Promovido de Fase,Mantido na Fase atual,Promovido de Fase,DESCONHECIDO,Não atendido,Fase 3 (7º e 8º ano),-1,Destaque: A sua boa entrega das lições de casa.,Melhorar: Empenhar-se mais nas aulas e avaliações.,Melhorar: Integrar-se mais aos Princípios Passos Mágicos.,2022,0,0,0,0,0,0,0,0,0,0,0,0,0,0,0,0,0,0,0,0,1,0,0,0,0,1,2,1,2,2,1,2,4,3,3,2,2,2,1,3,1,2,2,2,3,1
RA-361,2,F,Aluno-361,Escola Pública,Ágata,6.731,Mantido na Fase atual,Mantido na Fase atual,Mantido na Fase atual,DESCONHECIDO,Sem limitações,Fase 3 (7º e 8º ano),-1,Destaque: A sua boa entrega das lições de casa.,Melhorar: Empenhar-se mais nas aulas e avaliações.,Melhorar: Integrar-se mais aos Princípios Passos Mágicos.,2022,0,0,0,0,0,0,0,0,0,0,0,0,0,0,0,0,0,0,0,0,1,0,0,0,0,0,3,2,2,2,2,2,2,4,2,2,1,2,1,1,1,2,1,2,1,1
RA-362,2,F,Aluno-362,Escola Pública,Ametista,7.413,Mantido na Fase atual,Promovido de Fase,Promovido de Fase,DESCONHECIDO,Sem limitações,Fase 3 (7º e 8º ano),-1,Destaque: A sua boa entrega das lições de casa.,Destaque: As suas boas notas na Passos Mágicos.,Destaque: A sua boa integração aos Princípios Passos Mágicos.,2022,0,0,0,0,0,0,0,0,0,0,0,0,0,0,0,0,0,0,0,0,1,0,0,0,0,1,2,1,1,1,2,2,2,2,3,4,3,5,1,3,1,2,2,4,4,1
RA-363,2,F,Aluno-363,Escola Pública,Ágata,6.644,Mantido na Fase atual,Mantido na Fase atual,Mantido na Fase atual,DESCONHECIDO,Sem limitações,Fase 3 (7º e 8º ano),-1,Destaque: A sua boa entrega das lições de casa.,Melhorar: Empenhar-se mais nas aulas e avaliações.,Melhorar: Integrar-se mais aos Princípios Passos Mágicos.,2022,0,0,0,0,0,0,0,0,0,0,0,0,0,0,0,0,0,0,0,0,1,0,0,0,0,0,2,2,2,2,2,2,5,5,3,1,1,1,1,2,1,2,1,1,1,1
RA-364,2,F,Aluno-364,Escola Pública,Topázio,8.75,Promovido de Fase,Mantido na Fase atual,Promovido de Fase,DESCONHECIDO,Sem limitações,Fase 2 (5º e 6º ano),0,Destaque: A sua boa entrega das lições de casa.,Destaque: As suas boas notas na Passos Mágicos.,Destaque: A sua boa integração aos Princípios Passos Mágicos.,2022,0,0,0,0,0,0,0,0,0,0,0,0,0,0,0,0,0,0,0,0,1,0,0,0,0,1,2,1,1,1,1,2,4,5,3,5,5,4,1,4,2,2,3,5,3,0
RA-365,2,F,Aluno-365,Escola Pública,Topázio,8.063,Mantido na Fase atual,Mantido na Fase atual,Mantido na Fase atual,DESCONHECIDO,Sem limitações,Fase 2 (5º e 6º ano),0,Destaque: A sua boa entrega das lições de casa.,Destaque: As suas boas notas na Passos Mágicos.,Destaque: A sua boa integração aos Princípios Passos Mágicos.,2022,0,0,0,0,0,0,0,0,0,0,0,0,0,0,0,0,0,0,0,0,1,0,0,0,0,1,1,2,1,1,1,2,2,5,1,4,2,5,1,4,2,2,3,4,1,0
RA-366,2,F,Aluno-366,Escola Pública,Ametista,7.181,Mantido na Fase atual,Promovido de Fase,Mantido na Fase atual,DESCONHECIDO,Sem limitações,Fase 3 (7º e 8º ano),-1,Destaque: A sua boa entrega das lições de casa.,Melhorar: Empenhar-se mais nas aulas e avaliações.,Melhorar: Integrar-se mais aos Princípios Passos Mágicos.,2022,0,0,0,0,0,0,0,0,0,0,0,0,0,0,0,0,0,0,0,0,1,0,0,0,0,1,2,2,2,1,2,2,4,4,3,2,2,1,1,1,1,2,2,2,1,1
RA-367,2,F,Aluno-367,Escola Pública,Ágata,6.95,Mantido na Fase atual,Promovido de Fase,Mantido na Fase atual,DESCONHECIDO,Sem limitações,Fase 3 (7º e 8º ano),-1,Melhorar: Melhorar a sua entrega de lições de casa.,Melhorar: Empenhar-se mais nas aulas e avaliações.,Destaque: A sua boa integração aos Princípios Passos Mágicos.,2022,0,0,0,0,0,0,0,0,0,0,0,0,0,0,0,0,0,0,0,0,1,0,0,0,0,0,2,1,2,2,2,2,2,2,2,3,2,4,1,3,1,2,1,3,4,1
RA-368,2,F,Aluno-368,Rede Decisão,Ágata,6.969,Mantido na Fase atual,Promovido de Fase,Promovido de Fase,DESCONHECIDO,Requer avaliação,Fase 3 (7º e 8º ano),-1,Destaque: A sua boa entrega das lições de casa.,Melhorar: Empenhar-se mais nas aulas e avaliações.,Destaque: A sua boa integração aos Princípios Passos Mágicos.,2022,0,0,0,0,0,0,0,0,0,0,0,0,0,0,0,0,0,0,0,0,1,0,0,0,0,0,3,1,2,2,2,2,2,2,1,4,2,5,1,3,1,2,1,4,4,1
RA-369,2,F,Aluno-369,Escola Pública,Ágata,6.973,Mantido na Fase atual,Mantido na Fase atual,Mantido na Fase atual,DESCONHECIDO,Sem limitações,Fase 2 (5º e 6º ano),0,Melhorar: Melhorar a sua entrega de lições de casa.,Melhorar: Empenhar-se mais nas aulas e avaliações.,Melhorar: Integrar-se mais aos Princípios Passos Mágicos.,2022,0,0,0,0,0,0,0,0,0,0,0,0,0,0,0,0,0,0,0,0,1,0,0,0,0,0,2,2,2,2,2,2,3,1,3,1,1,2,1,2,2,2,1,2,1,0
RA-370,2,F,Aluno-370,Rede Decisão,Ametista,7.066,Mantido na Fase atual,Promovido de Fase,Promovido de Fase,DESCONHECIDO,Requer avaliação,Fase 3 (7º e 8º ano),-1,Destaque: A sua boa entrega das lições de casa.,Melhorar: Empenhar-se mais nas aulas e avaliações.,Destaque: A sua boa integração aos Princípios Passos Mágicos.,2022,0,0,0,0,0,0,0,0,0,0,0,0,0,0,0,0,0,0,0,0,1,0,0,0,0,1,2,1,2,2,2,2,2,2,1,4,2,5,1,3,1,2,2,4,4,1
RA-371,2,F,Aluno-371,Escola Pública,Topázio,8.112,Mantido na Fase atual,Promovido de Fase,Mantido na Fase atual,DESCONHECIDO,Sem limitações,Fase 2 (5º e 6º ano),0,Destaque: A sua boa entrega das lições de casa.,Destaque: As suas boas notas na Passos Mágicos.,Destaque: A sua boa integração aos Princípios Passos Mágicos.,2022,0,0,0,0,0,0,0,0,0,0,0,0,0,0,0,0,0,0,0,0,1,0,0,0,0,1,1,2,1,1,1,2,4,2,3,5,4,5,1,3,2,2,3,5,1,0
RA-372,2,F,Aluno-372,Escola Pública,Ametista,7.304,Mantido na Fase atual,Promovido de Fase,Mantido na Fase atual,DESCONHECIDO,Sem limitações,Fase 2 (5º e 6º ano),0,Melhorar: Melhorar a sua entrega de lições de casa.,Destaque: As suas boas notas na Passos Mágicos.,Melhorar: Integrar-se mais aos Princípios Passos Mágicos.,2022,0,0,0,0,0,0,0,0,0,0,0,0,0,0,0,0,0,0,0,0,1,0,0,0,0,1,1,1,1,1,2,2,2,1,3,4,5,4,1,2,2,2,2,4,1,0
RA-373,2,F,Aluno-373,Escola Pública,Ametista,7.503,Mantido na Fase atual,Mantido na Fase atual,Mantido na Fase atual,DESCONHECIDO,Requer avaliação,Fase 2 (5º e 6º ano),0,Destaque: A sua boa entrega das lições de casa.,Melhorar: Empenhar-se mais nas aulas e avaliações.,Melhorar: Integrar-se mais aos Princípios Passos Mágicos.,2022,0,0,0,0,0,0,0,0,0,0,0,0,0,0,0,0,0,0,0,0,1,0,0,0,0,1,2,2,1,1,1,2,1,4,1,4,3,4,1,2,2,2,2,4,1,0
RA-374,2,F,Aluno-374,Escola Pública,Ametista,7.747,Mantido na Fase atual,Promovido de Fase,Mantido na Fase atual,DESCONHECIDO,Sem limitações,Fase 3 (7º e 8º ano),-1,Destaque: A sua boa entrega das lições de casa.,Melhorar: Empenhar-se mais nas aulas e avaliações.,Destaque: A sua boa integração aos Princípios Passos Mágicos.,2022,0,0,0,0,0,0,0,0,0,0,0,0,0,0,0,0,0,0,0,0,1,0,0,0,0,1,2,1,1,1,1,2,3,5,3,3,2,5,1,4,1,2,2,3,1,1
RA-375,2,F,Aluno-375,Escola Pública,Ametista,7.831,Mantido na Fase atual,Promovido de Fase,Mantido na Fase atual,DESCONHECIDO,Sem limitações,Fase 2 (5º e 6º ano),0,Destaque: A sua boa entrega das lições de casa.,Melhorar: Empenhar-se mais nas aulas e avaliações.,Destaque: A sua boa integração aos Princípios Passos Mágicos.,2022,0,0,0,0,0,0,0,0,0,0,0,0,0,0,0,0,0,0,0,0,1,0,0,0,0,1,2,1,1,1,1,2,3,4,3,2,1,4,1,3,2,2,2,2,3,0
RA-376,2,F,Aluno-376,Escola Pública,Ágata,6.957,Mantido na Fase atual,Promovido de Fase,Mantido na Fase atual,DESCONHECIDO,Sem limitações,Fase 3 (7º e 8º ano),-1,Destaque: A sua boa entrega das lições de casa.,Melhorar: Empenhar-se mais nas aulas e avaliações.,Destaque: A sua boa integração aos Princípios Passos Mágicos.,2022,0,0,0,0,0,0,0,0,0,0,0,0,0,0,0,0,0,0,0,0,1,0,0,0,0,0,2,1,2,2,2,2,3,4,3,1,1,3,1,3,1,2,1,1,3,1
RA-377,2,F,Aluno-377,Escola Pública,Ágata,6.743,Mantido na Fase atual,Promovido de Fase,Promovido de Fase,DESCONHECIDO,Requer avaliação,Fase 3 (7º e 8º ano),-1,Destaque: A sua boa entrega das lições de casa.,Melhorar: Empenhar-se mais nas aulas e avaliações.,Melhorar: Integrar-se mais aos Princípios Passos Mágicos.,2022,0,0,0,0,0,0,0,0,0,0,0,0,0,0,0,0,0,0,0,0,1,0,0,0,0,0,2,1,2,2,2,2,3,2,2,2,1,4,1,1,1,2,1,2,1,1
RA-378,2,I,Aluno-378,Escola Pública,Ametista,7.203,Promovido de Fase + Bolsa,Promovido de Fase,Promovido de Fase,DESCONHECIDO,Requer avaliação,Fase 3 (7º e 8º ano),-1,Melhorar: Melhorar a sua entrega de lições de casa.,Destaque: As suas boas notas na Passos Mágicos.,Destaque: A sua boa integração aos Princípios Passos Mágicos.,2022,0,0,0,0,0,0,0,0,0,0,0,0,0,0,0,0,0,0,0,0,1,0,0,0,0,1,2,1,1,1,1,2,3,1,2,5,5,4,1,4,1,2,2,4,1,1
RA-379,2,I,Aluno-379,Escola Pública,Ágata,6.722,Mantido na Fase atual,Mantido na Fase atual,Mantido na Fase atual,DESCONHECIDO,Sem limitações,Fase 3 (7º e 8º ano),-1,Destaque: A sua boa entrega das lições de casa.,Melhorar: Empenhar-se mais nas aulas e avaliações.,Melhorar: Integrar-se mais aos Princípios Passos Mágicos.,2022,0,0,0,0,0,0,0,0,0,0,0,0,0,0,0,0,0,0,0,0,1,0,0,0,0,0,3,2,2,2,2,2,2,2,3,2,2,1,1,1,1,2,1,2,1,1
RA-380,2,I,Aluno-380,Escola Pública,Quartzo,4.556,Mantido na Fase atual,Promovido de Fase,Mantido na Fase atual,DESCONHECIDO,Requer avaliação,Fase 3 (7º e 8º ano),-1,Melhorar: Melhorar a sua entrega de lições de casa.,Melhorar: Empenhar-se mais nas aulas e avaliações.,Melhorar: Integrar-se mais aos Princípios Passos Mágicos.,2022,0,0,0,0,0,0,0,0,0,0,0,0,0,0,0,0,0,0,0,0,1,0,0,0,0,0,3,1,2,2,2,2,2,1,1,1,1,1,1,1,1,2,1,1,4,1
RA-381,2,I,Aluno-381,Escola Pública,Ágata,6.454,Mantido na Fase atual,Promovido de Fase,Mantido na Fase atual,DESCONHECIDO,Sem limitações,Fase 3 (7º e 8º ano),-1,Destaque: A sua boa entrega das lições de casa.,Melhorar: Empenhar-se mais nas aulas e avaliações.,Melhorar: Integrar-se mais aos Princípios Passos Mágicos.,2022,0,0,0,0,0,0,0,0,0,0,0,0,0,0,0,0,0,0,0,0,1,0,0,0,0,0,3,1,2,2,2,2,3,3,3,1,1,2,1,2,1,2,1,1,4,1
RA-382,2,I,Aluno-382,Escola Pública,Ágata,6.777,Mantido na Fase atual,Promovido de Fase,Promovido de Fase,DESCONHECIDO,Sem limitações,Fase 4 (9º ano),-2,Destaque: A sua boa entrega das lições de casa.,Melhorar: Empenhar-se mais nas aulas e avaliações.,Melhorar: Integrar-se mais aos Princípios Passos Mágicos.,2022,0,0,0,0,0,0,0,0,0,0,0,0,0,0,0,0,0,0,0,0,1,0,0,0,0,0,3,1,2,2,1,2,3,2,2,2,1,3,1,2,1,2,1,2,4,1
RA-383,2,I,Aluno-383,Escola Pública,Topázio,8.4,Promovido de Fase,Promovido de Fase,Promovido de Fase,DESCONHECIDO,Sem limitações,Fase 2 (5º e 6º ano),0,Destaque: A sua boa entrega das lições de casa.,Destaque: As suas boas notas na Passos Mágicos.,Destaque: A sua boa integração aos Princípios Passos Mágicos.,2022,0,0,0,0,0,0,0,0,0,0,0,0,0,0,0,0,0,0,0,0,1,0,0,0,0,1,2,1,1,1,1,2,3,5,3,5,4,4,1,3,2,2,3,4,3,0
RA-384,2,I,Aluno-384,Escola Pública,Ametista,7.558,Mantido na Fase atual,Promovido de Fase,Mantido na Fase atual,DESCONHECIDO,Requer avaliação,Fase 3 (7º e 8º ano),-1,Destaque: A sua boa entrega das lições de casa.,Destaque: As suas boas notas na Passos Mágicos.,Destaque: A sua boa integração aos Princípios Passos Mágicos.,2022,0,0,0,0,0,0,0,0,0,0,0,0,0,0,0,0,0,0,0,0,1,0,0,0,0,1,2,1,1,1,1,2,3,3,2,5,4,4,1,4,1,2,2,4,4,1
RA-385,2,I,Aluno-385,Escola Pública,Ágata,6.083,Mantido na Fase atual,Promovido de Fase,Mantido na Fase atual,DESCONHECIDO,Sem limitações,Fase 3 (7º e 8º ano),-1,Melhorar: Melhorar a sua entrega de lições de casa.,Melhorar: Empenhar-se mais nas aulas e avaliações.,Melhorar: Integrar-se mais aos Princípios Passos Mágicos.,2022,0,0,0,0,0,0,0,0,0,0,0,0,0,0,0,0,0,0,0,0,1,0,0,0,0,0,2,2,2,2,2,2,1,2,1,2,1,4,1,1,1,2,1,2,1,1
RA-386,2,I,Aluno-386,Escola Pública,Ágata,6.104,Mantido na Fase atual,Promovido de Fase,Mantido na Fase atual,DESCONHECIDO,Requer avaliação,Fase 3 (7º e 8º ano),-1,Melhorar: Melhorar a sua entrega de lições de casa.,Melhorar: Empenhar-se mais nas aulas e avaliações.,Melhorar: Integrar-se mais aos Princípios Passos Mágicos.,2022,0,0,0,0,0,0,0,0,0,0,0,0,0,0,0,0,0,0,0,0,1,0,0,0,0,0,3,1,2,2,2,2,5,1,2,1,1,1,1,2,1,2,1,1,3,1
RA-387,2,I,Aluno-387,Escola Pública,Ágata,6.323,Mantido na Fase atual,Promovido de Fase,Mantido na Fase atual,DESCONHECIDO,Sem limitações,Fase 3 (7º e 8º ano),-1,Destaque: A sua boa entrega das lições de casa.,Melhorar: Empenhar-se mais nas aulas e avaliações.,Melhorar: Integrar-se mais aos Princípios Passos Mágicos.,2022,0,0,0,0,0,0,0,0,0,0,0,0,0,0,0,0,0,0,0,0,1,0,0,0,0,0,3,1,2,2,2,2,1,2,3,1,1,2,1,1,1,2,1,1,3,1
RA-388,2,I,Aluno-388,Escola Pública,Ágata,6.654,Mantido na Fase atual,Promovido de Fase,Mantido na Fase atual,DESCONHECIDO,Requer avaliação,Fase 4 (9º ano),-2,Destaque: A sua boa entrega das lições de casa.,Melhorar: Empenhar-se mais nas aulas e avaliações.,Destaque: A sua boa integração aos Princípios Passos Mágicos.,2022,0,0,0,0,0,0,0,0,0,0,0,0,0,0,0,0,0,0,0,0,1,0,0,0,0,0,3,1,2,2,2,2,2,3,2,1,1,2,1,3,1,2,1,2,3,1
RA-389,2,I,Aluno-389,Escola Pública,Ametista,7.184,Mantido na Fase atual,Mantido na Fase atual,Mantido na Fase atual,DESCONHECIDO,Sem limitações,Fase 2 (5º e 6º ano),0,Destaque: A sua boa entrega das lições de casa.,Melhorar: Empenhar-se mais nas aulas e avaliações.,Destaque: A sua boa integração aos Princípios Passos Mágicos.,2022,0,0,0,0,0,0,0,0,0,0,0,0,0,0,0,0,0,0,0,0,1,0,0,0,0,1,2,1,2,1,1,2,2,3,3,1,1,1,1,3,2,2,2,1,3,0
RA-390,2,I,Aluno-390,Escola Pública,Ágata,6.776,Mantido na Fase atual,Promovido de Fase,Mantido na Fase atual,DESCONHECIDO,Requer avaliação,Fase 3 (7º e 8º ano),-1,Destaque: A sua boa entrega das lições de casa.,Melhorar: Empenhar-se mais nas aulas e avaliações.,Destaque: A sua boa integração aos Princípios Passos Mágicos.,2022,0,0,0,0,0,0,0,0,0,0,0,0,0,0,0,0,0,0,0,0,1,0,0,0,0,0,2,2,2,2,1,2,1,3,2,1,1,2,1,3,1,2,1,2,1,1
RA-391,2,J,Aluno-391,Escola Pública,Ametista,7.117,Promovido de Fase,Mantido na Fase atual,Promovido de Fase,DESCONHECIDO,Sem limitações,Fase 3 (7º e 8º ano),-1,Destaque: A sua boa entrega das lições de casa.,Melhorar: Empenhar-se mais nas aulas e avaliações.,Destaque: A sua boa integração aos Princípios Passos Mágicos.,2022,0,0,0,0,0,0,0,0,0,0,0,0,0,0,0,0,0,0,0,0,1,0,0,0,0,1,2,2,2,2,1,2,5,2,3,2,2,2,1,4,1,2,2,2,1,1
RA-392,2,J,Aluno-392,Escola Pública,Ágata,6.418,Mantido na Fase atual,Mantido na Fase atual,Promovido de Fase,DESCONHECIDO,Não indicado,Fase 4 (9º ano),-2,Destaque: A sua boa entrega das lições de casa.,Melhorar: Empenhar-se mais nas aulas e avaliações.,Melhorar: Integrar-se mais aos Princípios Passos Mágicos.,2022,0,0,0,0,0,0,0,0,0,0,0,0,0,0,0,0,0,0,0,0,1,0,0,0,0,0,3,2,2,2,1,2,4,3,2,1,1,2,1,1,1,2,1,2,1,1
RA-393,2,J,Aluno-393,Escola Pública,Quartzo,5.518,Promovido de Fase,Mantido na Fase atual,Promovido de Fase,DESCONHECIDO,Não indicado,Fase 6 (2º EM),-4,Melhorar: Melhorar a sua entrega de lições de casa.,Melhorar: Empenhar-se mais nas aulas e avaliações.,Melhorar: Integrar-se mais aos Princípios Passos Mágicos.,2022,0,0,0,0,0,0,0,0,0,0,0,0,0,0,0,0,0,0,0,0,1,0,0,0,0,0,4,1,2,2,2,2,5,1,1,1,2,1,1,1,1,2,1,2,4,1
RA-394,2,J,Aluno-394,Escola Pública,Ametista,7.897,Promovido de Fase,Mantido na Fase atual,Promovido de Fase,DESCONHECIDO,Sem limitações,Fase 2 (5º e 6º ano),0,Destaque: A sua boa entrega das lições de casa.,Melhorar: Empenhar-se mais nas aulas e avaliações.,Destaque: A sua boa integração aos Princípios Passos Mágicos.,2022,0,0,0,0,0,0,0,0,0,0,0,0,0,0,0,0,0,0,0,0,1,0,0,0,0,1,2,2,1,1,1,2,4,3,3,2,1,4,1,5,2,2,2,2,1,0
RA-395,2,J,Aluno-395,Escola Pública,Ametista,7.683,Promovido de Fase,Mantido na Fase atual,Promovido de Fase,DESCONHECIDO,Sem limitações,Fase 2 (5º e 6º ano),0,Destaque: A sua boa entrega das lições de casa.,Melhorar: Empenhar-se mais nas aulas e avaliações.,Destaque: A sua boa integração aos Princípios Passos Mágicos.,2022,0,0,0,0,0,0,0,0,0,0,0,0,0,0,0,0,0,0,0,0,1,0,0,0,0,1,2,1,1,1,1,2,3,3,3,2,1,2,1,4,2,2,2,2,4,0
RA-396,2,J,Aluno-396,Escola Pública,Ágata,6.556,Mantido na Fase atual,Mantido na Fase atual,Mantido na Fase atual,DESCONHECIDO,Requer avaliação,Fase 3 (7º e 8º ano),-1,Destaque: A sua boa entrega das lições de casa.,Melhorar: Empenhar-se mais nas aulas e avaliações.,Melhorar: Integrar-se mais aos Princípios Passos Mágicos.,2022,0,0,0,0,0,0,0,0,0,0,0,0,0,0,0,0,0,0,0,0,1,0,0,0,0,0,2,2,2,2,1,2,3,2,2,2,2,3,1,1,1,2,1,2,1,1
RA-397,2,J,Aluno-397,Escola Pública,Quartzo,5.852,Promovido de Fase,Mantido na Fase atual,Promovido de Fase,DESCONHECIDO,Requer avaliação,Fase 4 (9º ano),-2,Melhorar: Melhorar a sua entrega de lições de casa.,Melhorar: Empenhar-se mais nas aulas e avaliações.,Melhorar: Integrar-se mais aos Princípios Passos Mágicos.,2022,0,0,0,0,0,0,0,0,0,0,0,0,0,0,0,0,0,0,0,0,1,0,0,0,0,0,3,1,2,2,1,2,3,1,3,1,1,1,1,2,1,2,1,1,4,1
RA-398,2,K,Aluno-398,Escola Pública,Ametista,7.742,Mantido na Fase atual,Promovido de Fase,Mantido na Fase atual,DESCONHECIDO,Sem limitações,Fase 2 (5º e 6º ano),0,Destaque: A sua boa entrega das lições de casa.,Melhorar: Empenhar-se mais nas aulas e avaliações.,Destaque: A sua boa integração aos Princípios Passos Mágicos.,2022,0,0,0,0,0,0,0,0,0,0,0,0,0,0,0,0,0,0,0,0,1,0,0,0,0,1,1,2,1,1,1,2,3,4,3,2,1,4,1,3,2,2,2,2,1,0
RA-399,2,K,Aluno-399,Escola Pública,Ágata,6.58,Mantido na Fase atual,Promovido de Fase,Mantido na Fase atual,DESCONHECIDO,Requer avaliação,Fase 3 (7º e 8º ano),-1,Destaque: A sua boa entrega das lições de casa.,Melhorar: Empenhar-se mais nas aulas e avaliações.,Destaque: A sua boa integração aos Princípios Passos Mágicos.,2022,0,0,0,0,0,0,0,0,0,0,0,0,0,0,0,0,0,0,0,0,1,0,0,0,0,0,2,2,2,2,2,2,1,4,2,1,1,2,1,3,1,2,1,1,1,1
RA-400,2,K,Aluno-400,Escola Pública,Ágata,6.042,Mantido na Fase atual,Promovido de Fase,Mantido na Fase atual,DESCONHECIDO,Requer avaliação,Fase 4 (9º ano),-2,Destaque: A sua boa entrega das lições de casa.,Melhorar: Empenhar-se mais nas aulas e avaliações.,Melhorar: Integrar-se mais aos Princípios Passos Mágicos.,2022,0,0,0,0,0,0,0,0,0,0,0,0,0,0,0,0,0,0,0,0,1,0,0,0,0,0,3,1,2,2,2,2,3,3,1,1,1,1,1,2,1,2,1,1,4,1
RA-401,2,K,Aluno-401,Escola Pública,Ágata,6.645,Mantido na Fase atual,Promovido de Fase,Mantido na Fase atual,DESCONHECIDO,Sem limitações,Fase 3 (7º e 8º ano),-1,Destaque: A sua boa entrega das lições de casa.,Melhorar: Empenhar-se mais nas aulas e avaliações.,Melhorar: Integrar-se mais aos Princípios Passos Mágicos.,2022,0,0,0,0,0,0,0,0,0,0,0,0,0,0,0,0,0,0,0,0,1,0,0,0,0,0,2,1,2,2,2,2,1,5,3,1,1,1,1,1,1,2,1,1,1,1
RA-402,2,K,Aluno-402,Escola Pública,Quartzo,5.261,Mantido na Fase atual,Promovido de Fase,Mantido na Fase atual,DESCONHECIDO,Requer avaliação,Fase 3 (7º e 8º ano),-1,Melhorar: Melhorar a sua entrega de lições de casa.,Melhorar: Empenhar-se mais nas aulas e avaliações.,Melhorar: Integrar-se mais aos Princípios Passos Mágicos.,2022,0,0,0,0,0,0,0,0,0,0,0,0,0,0,0,0,0,0,0,0,1,0,0,0,0,0,2,1,2,2,2,2,3,1,1,1,1,1,1,2,1,2,1,1,3,1
RA-403,2,K,Aluno-403,Escola Pública,Ametista,7.455,Mantido na Fase atual,Promovido de Fase,Mantido na Fase atual,DESCONHECIDO,Sem limitações,Fase 3 (7º e 8º ano),-1,Destaque: A sua boa entrega das lições de casa.,Melhorar: Empenhar-se mais nas aulas e avaliações.,Destaque: A sua boa integração aos Princípios Passos Mágicos.,2022,0,0,0,0,0,0,0,0,0,0,0,0,0,0,0,0,0,0,0,0,1,0,0,0,0,1,2,1,1,1,1,2,4,4,3,3,3,2,1,3,1,2,2,3,2,1
RA-404,2,K,Aluno-404,Escola Pública,Ágata,6.658,Mantido na Fase atual,Promovido de Fase,Mantido na Fase atual,DESCONHECIDO,Sem limitações,Fase 3 (7º e 8º ano),-1,Melhorar: Melhorar a sua entrega de lições de casa.,Melhorar: Empenhar-se mais nas aulas e avaliações.,Melhorar: Integrar-se mais aos Princípios Passos Mágicos.,2022,0,0,0,0,0,0,0,0,0,0,0,0,0,0,0,0,0,0,0,0,1,0,0,0,0,0,2,1,2,2,2,2,3,2,3,2,1,3,1,2,1,2,1,2,2,1
RA-405,2,K,Aluno-405,Escola Pública,Quartzo,5.661,Mantido na Fase atual,Promovido de Fase,Mantido na Fase atual,DESCONHECIDO,Requer avaliação,Fase 3 (7º e 8º ano),-1,Melhorar: Melhorar a sua entrega de lições de casa.,Melhorar: Empenhar-se mais nas aulas e avaliações.,Melhorar: Integrar-se mais aos Princípios Passos Mágicos.,2022,0,0,0,0,0,0,0,0,0,0,0,0,0,0,0,0,0,0,0,0,1,0,0,0,0,0,3,1,2,2,2,2,4,1,1,1,1,1,1,1,1,2,1,1,4,1
RA-406,2,K,Aluno-406,Escola Pública,Ametista,7.496,Mantido na Fase atual,Promovido de Fase,Promovido de Fase,DESCONHECIDO,Sem limitações,Fase 3 (7º e 8º ano),-1,Destaque: A sua boa entrega das lições de casa.,Melhorar: Empenhar-se mais nas aulas e avaliações.,Melhorar: Integrar-se mais aos Princípios Passos Mágicos.,2022,0,0,0,0,0,0,0,0,0,0,0,0,0,0,0,0,0,0,0,0,1,0,0,0,0,1,3,1,1,1,1,2,4,4,3,3,2,4,1,2,1,2,2,3,3,1
RA-407,2,K,Aluno-407,Escola Pública,Ametista,7.195,Mantido na Fase atual,Promovido de Fase,Mantido na Fase atual,DESCONHECIDO,Sem limitações,Fase 3 (7º e 8º ano),-1,Destaque: A sua boa entrega das lições de casa.,Melhorar: Empenhar-se mais nas aulas e avaliações.,Melhorar: Integrar-se mais aos Princípios Passos Mágicos.,2022,0,0,0,0,0,0,0,0,0,0,0,0,0,0,0,0,0,0,0,0,1,0,0,0,0,1,3,2,2,1,1,2,2,4,3,2,1,4,1,2,1,2,2,2,1,1
RA-408,2,K,Aluno-408,Escola Pública,Ágata,6.725,Mantido na Fase atual,Promovido de Fase,Mantido na Fase atual,DESCONHECIDO,Sem limitações,Fase 3 (7º e 8º ano),-1,Destaque: A sua boa entrega das lições de casa.,Melhorar: Empenhar-se mais nas aulas e avaliações.,Melhorar: Integrar-se mais aos Princípios Passos Mágicos.,2022,0,0,0,0,0,0,0,0,0,0,0,0,0,0,0,0,0,0,0,0,1,0,0,0,0,0,2,2,2,2,1,2,2,5,3,1,1,2,1,2,1,2,1,1,1,1
RA-409,2,K,Aluno-409,Escola Pública,Topázio,8.15,Mantido na Fase atual,Promovido de Fase,Mantido na Fase atual,DESCONHECIDO,Sem limitações,Fase 2 (5º e 6º ano),0,Destaque: A sua boa entrega das lições de casa.,Destaque: As suas boas notas na Passos Mágicos.,Destaque: A sua boa integração aos Princípios Passos Mágicos.,2022,0,0,0,0,0,0,0,0,0,0,0,0,0,0,0,0,0,0,0,0,1,0,0,0,0,1,2,2,1,1,1,2,2,5,3,4,2,5,1,3,2,2,3,4,1,0
RA-410,2,K,Aluno-410,Escola Pública,Quartzo,5.675,Mantido na Fase atual,Promovido de Fase,Mantido na Fase atual,DESCONHECIDO,Requer avaliação,Fase 4 (9º ano),-2,Melhorar: Melhorar a sua entrega de lições de casa.,Melhorar: Empenhar-se mais nas aulas e avaliações.,Melhorar: Integrar-se mais aos Princípios Passos Mágicos.,2022,0,0,0,0,0,0,0,0,0,0,0,0,0,0,0,0,0,0,0,0,1,0,0,0,0,0,3,1,2,2,2,2,1,1,2,1,1,1,1,2,1,2,1,1,4,1
RA-411,2,L,Aluno-411,Escola Pública,Ametista,7.232,Mantido na Fase atual,Promovido de Fase,Mantido na Fase atual,DESCONHECIDO,Não atendido,Fase 3 (7º e 8º ano),-1,Destaque: A sua boa entrega das lições de casa.,Melhorar: Empenhar-se mais nas aulas e avaliações.,Destaque: A sua boa integração aos Princípios Passos Mágicos.,2022,0,0,0,0,0,0,0,0,0,0,0,0,0,0,0,0,0,0,0,0,1,0,0,0,0,1,2,1,1,1,2,2,1,3,3,4,3,4,1,4,1,2,2,4,3,1
RA-412,2,L,Aluno-412,Escola Pública,Ametista,7.556,Mantido na Fase atual,Promovido de Fase,Mantido na Fase atual,DESCONHECIDO,Não atendido,Fase 3 (7º e 8º ano),-1,Destaque: A sua boa entrega das lições de casa.,Melhorar: Empenhar-se mais nas aulas e avaliações.,Destaque: A sua boa integração aos Princípios Passos Mágicos.,2022,0,0,0,0,0,0,0,0,0,0,0,0,0,0,0,0,0,0,0,0,1,0,0,0,0,1,2,1,1,1,2,2,2,4,3,4,3,4,1,3,1,2,2,4,4,1
RA-413,2,L,Aluno-413,Escola Pública,Ágata,6.408,Mantido na Fase atual,Mantido na Fase atual,Mantido na Fase atual,DESCONHECIDO,Requer avaliação,Fase 3 (7º e 8º ano),-1,Destaque: A sua boa entrega das lições de casa.,Melhorar: Empenhar-se mais nas aulas e avaliações.,Melhorar: Integrar-se mais aos Princípios Passos Mágicos.,2022,0,0,0,0,0,0,0,0,0,0,0,0,0,0,0,0,0,0,0,0,1,0,0,0,0,0,2,2,2,2,2,2,1,3,2,1,1,2,1,2,1,2,1,2,1,1
RA-414,2,L,Aluno-414,Escola Pública,Ametista,7.284,Mantido na Fase atual,Promovido de Fase,Mantido na Fase atual,DESCONHECIDO,Não atendido,Fase 3 (7º e 8º ano),-1,Destaque: A sua boa entrega das lições de casa.,Melhorar: Empenhar-se mais nas aulas e avaliações.,Destaque: A sua boa integração aos Princípios Passos Mágicos.,2022,0,0,0,0,0,0,0,0,0,0,0,0,0,0,0,0,0,0,0,0,1,0,0,0,0,1,2,1,1,1,2,2,2,4,3,2,2,2,1,3,1,2,2,2,1,1
RA-415,2,L,Aluno-415,Escola Pública,Ametista,7.695,Mantido na Fase atual,Promovido de Fase,Mantido na Fase atual,DESCONHECIDO,Não atendido,Fase 2 (5º e 6º ano),0,Destaque: A sua boa entrega das lições de casa.,Melhorar: Empenhar-se mais nas aulas e avaliações.,Destaque: A sua boa integração aos Princípios Passos Mágicos.,2022,0,0,0,0,0,0,0,0,0,0,0,0,0,0,0,0,0,0,0,0,1,0,0,0,0,1,2,1,1,1,2,2,2,3,3,2,2,4,1,4,2,2,2,2,3,0
RA-416,2,L,Aluno-416,Rede Decisão,Ametista,7.913,Mantido na Fase atual,Promovido de Fase,Mantido na Fase atual,DESCONHECIDO,Sem limitações,Fase 3 (7º e 8º ano),-1,Destaque: A sua boa entrega das lições de casa.,Melhorar: Empenhar-se mais nas aulas e avaliações.,Destaque: A sua boa integração aos Princípios Passos Mágicos.,2022,0,0,0,0,0,0,0,0,0,0,0,0,0,0,0,0,0,0,0,0,1,0,0,0,0,1,2,1,1,1,1,2,4,4,5,4,3,4,1,4,1,2,2,4,4,1
RA-417,2,L,Aluno-417,Escola Pública,Topázio,8.428,Promovido de Fase,Promovido de Fase,Mantido na Fase atual,DESCONHECIDO,Não atendido,Fase 3 (7º e 8º ano),-1,Destaque: A sua boa entrega das lições de casa.,Destaque: As suas boas notas na Passos Mágicos.,Destaque: A sua boa integração aos Princípios Passos Mágicos.,2022,0,0,0,0,0,0,0,0,0,0,0,0,0,0,0,0,0,0,0,0,1,0,0,0,0,1,3,2,1,1,1,2,5,5,3,4,2,5,1,5,1,2,3,4,1,1
RA-418,2,L,Aluno-418,Rede Decisão,Topázio,8.175,Mantido na Fase atual,Mantido na Fase atual,Mantido na Fase atual,DESCONHECIDO,Não atendido,Fase 2 (5º e 6º ano),0,Destaque: A sua boa entrega das lições de casa.,Destaque: As suas boas notas na Passos Mágicos.,Destaque: A sua boa integração aos Princípios Passos Mágicos.,2022,0,0,0,0,0,0,0,0,0,0,0,0,0,0,0,0,0,0,0,0,1,0,0,0,0,1,1,1,1,1,1,2,2,4,3,4,3,5,1,4,2,2,3,4,2,0
RA-419,2,L,Aluno-419,Rede Decisão,Ametista,7.359,Mantido na Fase atual,Promovido de Fase,Mantido na Fase atual,DESCONHECIDO,Requer avaliação,Fase 3 (7º e 8º ano),-1,Destaque: A sua boa entrega das lições de casa.,Melhorar: Empenhar-se mais nas aulas e avaliações.,Destaque: A sua boa integração aos Princípios Passos Mágicos.,2022,0,0,0,0,0,0,0,0,0,0,0,0,0,0,0,0,0,0,0,0,1,0,0,0,0,1,2,1,1,1,2,2,1,4,2,3,2,5,1,5,1,2,2,3,3,1
RA-420,2,L,Aluno-420,Rede Decisão,Ametista,7.461,Mantido na Fase atual,Promovido de Fase,Mantido na Fase atual,DESCONHECIDO,Requer avaliação,Fase 2 (5º e 6º ano),0,Destaque: A sua boa entrega das lições de casa.,Melhorar: Empenhar-se mais nas aulas e avaliações.,Destaque: A sua boa integração aos Princípios Passos Mágicos.,2022,0,0,0,0,0,0,0,0,0,0,0,0,0,0,0,0,0,0,0,0,1,0,0,0,0,1,2,1,1,1,2,2,4,4,2,1,1,4,1,4,2,2,2,2,3,0
RA-421,2,L,Aluno-421,Escola Pública,Topázio,8.717,Promovido de Fase + Bolsa,Promovido de Fase,Mantido na Fase atual,DESCONHECIDO,Não atendido,Fase 2 (5º e 6º ano),0,Destaque: A sua boa entrega das lições de casa.,Destaque: As suas boas notas na Passos Mágicos.,Destaque: A sua boa integração aos Princípios Passos Mágicos.,2022,0,0,0,0,0,0,0,0,0,0,0,0,0,0,0,0,0,0,0,0,1,0,0,0,0,1,2,1,1,1,1,2,2,4,3,5,5,5,1,5,2,2,3,5,1,0
RA-422,2,L,Aluno-422,Escola Pública,Ágata,6.746,Mantido na Fase atual,Mantido na Fase atual,Mantido na Fase atual,DESCONHECIDO,Não atendido,Fase 3 (7º e 8º ano),-1,Destaque: A sua boa entrega das lições de casa.,Melhorar: Empenhar-se mais nas aulas e avaliações.,Destaque: A sua boa integração aos Princípios Passos Mágicos.,2022,0,0,0,0,0,0,0,0,0,0,0,0,0,0,0,0,0,0,0,0,1,0,0,0,0,0,2,2,2,2,2,2,2,5,3,1,1,1,1,3,1,2,1,1,1,1
RA-423,2,L,Aluno-423,Escola Pública,Ágata,6.647,Mantido na Fase atual,Mantido na Fase atual,Mantido na Fase atual,DESCONHECIDO,Sem limitações,Fase 3 (7º e 8º ano),-1,Destaque: A sua boa entrega das lições de casa.,Melhorar: Empenhar-se mais nas aulas e avaliações.,Destaque: A sua boa integração aos Princípios Passos Mágicos.,2022,0,0,0,0,0,0,0,0,0,0,0,0,0,0,0,0,0,0,0,0,1,0,0,0,0,0,2,2,2,2,2,2,2,5,3,1,1,1,1,3,1,2,1,1,1,1
RA-424,2,L,Aluno-424,Escola Pública,Ametista,7.94,Promovido de Fase,Mantido na Fase atual,Mantido na Fase atual,DESCONHECIDO,Não atendido,Fase 3 (7º e 8º ano),-1,Destaque: A sua boa entrega das lições de casa.,Destaque: As suas boas notas na Passos Mágicos.,Destaque: A sua boa integração aos Princípios Passos Mágicos.,2022,0,0,0,0,0,0,0,0,0,0,0,0,0,0,0,0,0,0,0,0,1,0,0,0,0,1,2,2,1,1,1,2,3,5,3,4,5,1,1,4,1,2,2,4,1,1
RA-425,2,L,Aluno-425,Escola Pública,Topázio,8.117,Promovido de Fase,Mantido na Fase atual,Mantido na Fase atual,DESCONHECIDO,Não atendido,Fase 3 (7º e 8º ano),-1,Destaque: A sua boa entrega das lições de casa.,Destaque: As suas boas notas na Passos Mágicos.,Destaque: A sua boa integração aos Princípios Passos Mágicos.,2022,0,0,0,0,0,0,0,0,0,0,0,0,0,0,0,0,0,0,0,0,1,0,0,0,0,1,2,2,1,1,1,2,3,5,3,5,5,5,1,3,1,2,3,5,1,1
RA-426,2,M,Aluno-426,Escola Pública,Ágata,6.35,Mantido na Fase atual,Mantido na Fase atual,Mantido na Fase atual,DESCONHECIDO,Não atendido,Fase 4 (9º ano),-2,Melhorar: Melhorar a sua entrega de lições de casa.,Melhorar: Empenhar-se mais nas aulas e avaliações.,Melhorar: Integrar-se mais aos Princípios Passos Mágicos.,2022,0,0,0,0,0,0,0,0,0,0,0,0,0,0,0,0,0,0,0,0,1,0,0,0,0,0,3,2,2,2,2,2,3,1,3,1,1,3,1,2,1,2,1,2,1,1
RA-427,2,M,Aluno-427,Escola Pública,Ágata,6.245,Mantido na Fase atual,Mantido na Fase atual,Mantido na Fase atual,DESCONHECIDO,Não atendido,Fase 3 (7º e 8º ano),-1,Destaque: A sua boa entrega das lições de casa.,Melhorar: Empenhar-se mais nas aulas e avaliações.,Melhorar: Integrar-se mais aos Princípios Passos Mágicos.,2022,0,0,0,0,0,0,0,0,0,0,0,0,0,0,0,0,0,0,0,0,1,0,0,0,0,0,3,2,2,2,2,2,2,3,3,1,1,1,1,1,1,2,1,1,1,1
RA-428,2,M,Aluno-428,Escola Pública,Ametista,7.683,Promovido de Fase,Mantido na Fase atual,Mantido na Fase atual,DESCONHECIDO,Não atendido,Fase 3 (7º e 8º ano),-1,Destaque: A sua boa entrega das lições de casa.,Destaque: As suas boas notas na Passos Mágicos.,Melhorar: Integrar-se mais aos Princípios Passos Mágicos.,2022,0,0,0,0,0,0,0,0,0,0,0,0,0,0,0,0,0,0,0,0,1,0,0,0,0,1,3,2,1,1,1,2,1,3,3,5,5,5,1,2,1,2,2,5,1,1
RA-429,2,M,Aluno-429,Escola Pública,Quartzo,5.811,Mantido na Fase atual,Mantido na Fase atual,Mantido na Fase atual,DESCONHECIDO,Não atendido,Fase 3 (7º e 8º ano),-1,Melhorar: Melhorar a sua entrega de lições de casa.,Melhorar: Empenhar-se mais nas aulas e avaliações.,Melhorar: Integrar-se mais aos Princípios Passos Mágicos.,2022,0,0,0,0,0,0,0,0,0,0,0,0,0,0,0,0,0,0,0,0,1,0,0,0,0,0,3,1,2,2,2,2,5,1,3,1,1,1,1,1,1,2,1,1,3,1
RA-430,2,M,Aluno-430,Escola Pública,Ametista,7.585,Mantido na Fase atual,Mantido na Fase atual,Mantido na Fase atual,DESCONHECIDO,Não atendido,Fase 3 (7º e 8º ano),-1,Destaque: A sua boa entrega das lições de casa.,Destaque: As suas boas notas na Passos Mágicos.,Melhorar: Integrar-se mais aos Princípios Passos Mágicos.,2022,0,0,0,0,0,0,0,0,0,0,0,0,0,0,0,0,0,0,0,0,1,0,0,0,0,1,3,2,1,1,1,2,4,3,3,5,4,5,1,1,1,2,2,5,1,1
RA-431,2,M,Aluno-431,Escola Pública,Ametista,7.175,Mantido na Fase atual,Mantido na Fase atual,Mantido na Fase atual,DESCONHECIDO,Não atendido,Fase 2 (5º e 6º ano),0,Destaque: A sua boa entrega das lições de casa.,Melhorar: Empenhar-se mais nas aulas e avaliações.,Melhorar: Integrar-se mais aos Princípios Passos Mágicos.,2022,0,0,0,0,0,0,0,0,0,0,0,0,0,0,0,0,0,0,0,0,1,0,0,0,0,1,2,2,2,2,1,2,3,2,3,1,2,1,1,1,2,2,2,2,1,0
RA-432,2,M,Aluno-432,Escola Pública,Ágata,6.34,Mantido na Fase atual,Mantido na Fase atual,Mantido na Fase atual,DESCONHECIDO,Requer avaliação,Fase 4 (9º ano),-2,Melhorar: Melhorar a sua entrega de lições de casa.,Melhorar: Empenhar-se mais nas aulas e avaliações.,Melhorar: Integrar-se mais aos Princípios Passos Mágicos.,2022,0,0,0,0,0,0,0,0,0,0,0,0,0,0,0,0,0,0,0,0,1,0,0,0,0,0,3,1,2,2,2,2,5,1,1,2,2,1,1,1,1,2,1,2,3,1
RA-433,2,M,Aluno-433,Escola Pública,Quartzo,5.557,Mantido na Fase atual,Mantido na Fase atual,Mantido na Fase atual,DESCONHECIDO,Requer avaliação,Fase 3 (7º e 8º ano),-1,Melhorar: Melhorar a sua entrega de lições de casa.,Melhorar: Empenhar-se mais nas aulas e avaliações.,Melhorar: Integrar-se mais aos Princípios Passos Mágicos.,2022,0,0,0,0,0,0,0,0,0,0,0,0,0,0,0,0,0,0,0,0,1,0,0,0,0,0,2,2,2,2,2,2,2,2,1,1,1,1,1,1,1,2,1,1,1,1
RA-434,2,M,Aluno-434,Escola Pública,Ametista,7.403,Mantido na Fase atual,Mantido na Fase atual,Mantido na Fase atual,DESCONHECIDO,Sem limitações,Fase 2 (5º e 6º ano),0,Destaque: A sua boa entrega das lições de casa.,Melhorar: Empenhar-se mais nas aulas e avaliações.,Melhorar: Integrar-se mais aos Princípios Passos Mágicos.,2022,0,0,0,0,0,0,0,0,0,0,0,0,0,0,0,0,0,0,0,0,1,0,0,0,0,1,2,2,1,1,1,2,3,2,3,2,2,3,1,1,2,2,2,2,1,0
RA-435,2,M,Aluno-435,Escola Pública,Ágata,6.599,Mantido na Fase atual,Mantido na Fase atual,Mantido na Fase atual,DESCONHECIDO,Sem limitações,Fase 2 (5º e 6º ano),0,Melhorar: Melhorar a sua entrega de lições de casa.,Melhorar: Empenhar-se mais nas aulas e avaliações.,Melhorar: Integrar-se mais aos Princípios Passos Mágicos.,2022,0,0,0,0,0,0,0,0,0,0,0,0,0,0,0,0,0,0,0,0,1,0,0,0,0,0,1,2,2,2,2,2,2,1,3,1,1,2,1,1,2,2,1,2,1,0
RA-436,2,M,Aluno-436,Escola Pública,Ágata,6.687,Mantido na Fase atual,Mantido na Fase atual,Mantido na Fase atual,DESCONHECIDO,Sem limitações,Fase 2 (5º e 6º ano),0,Destaque: A sua boa entrega das lições de casa.,Melhorar: Empenhar-se mais nas aulas e avaliações.,Melhorar: Integrar-se mais aos Princípios Passos Mágicos.,2022,0,0,0,0,0,0,0,0,0,0,0,0,0,0,0,0,0,0,0,0,1,0,0,0,0,0,2,2,2,2,2,2,4,2,3,1,1,1,1,1,2,2,1,1,1,0
RA-437,2,M,Aluno-437,Escola Pública,Ágata,6.875,Mantido na Fase atual,Mantido na Fase atual,Mantido na Fase atual,DESCONHECIDO,Sem limitações,Fase 3 (7º e 8º ano),-1,Destaque: A sua boa entrega das lições de casa.,Melhorar: Empenhar-se mais nas aulas e avaliações.,Melhorar: Integrar-se mais aos Princípios Passos Mágicos.,2022,0,0,0,0,0,0,0,0,0,0,0,0,0,0,0,0,0,0,0,0,1,0,0,0,0,0,3,2,2,2,1,2,2,3,3,2,2,2,1,1,1,2,1,2,1,1
RA-438,2,M,Aluno-438,Escola Pública,Ametista,7.764,Mantido na Fase atual,Mantido na Fase atual,Mantido na Fase atual,DESCONHECIDO,Sem limitações,Fase 2 (5º e 6º ano),0,Destaque: A sua boa entrega das lições de casa.,Melhorar: Empenhar-se mais nas aulas e avaliações.,Melhorar: Integrar-se mais aos Princípios Passos Mágicos.,2022,0,0,0,0,0,0,0,0,0,0,0,0,0,0,0,0,0,0,0,0,1,0,0,0,0,1,1,2,1,1,1,2,2,3,3,4,3,4,1,2,2,2,2,4,1,0
RA-439,2,M,Aluno-439,Escola Pública,Quartzo,5.519,Mantido na Fase atual,Mantido na Fase atual,Mantido na Fase atual,DESCONHECIDO,Sem limitações,Fase 3 (7º e 8º ano),-1,Melhorar: Melhorar a sua entrega de lições de casa.,Melhorar: Empenhar-se mais nas aulas e avaliações.,Melhorar: Integrar-se mais aos Princípios Passos Mágicos.,2022,0,0,0,0,0,0,0,0,0,0,0,0,0,0,0,0,0,0,0,0,1,0,0,0,0,0,2,2,2,2,2,2,3,1,3,1,1,1,1,1,1,2,1,1,1,1
RA-440,2,P,Aluno-440,Escola Pública,Ametista,7.329,Mantido na Fase atual,Mantido na Fase atual,Mantido na Fase atual,DESCONHECIDO,Não atendido,Fase 2 (5º e 6º ano),0,Destaque: A sua boa entrega das lições de casa.,Melhorar: Empenhar-se mais nas aulas e avaliações.,Melhorar: Integrar-se mais aos Princípios Passos Mágicos.,2022,0,0,0,0,0,0,0,0,0,0,0,0,0,0,0,0,0,0,0,0,1,0,0,0,0,1,2,2,1,1,1,2,4,4,3,2,2,1,1,1,2,2,2,2,1,0
RA-441,2,P,Aluno-441,Escola Pública,Topázio,8.188,Promovido de Fase,Promovido de Fase,Mantido na Fase atual,DESCONHECIDO,Não atendido,Fase 2 (5º e 6º ano),0,Destaque: A sua boa entrega das lições de casa.,Destaque: As suas boas notas na Passos Mágicos.,Destaque: A sua boa integração aos Princípios Passos Mágicos.,2022,0,0,0,0,0,0,0,0,0,0,0,0,0,0,0,0,0,0,0,0,1,0,0,0,0,1,2,1,1,1,1,2,3,2,3,4,4,4,1,4,2,2,3,4,3,0
RA-442,2,P,Aluno-442,Escola Pública,Topázio,8.226,Promovido de Fase,Mantido na Fase atual,Mantido na Fase atual,DESCONHECIDO,Não atendido,Fase 2 (5º e 6º ano),0,Destaque: A sua boa entrega das lições de casa.,Destaque: As suas boas notas na Passos Mágicos.,Destaque: A sua boa integração aos Princípios Passos Mágicos.,2022,0,0,0,0,0,0,0,0,0,0,0,0,0,0,0,0,0,0,0,0,1,0,0,0,0,1,2,2,1,1,1,2,5,2,3,4,5,2,1,4,2,2,3,4,1,0
RA-443,2,P,Aluno-443,Escola Pública,Ametista,7.482,Promovido de Fase,Promovido de Fase,Mantido na Fase + Bolsa,DESCONHECIDO,Não atendido,Fase 3 (7º e 8º ano),-1,Destaque: A sua boa entrega das lições de casa.,Melhorar: Empenhar-se mais nas aulas e avaliações.,Destaque: A sua boa integração aos Princípios Passos Mágicos.,2022,0,0,0,0,0,0,0,0,0,0,0,0,0,0,0,0,0,0,0,0,1,0,0,0,0,1,3,1,1,1,1,2,3,4,3,2,4,1,1,5,1,2,2,2,3,1
RA-444,2,P,Aluno-444,Escola Pública,Ágata,6.665,Mantido na Fase atual,Promovido de Fase,Mantido na Fase atual,DESCONHECIDO,Requer avaliação,Fase 2 (5º e 6º ano),0,Melhorar: Melhorar a sua entrega de lições de casa.,Melhorar: Empenhar-se mais nas aulas e avaliações.,Destaque: A sua boa integração aos Princípios Passos Mágicos.,2022,0,0,0,0,0,0,0,0,0,0,0,0,0,0,0,0,0,0,0,0,1,0,0,0,0,0,2,1,2,2,2,2,3,2,1,1,1,1,1,3,2,2,1,1,4,0
RA-445,2,P,Aluno-445,Escola Pública,Ágata,6.924,Mantido na Fase atual,Promovido de Fase,Mantido na Fase atual,DESCONHECIDO,Não atendido,Fase 3 (7º e 8º ano),-1,Destaque: A sua boa entrega das lições de casa.,Melhorar: Empenhar-se mais nas aulas e avaliações.,Destaque: A sua boa integração aos Princípios Passos Mágicos.,2022,0,0,0,0,0,0,0,0,0,0,0,0,0,0,0,0,0,0,0,0,1,0,0,0,0,0,2,2,2,2,2,2,3,4,3,1,1,4,1,3,1,2,1,1,1,1
RA-446,2,P,Aluno-446,Escola Pública,Ametista,7.367,Promovido de Fase,Promovido de Fase,Mantido na Fase atual,DESCONHECIDO,Requer avaliação,Fase 3 (7º e 8º ano),-1,Destaque: A sua boa entrega das lições de casa.,Melhorar: Empenhar-se mais nas aulas e avaliações.,Destaque: A sua boa integração aos Princípios Passos Mágicos.,2022,0,0,0,0,0,0,0,0,0,0,0,0,0,0,0,0,0,0,0,0,1,0,0,0,0,1,3,1,1,1,1,2,4,3,1,3,3,4,1,4,1,2,2,3,4,1
RA-447,2,P,Aluno-447,Escola Pública,Quartzo,5.607,Mantido na Fase atual,Mantido na Fase atual,Mantido na Fase atual,DESCONHECIDO,Não atendido,Fase 2 (5º e 6º ano),0,Melhorar: Melhorar a sua entrega de lições de casa.,Melhorar: Empenhar-se mais nas aulas e avaliações.,Melhorar: Integrar-se mais aos Princípios Passos Mágicos.,2022,0,0,0,0,0,0,0,0,0,0,0,0,0,0,0,0,0,0,0,0,1,0,0,0,0,0,1,2,2,2,2,2,1,2,3,1,4,1,1,1,2,2,1,1,1,0
RA-448,2,P,Aluno-448,Escola Pública,Ametista,7.972,Mantido na Fase atual,Mantido na Fase atual,Mantido na Fase atual,DESCONHECIDO,Não atendido,Fase 2 (5º e 6º ano),0,Destaque: A sua boa entrega das lições de casa.,Melhorar: Empenhar-se mais nas aulas e avaliações.,Destaque: A sua boa integração aos Princípios Passos Mágicos.,2022,0,0,0,0,0,0,0,0,0,0,0,0,0,0,0,0,0,0,0,0,1,0,0,0,0,1,2,2,1,1,1,2,3,5,3,2,2,2,1,4,2,2,2,2,1,0
RA-449,2,P,Aluno-449,Escola Pública,Ágata,6.143,Mantido na Fase atual,Mantido na Fase atual,Mantido na Fase atual,DESCONHECIDO,Não atendido,Fase 3 (7º e 8º ano),-1,Melhorar: Melhorar a sua entrega de lições de casa.,Melhorar: Empenhar-se mais nas aulas e avaliações.,Destaque: A sua boa integração aos Princípios Passos Mágicos.,2022,0,0,0,0,0,0,0,0,0,0,0,0,0,0,0,0,0,0,0,0,1,0,0,0,0,0,2,2,2,2,2,2,1,1,3,3,2,4,1,4,1,2,1,3,1,1
RA-450,2,Q,Aluno-450,Escola Pública,Ametista,7.843,Promovido de Fase,Promovido de Fase,Mantido na Fase atual,DESCONHECIDO,Não atendido,Fase 3 (7º e 8º ano),-1,Destaque: A sua boa entrega das lições de casa.,Melhorar: Empenhar-se mais nas aulas e avaliações.,Destaque: A sua boa integração aos Princípios Passos Mágicos.,2022,0,0,0,0,0,0,0,0,0,0,0,0,0,0,0,0,0,0,0,0,1,0,0,0,0,1,3,1,1,1,1,2,5,4,3,4,3,4,1,4,1,2,2,4,1,1
RA-451,2,Q,Aluno-451,Escola Pública,Ágata,6.434,Mantido na Fase atual,Mantido na Fase atual,Promovido de Fase,DESCONHECIDO,Requer avaliação,Fase 3 (7º e 8º ano),-1,Melhorar: Melhorar a sua entrega de lições de casa.,Melhorar: Empenhar-se mais nas aulas e avaliações.,Melhorar: Integrar-se mais aos Princípios Passos Mágicos.,2022,0,0,0,0,0,0,0,0,0,0,0,0,0,0,0,0,0,0,0,0,1,0,0,0,0,0,3,1,2,2,2,2,3,1,2,2,1,5,1,2,1,2,1,2,3,1
RA-452,2,Q,Aluno-452,Escola Pública,Ágata,6.287,Mantido na Fase atual,Mantido na Fase atual,Mantido na Fase atual,DESCONHECIDO,Não atendido,Fase 3 (7º e 8º ano),-1,Melhorar: Melhorar a sua entrega de lições de casa.,Melhorar: Empenhar-se mais nas aulas e avaliações.,Melhorar: Integrar-se mais aos Princípios Passos Mágicos.,2022,0,0,0,0,0,0,0,0,0,0,0,0,0,0,0,0,0,0,0,0,1,0,0,0,0,0,3,1,2,2,2,2,3,1,3,1,2,1,1,2,1,2,1,2,1,1
RA-453,2,Q,Aluno-453,Escola Pública,Ametista,7.845,Promovido de Fase,Promovido de Fase,Mantido na Fase atual,DESCONHECIDO,Não atendido,Fase 3 (7º e 8º ano),-1,Destaque: A sua boa entrega das lições de casa.,Destaque: As suas boas notas na Passos Mágicos.,Destaque: A sua boa integração aos Princípios Passos Mágicos.,2022,0,0,0,0,0,0,0,0,0,0,0,0,0,0,0,0,0,0,0,0,1,0,0,0,0,1,3,2,1,1,1,2,3,3,3,5,4,5,1,3,1,2,2,5,1,1
RA-454,2,Q,Aluno-454,Escola Pública,Quartzo,5.561,Mantido na Fase atual,Mantido na Fase atual,Mantido na Fase atual,DESCONHECIDO,Não indicado,Fase 4 (9º ano),-2,Destaque: A sua boa entrega das lições de casa.,Melhorar: Empenhar-se mais nas aulas e avaliações.,Melhorar: Integrar-se mais aos Princípios Passos Mágicos.,2022,0,0,0,0,0,0,0,0,0,0,0,0,0,0,0,0,0,0,0,0,1,0,0,0,0,0,3,1,2,2,2,2,4,3,1,1,1,1,1,1,1,2,1,1,4,1
RA-455,2,Q,Aluno-455,Escola Pública,Ágata,6.876,Mantido na Fase atual,Promovido de Fase,Mantido na Fase atual,DESCONHECIDO,Não atendido,Fase 3 (7º e 8º ano),-1,Destaque: A sua boa entrega das lições de casa.,Melhorar: Empenhar-se mais nas aulas e avaliações.,Melhorar: Integrar-se mais aos Princípios Passos Mágicos.,2022,0,0,0,0,0,0,0,0,0,0,0,0,0,0,0,0,0,0,0,0,1,0,0,0,0,0,2,2,2,2,1,2,1,2,3,3,2,3,1,2,1,2,1,3,1,1
RA-456,2,Q,Aluno-456,Escola Pública,Ametista,7.193,Promovido de Fase,Promovido de Fase,Mantido na Fase atual,DESCONHECIDO,Requer avaliação,Fase 3 (7º e 8º ano),-1,Destaque: A sua boa entrega das lições de casa.,Melhorar: Empenhar-se mais nas aulas e avaliações.,Destaque: A sua boa integração aos Princípios Passos Mágicos.,2022,0,0,0,0,0,0,0,0,0,0,0,0,0,0,0,0,0,0,0,0,1,0,0,0,0,1,2,2,2,1,1,2,1,2,2,4,2,5,1,5,1,2,2,4,1,1
RA-457,2,Q,Aluno-457,Escola Pública,Ametista,7.68,Promovido de Fase,Promovido de Fase,Mantido na Fase atual,DESCONHECIDO,Não atendido,Fase 3 (7º e 8º ano),-1,Destaque: A sua boa entrega das lições de casa.,Destaque: As suas boas notas na Passos Mágicos.,Destaque: A sua boa integração aos Princípios Passos Mágicos.,2022,0,0,0,0,0,0,0,0,0,0,0,0,0,0,0,0,0,0,0,0,1,0,0,0,0,1,2,2,1,1,1,2,2,3,3,5,4,5,1,3,1,2,2,5,1,1
RA-458,2,Q,Aluno-458,Escola Pública,Ágata,6.512,Mantido na Fase atual,Mantido na Fase atual,Mantido na Fase atual,DESCONHECIDO,Não atendido,Fase 3 (7º e 8º ano),-1,Destaque: A sua boa entrega das lições de casa.,Melhorar: Empenhar-se mais nas aulas e avaliações.,Melhorar: Integrar-se mais aos Princípios Passos Mágicos.,2022,0,0,0,0,0,0,0,0,0,0,0,0,0,0,0,0,0,0,0,0,1,0,0,0,0,0,3,1,2,2,2,2,2,2,3,2,2,3,1,1,1,2,1,2,3,1
RA-459,2,Q,Aluno-459,Escola Pública,Ametista,7.28,Promovido de Fase,Promovido de Fase,Promovido de Fase,DESCONHECIDO,Sem limitações,Fase 3 (7º e 8º ano),-1,Destaque: A sua boa entrega das lições de casa.,Melhorar: Empenhar-se mais nas aulas e avaliações.,Melhorar: Integrar-se mais aos Princípios Passos Mágicos.,2022,0,0,0,0,0,0,0,0,0,0,0,0,0,0,0,0,0,0,0,0,1,0,0,0,0,1,2,1,1,1,1,2,1,4,5,4,2,5,1,2,1,2,2,4,3,1
RA-460,2,Q,Aluno-460,Escola Pública,Quartzo,5.711,Mantido na Fase atual,Mantido na Fase atual,Mantido na Fase atual,DESCONHECIDO,Não atendido,Fase 3 (7º e 8º ano),-1,Destaque: A sua boa entrega das lições de casa.,Melhorar: Empenhar-se mais nas aulas e avaliações.,Melhorar: Integrar-se mais aos Princípios Passos Mágicos.,2022,0,0,0,0,0,0,0,0,0,0,0,0,0,0,0,0,0,0,0,0,1,0,0,0,0,0,2,2,2,2,2,2,1,2,3,1,1,2,1,1,1,2,1,1,1,1
RA-461,2,Q,Aluno-461,Escola Pública,Quartzo,5.451,Mantido na Fase atual,Mantido na Fase atual,Mantido na Fase atual,DESCONHECIDO,Sem limitações,Fase 3 (7º e 8º ano),-1,Melhorar: Melhorar a sua entrega de lições de casa.,Melhorar: Empenhar-se mais nas aulas e avaliações.,Melhorar: Integrar-se mais aos Princípios Passos Mágicos.,2022,0,0,0,0,0,0,0,0,0,0,0,0,0,0,0,0,0,0,0,0,1,0,0,0,0,0,2,1,2,2,2,2,1,1,3,1,1,2,1,2,1,2,1,1,4,1
RA-462,2,Q,Aluno-462,Escola Pública,Ágata,6.626,Mantido na Fase atual,Mantido na Fase atual,Mantido na Fase atual,DESCONHECIDO,Sem limitações,Fase 4 (9º ano),-2,Destaque: A sua boa entrega das lições de casa.,Melhorar: Empenhar-se mais nas aulas e avaliações.,Melhorar: Integrar-se mais aos Princípios Passos Mágicos.,2022,0,0,0,0,0,0,0,0,0,0,0,0,0,0,0,0,0,0,0,0,1,0,0,0,0,0,3,2,2,2,2,2,5,3,3,1,1,2,1,1,1,2,1,1,1,1
RA-463,2,U,Aluno-463,Escola Pública,Ágata,6.41,Mantido na Fase atual,Promovido de Fase,Mantido na Fase atual,DESCONHECIDO,Não atendido,Fase 3 (7º e 8º ano),-1,Destaque: A sua boa entrega das lições de casa.,Melhorar: Empenhar-se mais nas aulas e avaliações.,Melhorar: Integrar-se mais aos Princípios Passos Mágicos.,2022,0,0,0,0,0,0,0,0,0,0,0,0,0,0,0,0,0,0,0,0,1,0,0,0,0,0,2,1,2,2,2,2,5,2,3,1,1,1,1,2,1,2,1,1,2,1
RA-464,2,U,Aluno-464,Escola Pública,Ágata,6.745,Mantido na Fase atual,Promovido de Fase,Mantido na Fase atual,DESCONHECIDO,Não atendido,Fase 3 (7º e 8º ano),-1,Destaque: A sua boa entrega das lições de casa.,Melhorar: Empenhar-se mais nas aulas e avaliações.,Destaque: A sua boa integração aos Princípios Passos Mágicos.,2022,0,0,0,0,0,0,0,0,0,0,0,0,0,0,0,0,0,0,0,0,1,0,0,0,0,0,3,2,2,2,2,2,1,2,3,1,1,3,1,3,1,2,1,2,1,1
RA-465,2,U,Aluno-465,Escola Pública,Ametista,8.012,Promovido de Fase,Promovido de Fase,Promovido de Fase,DESCONHECIDO,Não atendido,Fase 2 (5º e 6º ano),0,Destaque: A sua boa entrega das lições de casa.,Destaque: As suas boas notas na Passos Mágicos.,Destaque: A sua boa integração aos Princípios Passos Mágicos.,2022,0,0,0,0,0,0,0,0,0,0,0,0,0,0,0,0,0,0,0,0,1,0,0,0,0,1,2,1,1,1,1,2,2,2,3,4,5,2,1,5,2,2,2,4,3,0
RA-466,2,U,Aluno-466,Escola Pública,Ágata,6.826,Mantido na Fase atual,Promovido de Fase,Mantido na Fase atual,DESCONHECIDO,Não atendido,Fase 3 (7º e 8º ano),-1,Destaque: A sua boa entrega das lições de casa.,Melhorar: Empenhar-se mais nas aulas e avaliações.,Destaque: A sua boa integração aos Princípios Passos Mágicos.,2022,0,0,0,0,0,0,0,0,0,0,0,0,0,0,0,0,0,0,0,0,1,0,0,0,0,0,3,2,2,2,1,2,2,5,3,1,1,2,1,3,1,2,1,1,1,1
RA-467,2,U,Aluno-467,Escola Pública,Ágata,6.38,Mantido na Fase atual,Promovido de Fase,Mantido na Fase atual,DESCONHECIDO,Requer avaliação,Fase 3 (7º e 8º ano),-1,Destaque: A sua boa entrega das lições de casa.,Melhorar: Empenhar-se mais nas aulas e avaliações.,Melhorar: Integrar-se mais aos Princípios Passos Mágicos.,2022,0,0,0,0,0,0,0,0,0,0,0,0,0,0,0,0,0,0,0,0,1,0,0,0,0,0,3,2,2,2,2,2,1,3,1,2,2,2,1,2,1,2,1,2,1,1
RA-468,2,U,Aluno-468,Escola Pública,Ágata,6.313,Mantido na Fase atual,Mantido na Fase atual,Mantido na Fase atual,DESCONHECIDO,Não atendido,Fase 3 (7º e 8º ano),-1,Melhorar: Melhorar a sua entrega de lições de casa.,Melhorar: Empenhar-se mais nas aulas e avaliações.,Melhorar: Integrar-se mais aos Princípios Passos Mágicos.,2022,0,0,0,0,0,0,0,0,0,0,0,0,0,0,0,0,0,0,0,0,1,0,0,0,0,0,3,2,2,2,2,2,4,1,3,1,1,1,1,1,1,2,1,1,1,1
RA-469,2,U,Aluno-469,Escola Pública,Ametista,7.624,Mantido na Fase atual,Mantido na Fase atual,Mantido na Fase atual,DESCONHECIDO,Requer avaliação,Fase 2 (5º e 6º ano),0,Destaque: A sua boa entrega das lições de casa.,Melhorar: Empenhar-se mais nas aulas e avaliações.,Destaque: A sua boa integração aos Princípios Passos Mágicos.,2022,0,0,0,0,0,0,0,0,0,0,0,0,0,0,0,0,0,0,0,0,1,0,0,0,0,1,2,2,1,1,1,2,3,5,1,2,3,2,1,4,2,2,2,2,1,0
RA-470,2,U,Aluno-470,Escola Pública,Ametista,7.378,Mantido na Fase atual,Promovido de Fase,Mantido na Fase atual,DESCONHECIDO,Não atendido,Fase 3 (7º e 8º ano),-1,Destaque: A sua boa entrega das lições de casa.,Melhorar: Empenhar-se mais nas aulas e avaliações.,Destaque: A sua boa integração aos Princípios Passos Mágicos.,2022,0,0,0,0,0,0,0,0,0,0,0,0,0,0,0,0,0,0,0,0,1,0,0,0,0,1,3,1,1,1,1,2,2,5,3,3,2,4,1,3,1,2,2,3,3,1
RA-471,2,U,Aluno-471,Escola Pública,Ágata,6.535,Promovido de Fase,Promovido de Fase,Mantido na Fase atual,DESCONHECIDO,Requer avaliação,Fase 3 (7º e 8º ano),-1,Destaque: A sua boa entrega das lições de casa.,Melhorar: Empenhar-se mais nas aulas e avaliações.,Destaque: A sua boa integração aos Princípios Passos Mágicos.,2022,0,0,0,0,0,0,0,0,0,0,0,0,0,0,0,0,0,0,0,0,1,0,0,0,0,0,3,1,2,2,2,2,1,3,1,3,2,3,1,4,1,2,1,3,2,1
RA-472,2,U,Aluno-472,Escola Pública,Quartzo,5.93,Mantido na Fase atual,Promovido de Fase,Mantido na Fase atual,DESCONHECIDO,Não atendido,Fase 3 (7º e 8º ano),-1,Melhorar: Melhorar a sua entrega de lições de casa.,Melhorar: Empenhar-se mais nas aulas e avaliações.,Melhorar: Integrar-se mais aos Princípios Passos Mágicos.,2022,0,0,0,0,0,0,0,0,0,0,0,0,0,0,0,0,0,0,0,0,1,0,0,0,0,0,2,2,2,2,2,2,3,2,3,1,1,1,1,2,1,2,1,1,1,1
RA-473,2,U,Aluno-473,Escola Pública,Quartzo,5.915,Mantido na Fase atual,Mantido na Fase atual,Mantido na Fase atual,DESCONHECIDO,Não atendido,Fase 3 (7º e 8º ano),-1,Melhorar: Melhorar a sua entrega de lições de casa.,Melhorar: Empenhar-se mais nas aulas e avaliações.,Melhorar: Integrar-se mais aos Princípios Passos Mágicos.,2022,0,0,0,0,0,0,0,0,0,0,0,0,0,0,0,0,0,0,0,0,1,0,0,0,0,0,2,1,2,2,2,2,2,1,3,1,1,1,1,1,1,2,1,1,3,1
RA-474,2,U,Aluno-474,Escola Pública,Ágata,6.446,Mantido na Fase atual,Promovido de Fase,Mantido na Fase atual,DESCONHECIDO,Não atendido,Fase 3 (7º e 8º ano),-1,Destaque: A sua boa entrega das lições de casa.,Melhorar: Empenhar-se mais nas aulas e avaliações.,Melhorar: Integrar-se mais aos Princípios Passos Mágicos.,2022,0,0,0,0,0,0,0,0,0,0,0,0,0,0,0,0,0,0,0,0,1,0,0,0,0,0,3,1,2,2,2,2,4,4,3,1,1,1,1,1,1,2,1,1,3,1
RA-475,2,U,Aluno-475,Escola Pública,Ametista,7.199,Promovido de Fase,Promovido de Fase,Mantido na Fase atual,DESCONHECIDO,Não atendido,Fase 3 (7º e 8º ano),-1,Destaque: A sua boa entrega das lições de casa.,Melhorar: Empenhar-se mais nas aulas e avaliações.,Destaque: A sua boa integração aos Princípios Passos Mágicos.,2022,0,0,0,0,0,0,0,0,0,0,0,0,0,0,0,0,0,0,0,0,1,0,0,0,0,1,2,2,1,1,1,2,2,4,3,2,1,5,1,3,1,2,2,2,1,1
RA-476,2,U,Aluno-476,Escola Pública,Ágata,6.931,Mantido na Fase atual,Promovido de Fase,Mantido na Fase atual,DESCONHECIDO,Requer avaliação,Fase 3 (7º e 8º ano),-1,Destaque: A sua boa entrega das lições de casa.,Melhorar: Empenhar-se mais nas aulas e avaliações.,Destaque: A sua boa integração aos Princípios Passos Mágicos.,2022,0,0,0,0,0,0,0,0,0,0,0,0,0,0,0,0,0,0,0,0,1,0,0,0,0,0,2,1,2,2,1,2,3,4,1,2,2,2,1,3,1,2,1,2,3,1
RA-477,2,U,Aluno-477,Escola Pública,Quartzo,3.633,Mantido na Fase atual,Mantido na Fase atual,Mantido na Fase atual,DESCONHECIDO,Requer avaliação,Fase 3 (7º e 8º ano),-1,Melhorar: Melhorar a sua entrega de lições de casa.,Melhorar: Empenhar-se mais nas aulas e avaliações.,Melhorar: Integrar-se mais aos Princípios Passos Mágicos.,2022,0,0,0,0,0,0,0,0,0,0,0,0,0,0,0,0,0,0,0,0,1,0,0,0,0,0,3,2,2,2,2,2,1,1,2,1,1,1,1,1,1,2,1,1,1,1
RA-478,2,U,Aluno-478,Escola Pública,Ágata,6.709,Mantido na Fase atual,Promovido de Fase,Mantido na Fase atual,DESCONHECIDO,Requer avaliação,Fase 3 (7º e 8º ano),-1,Destaque: A sua boa entrega das lições de casa.,Melhorar: Empenhar-se mais nas aulas e avaliações.,Melhorar: Integrar-se mais aos Princípios Passos Mágicos.,2022,0,0,0,0,0,0,0,0,0,0,0,0,0,0,0,0,0,0,0,0,1,0,0,0,0,0,2,1,2,2,2,2,2,4,2,2,1,2,1,2,1,2,1,2,3,1
RA-479,1,A,Aluno-479,Rede Decisão,Topázio,8.465,Promovido de Fase + Bolsa,Promovido de Fase,Promovido de Fase + Bolsa,DESCONHECIDO,Sem limitações,Fase 2 (5º e 6º ano),-1,Destaque: A sua boa entrega das lições de casa.,Destaque: As suas boas notas na Passos Mágicos.,Destaque: A sua boa integração aos Princípios Passos Mágicos.,2022,0,0,0,0,0,0,0,0,0,0,0,0,0,0,0,0,0,0,0,0,1,0,0,0,0,1,1,1,1,1,1,2,2,4,3,5,5,5,1,5,1,2,3,5,2,1
RA-480,1,A,Aluno-480,Escola Pública,Ametista,7.502,Mantido na Fase atual,Promovido de Fase,Promovido de Fase + Bolsa,DESCONHECIDO,Não atendido,Fase 2 (5º e 6º ano),-1,Destaque: A sua boa entrega das lições de casa.,Melhorar: Empenhar-se mais nas aulas e avaliações.,Destaque: A sua boa integração aos Princípios Passos Mágicos.,2022,0,0,0,0,0,0,0,0,0,0,0,0,0,0,0,0,0,0,0,0,1,0,0,0,0,1,1,1,1,2,1,2,3,3,3,3,3,2,1,5,1,2,2,3,1,1
RA-481,1,A,Aluno-481,Escola Pública,Ametista,7.21,Mantido na Fase atual,Promovido de Fase,Mantido na Fase atual,DESCONHECIDO,Não atendido,Fase 1 (4º ano),0,Destaque: A sua boa entrega das lições de casa.,Melhorar: Empenhar-se mais nas aulas e avaliações.,Melhorar: Integrar-se mais aos Princípios Passos Mágicos.,2022,0,0,0,0,0,0,0,0,0,0,0,0,0,0,0,0,0,0,0,0,1,0,0,0,0,1,1,1,1,2,2,2,3,2,3,2,2,1,1,2,2,2,2,2,1,0
RA-482,1,A,Aluno-482,Escola Pública,Ágata,6.866,Mantido na Fase atual,Promovido de Fase,Mantido na Fase atual,DESCONHECIDO,Não atendido,Fase 2 (5º e 6º ano),-1,Destaque: A sua boa entrega das lições de casa.,Melhorar: Empenhar-se mais nas aulas e avaliações.,Melhorar: Integrar-se mais aos Princípios Passos Mágicos.,2022,0,0,0,0,0,0,0,0,0,0,0,0,0,0,0,0,0,0,0,0,1,0,0,0,0,0,2,1,2,2,2,2,5,2,3,2,1,3,1,1,1,2,1,2,1,1
RA-483,1,A,Aluno-483,Escola Pública,Quartzo,5.263,Mantido na Fase atual,Promovido de Fase,Mantido na Fase atual,DESCONHECIDO,Requer avaliação,Fase 2 (5º e 6º ano),-1,Melhorar: Melhorar a sua entrega de lições de casa.,Melhorar: Empenhar-se mais nas aulas e avaliações.,Melhorar: Integrar-se mais aos Princípios Passos Mágicos.,2022,0,0,0,0,0,0,0,0,0,0,0,0,0,0,0,0,0,0,0,0,1,0,0,0,0,0,2,1,2,2,2,2,3,1,1,1,1,1,1,1,1,2,1,1,3,1
RA-484,1,A,Aluno-484,Escola Pública,Ágata,6.71,Mantido na Fase atual,Promovido de Fase,Mantido na Fase atual,DESCONHECIDO,Requer avaliação,Fase 2 (5º e 6º ano),-1,Destaque: A sua boa entrega das lições de casa.,Melhorar: Empenhar-se mais nas aulas e avaliações.,Melhorar: Integrar-se mais aos Princípios Passos Mágicos.,2022,0,0,0,0,0,0,0,0,0,0,0,0,0,0,0,0,0,0,0,0,1,0,0,0,0,0,2,2,2,2,2,2,4,3,1,3,4,1,1,1,1,2,1,3,1,1
RA-485,1,A,Aluno-485,Escola Pública,Quartzo,4.742,Mantido na Fase atual,Mantido na Fase atual,Mantido na Fase atual,DESCONHECIDO,Não atendido,Fase 2 (5º e 6º ano),-1,Melhorar: Melhorar a sua entrega de lições de casa.,Melhorar: Empenhar-se mais nas aulas e avaliações.,Melhorar: Integrar-se mais aos Princípios Passos Mágicos.,2022,0,0,0,0,0,0,0,0,0,0,0,0,0,0,0,0,0,0,0,0,1,0,0,0,0,0,1,1,2,2,2,2,4,1,3,1,1,1,1,1,1,2,1,1,2,1
RA-486,1,A,Aluno-486,Escola Pública,Ametista,7.621,Mantido na Fase atual,Promovido de Fase,Mantido na Fase atual,DESCONHECIDO,Não atendido,Fase 2 (5º e 6º ano),-1,Destaque: A sua boa entrega das lições de casa.,Melhorar: Empenhar-se mais nas aulas e avaliações.,Melhorar: Integrar-se mais aos Princípios Passos Mágicos.,2022,0,0,0,0,0,0,0,0,0,0,0,0,0,0,0,0,0,0,0,0,1,0,0,0,0,1,1,1,1,2,1,2,5,5,3,4,3,4,1,2,1,2,2,4,2,1
RA-487,1,A,Aluno-487,Rede Decisão,Topázio,8.417,Promovido de Fase + Bolsa,Promovido de Fase,Promovido de Fase + Bolsa,DESCONHECIDO,Não atendido,Fase 2 (5º e 6º ano),-1,Destaque: A sua boa entrega das lições de casa.,Destaque: As suas boas notas na Passos Mágicos.,Destaque: A sua boa integração aos Princípios Passos Mágicos.,2022,0,0,0,0,0,0,0,0,0,0,0,0,0,0,0,0,0,0,0,0,1,0,0,0,0,1,1,1,1,1,1,2,1,5,3,5,5,5,1,5,1,2,3,5,3,1
RA-488,1,A,Aluno-488,Escola Pública,Ametista,7.413,Mantido na Fase atual,Promovido de Fase,Mantido na Fase atual,DESCONHECIDO,Não atendido,Fase 2 (5º e 6º ano),-1,Destaque: A sua boa entrega das lições de casa.,Melhorar: Empenhar-se mais nas aulas e avaliações.,Destaque: A sua boa integração aos Princípios Passos Mágicos.,2022,0,0,0,0,0,0,0,0,0,0,0,0,0,0,0,0,0,0,0,0,1,0,0,0,0,1,1,2,1,2,2,2,2,3,3,4,2,5,1,3,1,2,2,4,1,1
RA-489,1,A,Aluno-489,Escola Pública,Quartzo,5.853,Mantido na Fase atual,Mantido na Fase atual,Mantido na Fase atual,DESCONHECIDO,Não atendido,Fase 1 (4º ano),0,Melhorar: Melhorar a sua entrega de lições de casa.,Melhorar: Empenhar-se mais nas aulas e avaliações.,Melhorar: Integrar-se mais aos Princípios Passos Mágicos.,2022,0,0,0,0,0,0,0,0,0,0,0,0,0,0,0,0,0,0,0,0,1,0,0,0,0,0,1,2,2,2,2,2,3,2,3,1,1,1,1,1,2,2,1,1,1,0
RA-490,1,A,Aluno-490,Escola Pública,Ametista,7.576,Mantido na Fase atual,Promovido de Fase,Promovido de Fase,DESCONHECIDO,Não atendido,Fase 2 (5º e 6º ano),-1,Destaque: A sua boa entrega das lições de casa.,Destaque: As suas boas notas na Passos Mágicos.,Destaque: A sua boa integração aos Princípios Passos Mágicos.,2022,0,0,0,0,0,0,0,0,0,0,0,0,0,0,0,0,0,0,0,0,1,0,0,0,0,1,1,2,1,2,1,2,2,2,3,4,2,5,1,5,1,2,2,4,1,1
RA-491,1,A,Aluno-491,Escola Pública,Ametista,7.461,Mantido na Fase atual,Promovido de Fase,Mantido na Fase atual,DESCONHECIDO,Não atendido,Fase 2 (5º e 6º ano),-1,Destaque: A sua boa entrega das lições de casa.,Melhorar: Empenhar-se mais nas aulas e avaliações.,Destaque: A sua boa integração aos Princípios Passos Mágicos.,2022,0,0,0,0,0,0,0,0,0,0,0,0,0,0,0,0,0,0,0,0,1,0,0,0,0,1,2,2,1,2,2,2,1,5,3,3,2,4,1,3,1,2,2,3,1,1
RA-492,1,A,Aluno-492,Escola Pública,Ametista,7.678,Promovido de Fase,Promovido de Fase,Mantido na Fase atual,DESCONHECIDO,Não atendido,Fase 2 (5º e 6º ano),-1,Destaque: A sua boa entrega das lições de casa.,Melhorar: Empenhar-se mais nas aulas e avaliações.,Destaque: A sua boa integração aos Princípios Passos Mágicos.,2022,0,0,0,0,0,0,0,0,0,0,0,0,0,0,0,0,0,0,0,0,1,0,0,0,0,1,2,2,1,1,1,2,5,3,3,4,4,2,1,4,1,2,2,4,1,1
RA-493,1,B,Aluno-493,Escola Pública,Topázio,8.306,Mantido na Fase atual,Promovido de Fase,Promovido de Fase,DESCONHECIDO,Sem limitações,Fase 1 (4º ano),0,Destaque: A sua boa entrega das lições de casa.,Melhorar: Empenhar-se mais nas aulas e avaliações.,Destaque: A sua boa integração aos Princípios Passos Mágicos.,2022,0,0,0,0,0,0,0,0,0,0,0,0,0,0,0,0,0,0,0,0,1,0,0,0,0,1,1,1,1,1,1,2,5,4,3,4,4,3,1,4,2,2,3,4,2,0
RA-494,1,B,Aluno-494,Escola Pública,Ágata,6.407,Promovido de Fase,Promovido de Fase,Mantido na Fase atual,DESCONHECIDO,Requer avaliação,Fase 2 (5º e 6º ano),-1,Destaque: A sua boa entrega das lições de casa.,Melhorar: Empenhar-se mais nas aulas e avaliações.,Melhorar: Integrar-se mais aos Princípios Passos Mágicos.,2022,0,0,0,0,0,0,0,0,0,0,0,0,0,0,0,0,0,0,0,0,1,0,0,0,0,0,2,2,2,2,2,2,1,3,1,2,3,2,1,2,1,2,1,2,1,1
RA-495,1,B,Aluno-495,Escola Pública,Ametista,7.857,Promovido de Fase,Promovido de Fase,Promovido de Fase,DESCONHECIDO,Sem limitações,Fase 2 (5º e 6º ano),-1,Destaque: A sua boa entrega das lições de casa.,Destaque: As suas boas notas na Passos Mágicos.,Destaque: A sua boa integração aos Princípios Passos Mágicos.,2022,0,0,0,0,0,0,0,0,0,0,0,0,0,0,0,0,0,0,0,0,1,0,0,0,0,1,2,2,1,1,1,2,3,3,3,5,4,5,1,4,1,2,2,5,1,1
RA-496,1,B,Aluno-496,Escola Pública,Ágata,6.683,Promovido de Fase,Promovido de Fase,Promovido de Fase,DESCONHECIDO,Requer avaliação,Fase 2 (5º e 6º ano),-1,Melhorar: Melhorar a sua entrega de lições de casa.,Melhorar: Empenhar-se mais nas aulas e avaliações.,Destaque: A sua boa integração aos Princípios Passos Mágicos.,2022,0,0,0,0,0,0,0,0,0,0,0,0,0,0,0,0,0,0,0,0,1,0,0,0,0,0,2,1,2,2,2,2,2,1,3,2,2,2,1,3,1,2,1,2,4,1
RA-497,1,B,Aluno-497,Rede Decisão,Ágata,6.323,Promovido de Fase + Bolsa,Promovido de Fase,Promovido de Fase,DESCONHECIDO,Não indicado,Fase 3 (7º e 8º ano),-2,Destaque: A sua boa entrega das lições de casa.,Melhorar: Empenhar-se mais nas aulas e avaliações.,Melhorar: Integrar-se mais aos Princípios Passos Mágicos.,2022,0,0,0,0,0,0,0,0,0,0,0,0,0,0,0,0,0,0,0,0,1,0,0,0,0,0,3,1,2,2,2,2,1,4,1,2,1,2,1,1,1,2,1,2,4,1
RA-498,1,B,Aluno-498,Escola Pública,Ametista,7.7,Promovido de Fase,Promovido de Fase,Mantido na Fase atual,DESCONHECIDO,Sem limitações,Fase 2 (5º e 6º ano),-1,Destaque: A sua boa entrega das lições de casa.,Destaque: As suas boas notas na Passos Mágicos.,Destaque: A sua boa integração aos Princípios Passos Mágicos.,2022,0,0,0,0,0,0,0,0,0,0,0,0,0,0,0,0,0,0,0,0,1,0,0,0,0,1,2,1,1,1,2,2,2,3,3,5,4,5,1,3,1,2,2,5,4,1
RA-499,1,B,Aluno-499,Escola Pública,Ametista,7.826,Mantido na Fase atual,Promovido de Fase,Mantido na Fase atual,DESCONHECIDO,Sem limitações,Fase 2 (5º e 6º ano),-1,Destaque: A sua boa entrega das lições de casa.,Destaque: As suas boas notas na Passos Mágicos.,Melhorar: Integrar-se mais aos Princípios Passos Mágicos.,2022,0,0,0,0,0,0,0,0,0,0,0,0,0,0,0,0,0,0,0,0,1,0,0,0,0,1,1,1,1,1,2,2,2,5,3,5,4,4,1,2,1,2,2,4,2,1
RA-500,1,B,Aluno-500,Escola Pública,Topázio,8.232,Promovido de Fase + Bolsa,Promovido de Fase,Promovido de Fase,DESCONHECIDO,Sem limitações,Fase 2 (5º e 6º ano),-1,Destaque: A sua boa entrega das lições de casa.,Destaque: As suas boas notas na Passos Mágicos.,Destaque: A sua boa integração aos Princípios Passos Mágicos.,2022,0,0,0,0,0,0,0,0,0,0,0,0,0,0,0,0,0,0,0,0,1,0,0,0,0,1,1,1,1,1,1,2,3,5,3,5,5,5,1,4,1,2,3,5,2,1
RA-501,1,B,Aluno-501,Escola Pública,Ametista,7.794,Mantido na Fase atual,Promovido de Fase,Mantido na Fase atual,DESCONHECIDO,Sem limitações,Fase 1 (4º ano),0,Destaque: A sua boa entrega das lições de casa.,Melhorar: Empenhar-se mais nas aulas e avaliações.,Melhorar: Integrar-se mais aos Princípios Passos Mágicos.,2022,0,0,0,0,0,0,0,0,0,0,0,0,0,0,0,0,0,0,0,0,1,0,0,0,0,1,1,1,1,1,2,2,2,3,3,3,4,2,1,2,2,2,2,3,1,0
RA-502,1,B,Aluno-502,Rede Decisão,Topázio,8.287,Mantido na Fase atual,Promovido de Fase,Mantido na Fase atual,DESCONHECIDO,Sem limitações,ALFA  (2º e 3º ano),1,Destaque: A sua boa entrega das lições de casa.,Melhorar: Empenhar-se mais nas aulas e avaliações.,Destaque: A sua boa integração aos Princípios Passos Mágicos.,2022,0,0,0,0,0,0,0,0,0,0,0,0,0,0,0,0,0,0,0,0,1,0,0,0,0,1,1,1,1,1,1,2,4,5,3,4,3,4,1,3,2,2,3,4,1,0
RA-503,1,B,Aluno-503,Escola Pública,Ametista,7.95,Promovido de Fase,Promovido de Fase,Promovido de Fase,DESCONHECIDO,Sem limitações,Fase 2 (5º e 6º ano),-1,Destaque: A sua boa entrega das lições de casa.,Destaque: As suas boas notas na Passos Mágicos.,Destaque: A sua boa integração aos Princípios Passos Mágicos.,2022,0,0,0,0,0,0,0,0,0,0,0,0,0,0,0,0,0,0,0,0,1,0,0,0,0,1,1,1,1,1,1,2,2,5,3,5,5,5,1,3,1,2,2,5,2,1
RA-504,1,B,Aluno-504,Escola Pública,Topázio,8.072,Mantido na Fase atual,Promovido de Fase,Promovido de Fase,DESCONHECIDO,Sem limitações,Fase 1 (4º ano),0,Destaque: A sua boa entrega das lições de casa.,Destaque: As suas boas notas na Passos Mágicos.,Destaque: A sua boa integração aos Princípios Passos Mágicos.,2022,0,0,0,0,0,0,0,0,0,0,0,0,0,0,0,0,0,0,0,0,1,0,0,0,0,1,1,1,1,1,1,2,2,3,3,4,4,4,1,3,2,2,3,4,1,0
RA-505,1,B,Aluno-505,Escola Pública,Ametista,7.591,Promovido de Fase,Promovido de Fase,Promovido de Fase,DESCONHECIDO,Sem limitações,Fase 2 (5º e 6º ano),-1,Destaque: A sua boa entrega das lições de casa.,Destaque: As suas boas notas na Passos Mágicos.,Destaque: A sua boa integração aos Princípios Passos Mágicos.,2022,0,0,0,0,0,0,0,0,0,0,0,0,0,0,0,0,0,0,0,0,1,0,0,0,0,1,2,1,1,2,2,2,4,2,3,5,4,5,1,3,1,2,2,5,3,1
RA-506,1,B,Aluno-506,Escola Pública,Ametista,7.132,Promovido de Fase,Promovido de Fase,Promovido de Fase,DESCONHECIDO,Sem limitações,Fase 3 (7º e 8º ano),-2,Melhorar: Melhorar a sua entrega de lições de casa.,Melhorar: Empenhar-se mais nas aulas e avaliações.,Melhorar: Integrar-se mais aos Princípios Passos Mágicos.,2022,0,0,0,0,0,0,0,0,0,0,0,0,0,0,0,0,0,0,0,0,1,0,0,0,0,1,2,1,2,2,2,2,4,2,3,4,5,2,1,2,1,2,2,4,2,1
RA-507,1,C,Aluno-507,Escola Pública,Ametista,7.653,Promovido de Fase,Promovido de Fase,Promovido de Fase,DESCONHECIDO,Não atendido,Fase 2 (5º e 6º ano),-1,Destaque: A sua boa entrega das lições de casa.,Melhorar: Empenhar-se mais nas aulas e avaliações.,Melhorar: Integrar-se mais aos Princípios Passos Mágicos.,2022,0,0,0,0,0,0,0,0,0,0,0,0,0,0,0,0,0,0,0,0,1,0,0,0,0,1,2,1,1,1,1,2,2,5,3,4,4,4,1,2,1,2,2,4,1,1
RA-508,1,C,Aluno-508,Escola Pública,Ágata,6.575,Mantido na Fase atual,Promovido de Fase,Mantido na Fase atual,DESCONHECIDO,Não atendido,Fase 2 (5º e 6º ano),-1,Melhorar: Melhorar a sua entrega de lições de casa.,Melhorar: Empenhar-se mais nas aulas e avaliações.,Destaque: A sua boa integração aos Princípios Passos Mágicos.,2022,0,0,0,0,0,0,0,0,0,0,0,0,0,0,0,0,0,0,0,0,1,0,0,0,0,0,1,2,2,2,2,2,2,2,3,1,1,5,1,3,1,2,1,2,1,1
RA-509,1,C,Aluno-509,Escola Pública,Ametista,7.808,Promovido de Fase,Promovido de Fase,Promovido de Fase + Bolsa,DESCONHECIDO,Não atendido,Fase 3 (7º e 8º ano),-2,Destaque: A sua boa entrega das lições de casa.,Destaque: As suas boas notas na Passos Mágicos.,Destaque: A sua boa integração aos Princípios Passos Mágicos.,2022,0,0,0,0,0,0,0,0,0,0,0,0,0,0,0,0,0,0,0,0,1,0,0,0,0,1,2,1,1,1,1,2,3,2,3,5,5,5,1,4,1,2,2,5,4,1
RA-510,1,C,Aluno-510,Escola Pública,Ametista,7.336,Promovido de Fase,Promovido de Fase,Promovido de Fase,DESCONHECIDO,Não atendido,Fase 3 (7º e 8º ano),-2,Destaque: A sua boa entrega das lições de casa.,Melhorar: Empenhar-se mais nas aulas e avaliações.,Melhorar: Integrar-se mais aos Princípios Passos Mágicos.,2022,0,0,0,0,0,0,0,0,0,0,0,0,0,0,0,0,0,0,0,0,1,0,0,0,0,1,2,2,1,2,1,2,2,4,3,4,2,5,1,2,1,2,2,4,1,1
RA-511,1,C,Aluno-511,Escola Pública,Ametista,7.094,Mantido na Fase atual,Promovido de Fase,Mantido na Fase atual,DESCONHECIDO,Não atendido,Fase 2 (5º e 6º ano),-1,Destaque: A sua boa entrega das lições de casa.,Melhorar: Empenhar-se mais nas aulas e avaliações.,Melhorar: Integrar-se mais aos Princípios Passos Mágicos.,2022,0,0,0,0,0,0,0,0,0,0,0,0,0,0,0,0,0,0,0,0,1,0,0,0,0,1,1,2,2,2,2,2,2,5,3,2,1,5,1,2,1,2,2,2,1,1
RA-512,1,C,Aluno-512,Escola Pública,Ametista,7.365,Mantido na Fase atual,Promovido de Fase,Promovido de Fase,DESCONHECIDO,Não atendido,Fase 2 (5º e 6º ano),-1,Destaque: A sua boa entrega das lições de casa.,Melhorar: Empenhar-se mais nas aulas e avaliações.,Destaque: A sua boa integração aos Princípios Passos Mágicos.,2022,0,0,0,0,0,0,0,0,0,0,0,0,0,0,0,0,0,0,0,0,1,0,0,0,0,1,1,2,1,2,1,2,3,4,3,2,2,3,1,3,1,2,2,2,1,1
RA-513,1,C,Aluno-513,Escola Pública,Topázio,8.229,Mantido na Fase atual,Promovido de Fase,Mantido na Fase atual,DESCONHECIDO,Requer avaliação,Fase 1 (4º ano),0,Destaque: A sua boa entrega das lições de casa.,Destaque: As suas boas notas na Passos Mágicos.,Destaque: A sua boa integração aos Princípios Passos Mágicos.,2022,0,0,0,0,0,0,0,0,0,0,0,0,0,0,0,0,0,0,0,0,1,0,0,0,0,1,1,1,1,1,1,2,3,5,2,5,4,5,1,3,2,2,3,5,1,0
RA-514,1,C,Aluno-514,Escola Pública,Ametista,7.039,Mantido na Fase atual,Promovido de Fase,Mantido na Fase atual,DESCONHECIDO,Não atendido,Fase 1 (4º ano),0,Destaque: A sua boa entrega das lições de casa.,Melhorar: Empenhar-se mais nas aulas e avaliações.,Melhorar: Integrar-se mais aos Princípios Passos Mágicos.,2022,0,0,0,0,0,0,0,0,0,0,0,0,0,0,0,0,0,0,0,0,1,0,0,0,0,1,1,2,2,2,2,2,2,5,3,1,1,4,1,1,2,2,2,2,1,0
RA-515,1,C,Aluno-515,Escola Pública,Ágata,6.582,Mantido na Fase atual,Promovido de Fase,Mantido na Fase atual,DESCONHECIDO,Não atendido,Fase 3 (7º e 8º ano),-2,Melhorar: Melhorar a sua entrega de lições de casa.,Melhorar: Empenhar-se mais nas aulas e avaliações.,Destaque: A sua boa integração aos Princípios Passos Mágicos.,2022,0,0,0,0,0,0,0,0,0,0,0,0,0,0,0,0,0,0,0,0,1,0,0,0,0,0,2,2,2,2,2,2,2,1,3,2,5,1,1,3,1,2,1,2,1,1
RA-516,1,C,Aluno-516,Rede Decisão,Topázio,8.903,Promovido de Fase + Bolsa,Promovido de Fase,Promovido de Fase + Bolsa,DESCONHECIDO,Não atendido,Fase 1 (4º ano),0,Destaque: A sua boa entrega das lições de casa.,Destaque: As suas boas notas na Passos Mágicos.,Destaque: A sua boa integração aos Princípios Passos Mágicos.,2022,0,0,0,0,0,0,0,0,0,0,0,0,0,0,0,0,0,0,0,0,1,0,0,0,0,1,1,1,1,1,1,2,5,5,3,5,5,5,1,4,2,2,3,5,3,0
RA-517,1,D,Aluno-517,Escola Pública,Ametista,7.604,Promovido de Fase,Promovido de Fase,Promovido de Fase,DESCONHECIDO,Não atendido,Fase 3 (7º e 8º ano),-2,Destaque: A sua boa entrega das lições de casa.,Destaque: As suas boas notas na Passos Mágicos.,Destaque: A sua boa integração aos Princípios Passos Mágicos.,2022,0,0,0,0,0,0,0,0,0,0,0,0,0,0,0,0,0,0,0,0,1,0,0,0,0,1,2,1,1,2,2,2,1,4,3,4,4,4,1,4,1,2,2,4,4,1
RA-518,1,D,Aluno-518,Escola Pública,Ametista,7.661,Mantido na Fase atual,Mantido na Fase atual,Mantido na Fase atual,DESCONHECIDO,Não atendido,Fase 2 (5º e 6º ano),-1,Destaque: A sua boa entrega das lições de casa.,Destaque: As suas boas notas na Passos Mágicos.,Destaque: A sua boa integração aos Princípios Passos Mágicos.,2022,0,0,0,0,0,0,0,0,0,0,0,0,0,0,0,0,0,0,0,0,1,0,0,0,0,1,1,2,1,1,2,2,3,4,3,4,2,5,1,3,1,2,2,4,1,1
RA-519,1,D,Aluno-519,Escola Pública,Ametista,8.0,Mantido na Fase atual,Mantido na Fase atual,Mantido na Fase atual,DESCONHECIDO,Não atendido,Fase 1 (4º ano),0,Destaque: A sua boa entrega das lições de casa.,Destaque: As suas boas notas na Passos Mágicos.,Melhorar: Integrar-se mais aos Princípios Passos Mágicos.,2022,0,0,0,0,0,0,0,0,0,0,0,0,0,0,0,0,0,0,0,0,1,0,0,0,0,1,1,2,1,1,1,2,1,5,3,4,4,4,1,2,2,2,2,4,1,0
RA-520,1,D,Aluno-520,Escola Pública,Ametista,7.035,Mantido na Fase atual,Mantido na Fase atual,Mantido na Fase atual,DESCONHECIDO,Não atendido,Fase 2 (5º e 6º ano),-1,Melhorar: Melhorar a sua entrega de lições de casa.,Melhorar: Empenhar-se mais nas aulas e avaliações.,Melhorar: Integrar-se mais aos Princípios Passos Mágicos.,2022,0,0,0,0,0,0,0,0,0,0,0,0,0,0,0,0,0,0,0,0,1,0,0,0,0,1,2,2,2,2,2,2,5,1,3,3,2,5,1,2,1,2,2,3,1,1
RA-521,1,D,Aluno-521,Escola Pública,Ametista,7.725,Mantido na Fase atual,Mantido na Fase atual,Mantido na Fase atual,DESCONHECIDO,Requer avaliação,Fase 1 (4º ano),0,Destaque: A sua boa entrega das lições de casa.,Melhorar: Empenhar-se mais nas aulas e avaliações.,Destaque: A sua boa integração aos Princípios Passos Mágicos.,2022,0,0,0,0,0,0,0,0,0,0,0,0,0,0,0,0,0,0,0,0,1,0,0,0,0,1,1,2,1,1,1,2,3,5,1,2,2,3,1,3,2,2,2,2,1,0
RA-522,1,D,Aluno-522,Escola Pública,Topázio,8.306,Mantido na Fase atual,Mantido na Fase atual,Promovido de Fase,DESCONHECIDO,Não atendido,Fase 1 (4º ano),0,Destaque: A sua boa entrega das lições de casa.,Destaque: As suas boas notas na Passos Mágicos.,Destaque: A sua boa integração aos Princípios Passos Mágicos.,2022,0,0,0,0,0,0,0,0,0,0,0,0,0,0,0,0,0,0,0,0,1,0,0,0,0,1,1,1,1,1,1,2,4,4,3,4,4,4,1,4,2,2,3,4,1,0
RA-523,1,D,Aluno-523,Escola Pública,Ametista,7.591,Mantido na Fase atual,Mantido na Fase atual,Mantido na Fase atual,DESCONHECIDO,Não atendido,Fase 2 (5º e 6º ano),-1,Destaque: A sua boa entrega das lições de casa.,Melhorar: Empenhar-se mais nas aulas e avaliações.,Destaque: A sua boa integração aos Princípios Passos Mágicos.,2022,0,0,0,0,0,0,0,0,0,0,0,0,0,0,0,0,0,0,0,0,1,0,0,0,0,1,2,2,1,2,2,2,5,4,3,3,2,4,1,3,1,2,2,3,1,1
RA-524,1,D,Aluno-524,Escola Pública,Ágata,6.947,Promovido de Fase + Bolsa,Mantido na Fase atual,Promovido de Fase,DESCONHECIDO,Requer avaliação,Fase 2 (5º e 6º ano),-1,Destaque: A sua boa entrega das lições de casa.,Destaque: As suas boas notas na Passos Mágicos.,Destaque: A sua boa integração aos Princípios Passos Mágicos.,2022,0,0,0,0,0,0,0,0,0,0,0,0,0,0,0,0,0,0,0,0,1,0,0,0,0,0,2,1,2,2,2,2,1,4,1,5,5,5,1,4,1,2,1,5,3,1
RA-525,1,D,Aluno-525,Escola Pública,Ametista,8.013,Promovido de Fase,Promovido de Fase,Promovido de Fase,DESCONHECIDO,Não atendido,Fase 2 (5º e 6º ano),-1,Destaque: A sua boa entrega das lições de casa.,Destaque: As suas boas notas na Passos Mágicos.,Destaque: A sua boa integração aos Princípios Passos Mágicos.,2022,0,0,0,0,0,0,0,0,0,0,0,0,0,0,0,0,0,0,0,0,1,0,0,0,0,1,2,1,1,1,1,2,3,4,3,5,5,5,1,4,1,2,2,5,1,1
RA-526,1,D,Aluno-526,Escola Pública,Topázio,8.079,Promovido de Fase,Mantido na Fase atual,Mantido na Fase atual,DESCONHECIDO,Não atendido,Fase 3 (7º e 8º ano),-2,Destaque: A sua boa entrega das lições de casa.,Destaque: As suas boas notas na Passos Mágicos.,Destaque: A sua boa integração aos Princípios Passos Mágicos.,2022,0,0,0,0,0,0,0,0,0,0,0,0,0,0,0,0,0,0,0,0,1,0,0,0,0,1,2,2,1,1,1,2,5,5,3,4,4,5,1,4,1,2,3,4,1,1
RA-527,1,D,Aluno-527,Escola Pública,Ametista,8.025,Mantido na Fase atual,Mantido na Fase atual,Mantido na Fase atual,DESCONHECIDO,Não atendido,Fase 1 (4º ano),0,Destaque: A sua boa entrega das lições de casa.,Melhorar: Empenhar-se mais nas aulas e avaliações.,Destaque: A sua boa integração aos Princípios Passos Mágicos.,2022,0,0,0,0,0,0,0,0,0,0,0,0,0,0,0,0,0,0,0,0,1,0,0,0,0,1,1,2,1,1,1,2,2,5,3,3,2,4,1,3,2,2,2,3,1,0
RA-528,1,D,Aluno-528,Escola Pública,Quartzo,5.335,Mantido na Fase atual,Mantido na Fase atual,Mantido na Fase atual,DESCONHECIDO,Não atendido,Fase 2 (5º e 6º ano),-1,Melhorar: Melhorar a sua entrega de lições de casa.,Melhorar: Empenhar-se mais nas aulas e avaliações.,Melhorar: Integrar-se mais aos Princípios Passos Mágicos.,2022,0,0,0,0,0,0,0,0,0,0,0,0,0,0,0,0,0,0,0,0,1,0,0,0,0,0,2,1,2,2,2,2,1,1,3,1,2,1,1,2,1,2,1,1,1,1
RA-529,1,D,Aluno-529,Escola Pública,Ágata,6.51,Mantido na Fase atual,Mantido na Fase atual,Mantido na Fase atual,DESCONHECIDO,Requer avaliação,Fase 3 (7º e 8º ano),-2,Destaque: A sua boa entrega das lições de casa.,Melhorar: Empenhar-se mais nas aulas e avaliações.,Melhorar: Integrar-se mais aos Princípios Passos Mágicos.,2022,0,0,0,0,0,0,0,0,0,0,0,0,0,0,0,0,0,0,0,0,1,0,0,0,0,0,2,1,2,2,2,2,2,3,1,2,1,3,1,1,1,2,1,2,2,1
RA-530,1,E,Aluno-530,Escola Pública,Topázio,8.338,Promovido de Fase + Bolsa,Mantido na Fase atual,Promovido de Fase,DESCONHECIDO,Não atendido,Fase 2 (5º e 6º ano),-1,Destaque: A sua boa entrega das lições de casa.,Destaque: As suas boas notas na Passos Mágicos.,Destaque: A sua boa integração aos Princípios Passos Mágicos.,2022,0,0,0,0,0,0,0,0,0,0,0,0,0,0,0,0,0,0,0,0,1,0,0,0,0,1,1,1,1,1,1,2,5,4,3,5,5,5,1,5,1,2,3,5,3,1
RA-531,1,E,Aluno-531,Escola Pública,Ametista,8.057,Promovido de Fase + Bolsa,Mantido na Fase atual,Mantido na Fase atual,DESCONHECIDO,Não atendido,Fase 2 (5º e 6º ano),-1,Destaque: A sua boa entrega das lições de casa.,Destaque: As suas boas notas na Passos Mágicos.,Destaque: A sua boa integração aos Princípios Passos Mágicos.,2022,0,0,0,0,0,0,0,0,0,0,0,0,0,0,0,0,0,0,0,0,1,0,0,0,0,1,1,2,1,1,1,2,4,5,3,4,5,3,1,4,1,2,2,4,1,1
RA-532,1,E,Aluno-532,Escola Pública,Ametista,7.792,Mantido na Fase atual,Mantido na Fase atual,Mantido na Fase atual,DESCONHECIDO,Não atendido,Fase 1 (4º ano),0,Destaque: A sua boa entrega das lições de casa.,Melhorar: Empenhar-se mais nas aulas e avaliações.,Melhorar: Integrar-se mais aos Princípios Passos Mágicos.,2022,0,0,0,0,0,0,0,0,0,0,0,0,0,0,0,0,0,0,0,0,1,0,0,0,0,1,1,2,1,1,1,2,4,5,3,2,1,3,1,2,2,2,2,2,1,0
RA-533,1,E,Aluno-533,Escola Pública,Ágata,6.962,Mantido na Fase atual,Mantido na Fase atual,Mantido na Fase atual,DESCONHECIDO,Requer avaliação,Fase 2 (5º e 6º ano),-1,Destaque: A sua boa entrega das lições de casa.,Melhorar: Empenhar-se mais nas aulas e avaliações.,Melhorar: Integrar-se mais aos Princípios Passos Mágicos.,2022,0,0,0,0,0,0,0,0,0,0,0,0,0,0,0,0,0,0,0,0,1,0,0,0,0,0,1,2,2,2,1,2,2,3,2,2,2,3,1,2,1,2,1,2,1,1
RA-534,1,E,Aluno-534,Escola Pública,Ametista,7.131,Mantido na Fase atual,Mantido na Fase atual,Mantido na Fase atual,DESCONHECIDO,Não atendido,Fase 3 (7º e 8º ano),-2,Melhorar: Melhorar a sua entrega de lições de casa.,Melhorar: Empenhar-se mais nas aulas e avaliações.,Melhorar: Integrar-se mais aos Princípios Passos Mágicos.,2022,0,0,0,0,0,0,0,0,0,0,0,0,0,0,0,0,0,0,0,0,1,0,0,0,0,1,2,1,2,2,1,2,3,2,3,4,3,4,1,2,1,2,2,4,1,1
RA-535,1,F,Aluno-535,Escola Pública,Ágata,6.953,Mantido na Fase atual,Promovido de Fase,Não avaliado,DESCONHECIDO,Sem limitações,Fase 2 (5º e 6º ano),-1,Destaque: A sua boa entrega das lições de casa.,Melhorar: Empenhar-se mais nas aulas e avaliações.,Melhorar: Integrar-se mais aos Princípios Passos Mágicos.,2022,0,0,0,0,0,0,0,0,0,0,0,0,0,0,0,0,0,0,0,0,1,0,0,0,0,0,1,1,2,2,1,1,3,4,3,2,2,2,1,2,1,2,1,2,3,1
RA-536,1,F,Aluno-536,Escola Pública,Ametista,7.106,Mantido na Fase atual,Promovido de Fase,Não avaliado,DESCONHECIDO,Sem limitações,Fase 2 (5º e 6º ano),-1,Destaque: A sua boa entrega das lições de casa.,Melhorar: Empenhar-se mais nas aulas e avaliações.,Destaque: A sua boa integração aos Princípios Passos Mágicos.,2022,0,0,0,0,0,0,0,0,0,0,0,0,0,0,0,0,0,0,0,0,1,0,0,0,0,1,1,1,2,2,1,1,4,3,2,2,3,2,1,3,1,2,2,2,2,1
RA-537,1,F,Aluno-537,Escola Pública,Ágata,6.641,Mantido na Fase atual,Promovido de Fase,Não avaliado,DESCONHECIDO,Requer avaliação,Fase 2 (5º e 6º ano),-1,Destaque: A sua boa entrega das lições de casa.,Melhorar: Empenhar-se mais nas aulas e avaliações.,Melhorar: Integrar-se mais aos Princípios Passos Mágicos.,2022,0,0,0,0,0,0,0,0,0,0,0,0,0,0,0,0,0,0,0,0,1,0,0,0,0,0,1,2,2,2,2,1,4,4,1,1,1,3,1,2,1,2,1,2,1,1
RA-538,1,F,Aluno-538,Escola Pública,Ágata,6.309,Mantido na Fase atual,Promovido de Fase,Não avaliado,DESCONHECIDO,Requer avaliação,Fase 3 (7º e 8º ano),-2,Melhorar: Melhorar a sua entrega de lições de casa.,Melhorar: Empenhar-se mais nas aulas e avaliações.,Melhorar: Integrar-se mais aos Princípios Passos Mágicos.,2022,0,0,0,0,0,0,0,0,0,0,0,0,0,0,0,0,0,0,0,0,1,0,0,0,0,0,3,2,2,2,2,1,2,2,2,3,1,5,1,1,1,2,1,3,1,1
RA-539,1,F,Aluno-539,Escola Pública,Ametista,7.665,Mantido na Fase atual,Promovido de Fase,Não avaliado,DESCONHECIDO,Sem limitações,Fase 2 (5º e 6º ano),-1,Destaque: A sua boa entrega das lições de casa.,Destaque: As suas boas notas na Passos Mágicos.,Destaque: A sua boa integração aos Princípios Passos Mágicos.,2022,0,0,0,0,0,0,0,0,0,0,0,0,0,0,0,0,0,0,0,0,1,0,0,0,0,1,2,2,1,1,1,1,2,4,3,4,3,4,1,5,1,2,2,4,1,1
RA-540,1,F,Aluno-540,Escola Pública,Ametista,7.303,Mantido na Fase atual,Promovido de Fase,Não avaliado,DESCONHECIDO,Sem limitações,Fase 2 (5º e 6º ano),-1,Destaque: A sua boa entrega das lições de casa.,Melhorar: Empenhar-se mais nas aulas e avaliações.,Destaque: A sua boa integração aos Princípios Passos Mágicos.,2022,0,0,0,0,0,0,0,0,0,0,0,0,0,0,0,0,0,0,0,0,1,0,0,0,0,1,1,1,1,2,1,1,2,4,2,3,3,4,1,3,1,2,2,3,3,1
RA-541,1,F,Aluno-541,Escola Pública,Quartzo,5.427,Mantido na Fase atual,Promovido de Fase,Não avaliado,DESCONHECIDO,Sem limitações,Fase 4 (9º ano),-3,Destaque: A sua boa entrega das lições de casa.,Melhorar: Empenhar-se mais nas aulas e avaliações.,Melhorar: Integrar-se mais aos Princípios Passos Mágicos.,2022,0,0,0,0,0,0,0,0,0,0,0,0,0,0,0,0,0,0,0,0,1,0,0,0,0,0,3,2,2,2,2,1,5,2,3,1,1,1,1,1,1,2,1,1,1,1
RA-542,1,F,Aluno-542,Escola Pública,Ametista,7.221,Mantido na Fase atual,Promovido de Fase,Não avaliado,DESCONHECIDO,Sem limitações,Fase 2 (5º e 6º ano),-1,Destaque: A sua boa entrega das lições de casa.,Melhorar: Empenhar-se mais nas aulas e avaliações.,Melhorar: Integrar-se mais aos Princípios Passos Mágicos.,2022,0,0,0,0,0,0,0,0,0,0,0,0,0,0,0,0,0,0,0,0,1,0,0,0,0,1,2,1,1,2,1,1,2,5,2,3,2,4,1,2,1,2,2,3,3,1
RA-543,1,F,Aluno-543,Escola Pública,Ametista,7.05,Mantido na Fase atual,Promovido de Fase,Não avaliado,DESCONHECIDO,Sem limitações,Fase 2 (5º e 6º ano),-1,Destaque: A sua boa entrega das lições de casa.,Melhorar: Empenhar-se mais nas aulas e avaliações.,Melhorar: Integrar-se mais aos Princípios Passos Mágicos.,2022,0,0,0,0,0,0,0,0,0,0,0,0,0,0,0,0,0,0,0,0,1,0,0,0,0,1,1,2,2,2,1,1,2,5,1,3,2,4,1,2,1,2,2,3,1,1
RA-544,1,F,Aluno-544,Escola Pública,Ágata,6.307,Mantido na Fase atual,Promovido de Fase,Não avaliado,DESCONHECIDO,Requer avaliação,Fase 2 (5º e 6º ano),-1,Destaque: A sua boa entrega das lições de casa.,Melhorar: Empenhar-se mais nas aulas e avaliações.,Melhorar: Integrar-se mais aos Princípios Passos Mágicos.,2022,0,0,0,0,0,0,0,0,0,0,0,0,0,0,0,0,0,0,0,0,1,0,0,0,0,0,1,2,2,2,2,1,4,5,2,1,1,2,1,1,1,2,1,1,1,1
RA-545,1,G,Aluno-545,Escola Pública,Ágata,6.723,Mantido na Fase atual,Promovido de Fase,Não avaliado,DESCONHECIDO,Sem limitações,Fase 3 (7º e 8º ano),-2,Melhorar: Melhorar a sua entrega de lições de casa.,Melhorar: Empenhar-se mais nas aulas e avaliações.,Destaque: A sua boa integração aos Princípios Passos Mágicos.,2022,0,0,0,0,0,0,0,0,0,0,0,0,0,0,0,0,0,0,0,0,1,0,0,0,0,0,3,1,2,2,1,1,4,1,3,2,1,3,1,3,1,2,1,2,4,1
RA-546,1,G,Aluno-546,Escola Pública,Ágata,6.77,Promovido de Fase,Promovido de Fase,Não avaliado,DESCONHECIDO,Não indicado,Fase 2 (5º e 6º ano),-1,Destaque: A sua boa entrega das lições de casa.,Melhorar: Empenhar-se mais nas aulas e avaliações.,Destaque: A sua boa integração aos Princípios Passos Mágicos.,2022,0,0,0,0,0,0,0,0,0,0,0,0,0,0,0,0,0,0,0,0,1,0,0,0,0,0,2,1,2,2,1,1,3,2,1,2,1,4,1,4,1,2,1,2,1,1
RA-547,1,G,Aluno-547,Escola Pública,Ametista,7.745,Promovido de Fase,Promovido de Fase,Não avaliado,DESCONHECIDO,Não indicado,Fase 2 (5º e 6º ano),-1,Destaque: A sua boa entrega das lições de casa.,Destaque: As suas boas notas na Passos Mágicos.,Destaque: A sua boa integração aos Princípios Passos Mágicos.,2022,0,0,0,0,0,0,0,0,0,0,0,0,0,0,0,0,0,0,0,0,1,0,0,0,0,1,2,1,1,1,1,1,4,5,1,4,4,4,1,5,1,2,2,4,3,1
RA-548,1,G,Aluno-548,Escola Pública,Ametista,7.292,Mantido na Fase atual,Promovido de Fase,Não avaliado,DESCONHECIDO,Sem limitações,Fase 3 (7º e 8º ano),-2,Destaque: A sua boa entrega das lições de casa.,Melhorar: Empenhar-se mais nas aulas e avaliações.,Destaque: A sua boa integração aos Princípios Passos Mágicos.,2022,0,0,0,0,0,0,0,0,0,0,0,0,0,0,0,0,0,0,0,0,1,0,0,0,0,1,2,1,1,2,1,1,2,4,3,4,2,5,1,3,1,2,2,4,3,1
RA-549,1,G,Aluno-549,Escola Pública,Ágata,6.301,Mantido na Fase atual,Mantido na Fase atual,Não avaliado,DESCONHECIDO,Sem limitações,Fase 2 (5º e 6º ano),-1,Destaque: A sua boa entrega das lições de casa.,Melhorar: Empenhar-se mais nas aulas e avaliações.,Melhorar: Integrar-se mais aos Princípios Passos Mágicos.,2022,0,0,0,0,0,0,0,0,0,0,0,0,0,0,0,0,0,0,0,0,1,0,0,0,0,0,1,1,2,2,2,1,5,2,3,1,1,2,1,1,1,2,1,1,1,1
RA-550,1,G,Aluno-550,Escola Pública,Ágata,6.026,Mantido na Fase atual,Mantido na Fase atual,Não avaliado,DESCONHECIDO,Sem limitações,Fase 3 (7º e 8º ano),-2,Destaque: A sua boa entrega das lições de casa.,Melhorar: Empenhar-se mais nas aulas e avaliações.,Melhorar: Integrar-se mais aos Princípios Passos Mágicos.,2022,0,0,0,0,0,0,0,0,0,0,0,0,0,0,0,0,0,0,0,0,1,0,0,0,0,0,2,2,2,2,2,1,3,4,3,1,1,1,1,1,1,2,1,1,1,1
RA-551,1,G,Aluno-551,Escola Pública,Ágata,6.853,Mantido na Fase atual,Promovido de Fase,Não avaliado,DESCONHECIDO,Sem limitações,Fase 3 (7º e 8º ano),-2,Melhorar: Melhorar a sua entrega de lições de casa.,Melhorar: Empenhar-se mais nas aulas e avaliações.,Melhorar: Integrar-se mais aos Princípios Passos Mágicos.,2022,0,0,0,0,0,0,0,0,0,0,0,0,0,0,0,0,0,0,0,0,1,0,0,0,0,0,2,1,2,2,1,1,2,2,3,3,2,4,1,2,1,2,1,3,4,1
RA-552,1,G,Aluno-552,Escola Pública,Ágata,6.625,Mantido na Fase atual,Promovido de Fase,Não avaliado,DESCONHECIDO,Não indicado,Fase 2 (5º e 6º ano),-1,Destaque: A sua boa entrega das lições de casa.,Melhorar: Empenhar-se mais nas aulas e avaliações.,Melhorar: Integrar-se mais aos Princípios Passos Mágicos.,2022,0,0,0,0,0,0,0,0,0,0,0,0,0,0,0,0,0,0,0,0,1,0,0,0,0,0,2,2,2,2,2,1,4,3,1,2,2,1,1,2,1,2,1,2,1,1
RA-553,1,G,Aluno-553,Escola Pública,Ágata,6.39,Mantido na Fase atual,Promovido de Fase,Não avaliado,DESCONHECIDO,Sem limitações,Fase 2 (5º e 6º ano),-1,Melhorar: Melhorar a sua entrega de lições de casa.,Melhorar: Empenhar-se mais nas aulas e avaliações.,Destaque: A sua boa integração aos Princípios Passos Mágicos.,2022,0,0,0,0,0,0,0,0,0,0,0,0,0,0,0,0,0,0,0,0,1,0,0,0,0,0,2,1,2,2,2,1,4,1,3,1,1,2,1,4,1,2,1,1,3,1
RA-554,1,G,Aluno-554,Escola Pública,Quartzo,5.588,Mantido na Fase atual,Promovido de Fase,Não avaliado,DESCONHECIDO,Sem limitações,Fase 3 (7º e 8º ano),-2,Melhorar: Melhorar a sua entrega de lições de casa.,Melhorar: Empenhar-se mais nas aulas e avaliações.,Melhorar: Integrar-se mais aos Princípios Passos Mágicos.,2022,0,0,0,0,0,0,0,0,0,0,0,0,0,0,0,0,0,0,0,0,1,0,0,0,0,0,2,1,2,2,2,1,2,1,3,1,1,2,1,1,1,2,1,1,4,1
RA-555,1,G,Aluno-555,Escola Pública,Quartzo,5.949,Mantido na Fase atual,Promovido de Fase,Não avaliado,DESCONHECIDO,Não indicado,Fase 3 (7º e 8º ano),-2,Destaque: A sua boa entrega das lições de casa.,Melhorar: Empenhar-se mais nas aulas e avaliações.,Melhorar: Integrar-se mais aos Princípios Passos Mágicos.,2022,0,0,0,0,0,0,0,0,0,0,0,0,0,0,0,0,0,0,0,0,1,0,0,0,0,0,2,1,2,2,2,1,4,2,1,1,1,3,1,1,1,2,1,1,3,1
RA-556,1,G,Aluno-556,Escola Pública,Ametista,7.181,Promovido de Fase,Promovido de Fase,Não avaliado,DESCONHECIDO,Não indicado,Fase 2 (5º e 6º ano),-1,Destaque: A sua boa entrega das lições de casa.,Melhorar: Empenhar-se mais nas aulas e avaliações.,Destaque: A sua boa integração aos Princípios Passos Mágicos.,2022,0,0,0,0,0,0,0,0,0,0,0,0,0,0,0,0,0,0,0,0,1,0,0,0,0,1,2,1,2,2,1,1,3,3,1,3,2,4,1,4,1,2,2,3,4,1
RA-557,1,H,Aluno-557,Escola Pública,Topázio,8.334,Promovido de Fase + Bolsa,Promovido de Fase,Não avaliado,DESCONHECIDO,Sem limitações,Fase 2 (5º e 6º ano),-1,Destaque: A sua boa entrega das lições de casa.,Destaque: As suas boas notas na Passos Mágicos.,Destaque: A sua boa integração aos Princípios Passos Mágicos.,2022,0,0,0,0,0,0,0,0,0,0,0,0,0,0,0,0,0,0,0,0,1,0,0,0,0,1,1,1,1,1,1,1,5,3,3,5,5,5,1,5,1,2,3,5,3,1
RA-558,1,H,Aluno-558,Escola Pública,Quartzo,5.539,Mantido na Fase atual,Promovido de Fase,Não avaliado,DESCONHECIDO,Não indicado,Fase 4 (9º ano),-3,Destaque: A sua boa entrega das lições de casa.,Melhorar: Empenhar-se mais nas aulas e avaliações.,Melhorar: Integrar-se mais aos Princípios Passos Mágicos.,2022,0,0,0,0,0,0,0,0,0,0,0,0,0,0,0,0,0,0,0,0,1,0,0,0,0,0,3,2,2,2,2,1,3,3,1,1,1,4,1,1,1,2,1,1,1,1
RA-559,1,H,Aluno-559,Escola Pública,Ametista,7.634,Promovido de Fase,Promovido de Fase,Não avaliado,DESCONHECIDO,Sem limitações,Fase 2 (5º e 6º ano),-1,Destaque: A sua boa entrega das lições de casa.,Melhorar: Empenhar-se mais nas aulas e avaliações.,Destaque: A sua boa integração aos Princípios Passos Mágicos.,2022,0,0,0,0,0,0,0,0,0,0,0,0,0,0,0,0,0,0,0,0,1,0,0,0,0,1,2,1,1,1,1,1,4,4,3,4,4,3,1,4,1,2,2,4,1,1
RA-560,1,H,Aluno-560,Escola Pública,Quartzo,4.949,Mantido na Fase atual,Mantido na Fase atual,Não avaliado,DESCONHECIDO,Não indicado,Fase 2 (5º e 6º ano),-1,Melhorar: Melhorar a sua entrega de lições de casa.,Melhorar: Empenhar-se mais nas aulas e avaliações.,Melhorar: Integrar-se mais aos Princípios Passos Mágicos.,2022,0,0,0,0,0,0,0,0,0,0,0,0,0,0,0,0,0,0,0,0,1,0,0,0,0,0,2,1,2,2,2,1,1,2,1,1,1,1,1,1,1,2,1,1,2,1
RA-561,1,H,Aluno-561,Escola Pública,Ametista,7.856,Promovido de Fase + Bolsa,Promovido de Fase,Não avaliado,DESCONHECIDO,Sem limitações,Fase 2 (5º e 6º ano),-1,Destaque: A sua boa entrega das lições de casa.,Melhorar: Empenhar-se mais nas aulas e avaliações.,Destaque: A sua boa integração aos Princípios Passos Mágicos.,2022,0,0,0,0,0,0,0,0,0,0,0,0,0,0,0,0,0,0,0,0,1,0,0,0,0,1,2,2,1,1,1,1,3,4,3,4,5,2,1,5,1,2,2,4,1,1
RA-562,1,H,Aluno-562,Escola Pública,Ametista,7.855,Promovido de Fase,Promovido de Fase,Não avaliado,DESCONHECIDO,Sem limitações,Fase 2 (5º e 6º ano),-1,Destaque: A sua boa entrega das lições de casa.,Destaque: As suas boas notas na Passos Mágicos.,Destaque: A sua boa integração aos Princípios Passos Mágicos.,2022,0,0,0,0,0,0,0,0,0,0,0,0,0,0,0,0,0,0,0,0,1,0,0,0,0,1,2,1,1,1,1,1,2,4,3,4,5,4,1,5,1,2,2,4,1,1
RA-563,1,H,Aluno-563,Escola Pública,Topázio,8.22,Promovido de Fase + Bolsa,Promovido de Fase,Não avaliado,DESCONHECIDO,Sem limitações,Fase 2 (5º e 6º ano),-1,Destaque: A sua boa entrega das lições de casa.,Destaque: As suas boas notas na Passos Mágicos.,Destaque: A sua boa integração aos Princípios Passos Mágicos.,2022,0,0,0,0,0,0,0,0,0,0,0,0,0,0,0,0,0,0,0,0,1,0,0,0,0,1,2,1,1,1,1,1,5,4,3,5,5,4,1,5,1,2,3,5,2,1
RA-564,1,H,Aluno-564,Escola Pública,Quartzo,4.972,Promovido de Fase,Promovido de Fase,Não avaliado,DESCONHECIDO,Não indicado,Fase 3 (7º e 8º ano),-2,Melhorar: Melhorar a sua entrega de lições de casa.,Melhorar: Empenhar-se mais nas aulas e avaliações.,Melhorar: Integrar-se mais aos Princípios Passos Mágicos.,2022,0,0,0,0,0,0,0,0,0,0,0,0,0,0,0,0,0,0,0,0,1,0,0,0,0,0,3,1,2,2,2,1,4,1,1,1,1,1,1,1,1,2,1,1,3,1
RA-565,1,H,Aluno-565,Escola Pública,Quartzo,5.233,Promovido de Fase,Promovido de Fase,Não avaliado,DESCONHECIDO,Sem limitações,Fase 3 (7º e 8º ano),-2,Melhorar: Melhorar a sua entrega de lições de casa.,Melhorar: Empenhar-se mais nas aulas e avaliações.,Melhorar: Integrar-se mais aos Princípios Passos Mágicos.,2022,0,0,0,0,0,0,0,0,0,0,0,0,0,0,0,0,0,0,0,0,1,0,0,0,0,0,3,2,2,2,2,1,3,1,3,1,1,1,1,1,1,2,1,1,1,1
RA-566,1,H,Aluno-566,Escola Pública,Ametista,7.729,Mantido na Fase atual,Promovido de Fase,Não avaliado,DESCONHECIDO,Sem limitações,Fase 3 (7º e 8º ano),-2,Destaque: A sua boa entrega das lições de casa.,Destaque: As suas boas notas na Passos Mágicos.,Destaque: A sua boa integração aos Princípios Passos Mágicos.,2022,0,0,0,0,0,0,0,0,0,0,0,0,0,0,0,0,0,0,0,0,1,0,0,0,0,1,2,2,1,1,1,1,4,3,3,5,5,4,1,4,1,2,2,5,1,1
RA-567,1,H,Aluno-567,Escola Pública,Ágata,6.281,Mantido na Fase atual,Promovido de Fase,Não avaliado,DESCONHECIDO,Sem limitações,Fase 2 (5º e 6º ano),-1,Melhorar: Melhorar a sua entrega de lições de casa.,Melhorar: Empenhar-se mais nas aulas e avaliações.,Melhorar: Integrar-se mais aos Princípios Passos Mágicos.,2022,0,0,0,0,0,0,0,0,0,0,0,0,0,0,0,0,0,0,0,0,1,0,0,0,0,0,2,1,2,2,2,1,4,1,3,1,1,2,1,1,1,2,1,2,3,1
RA-568,1,J,Aluno-568,Escola Pública,Ametista,7.306,Promovido de Fase,Promovido de Fase,Promovido de Fase,DESCONHECIDO,Não atendido,Fase 4 (9º ano),-3,Destaque: A sua boa entrega das lições de casa.,Destaque: As suas boas notas na Passos Mágicos.,Destaque: A sua boa integração aos Princípios Passos Mágicos.,2022,0,0,0,0,0,0,0,0,0,0,0,0,0,0,0,0,0,0,0,0,1,0,0,0,0,1,3,1,1,2,2,2,2,3,3,5,4,5,1,4,1,2,2,4,4,1
RA-569,1,J,Aluno-569,Escola Pública,Ametista,7.074,Mantido na Fase atual,Mantido na Fase atual,Mantido na Fase atual,DESCONHECIDO,Requer avaliação,Fase 3 (7º e 8º ano),-2,Destaque: A sua boa entrega das lições de casa.,Melhorar: Empenhar-se mais nas aulas e avaliações.,Melhorar: Integrar-se mais aos Princípios Passos Mágicos.,2022,0,0,0,0,0,0,0,0,0,0,0,0,0,0,0,0,0,0,0,0,1,0,0,0,0,1,2,1,2,2,2,2,4,3,1,3,3,4,1,2,1,2,2,3,2,1
RA-570,1,J,Aluno-570,Escola Pública,Quartzo,5.722,Mantido na Fase atual,Mantido na Fase atual,Mantido na Fase atual,DESCONHECIDO,Não atendido,Fase 2 (5º e 6º ano),-1,Melhorar: Melhorar a sua entrega de lições de casa.,Melhorar: Empenhar-se mais nas aulas e avaliações.,Melhorar: Integrar-se mais aos Princípios Passos Mágicos.,2022,0,0,0,0,0,0,0,0,0,0,0,0,0,0,0,0,0,0,0,0,1,0,0,0,0,0,1,1,2,2,2,2,3,2,3,1,1,1,1,1,1,2,1,1,3,1
RA-571,1,J,Aluno-571,Escola Pública,Ágata,6.589,Mantido na Fase atual,Mantido na Fase atual,Mantido na Fase atual,DESCONHECIDO,Não atendido,Fase 2 (5º e 6º ano),-1,Destaque: A sua boa entrega das lições de casa.,Melhorar: Empenhar-se mais nas aulas e avaliações.,Melhorar: Integrar-se mais aos Princípios Passos Mágicos.,2022,0,0,0,0,0,0,0,0,0,0,0,0,0,0,0,0,0,0,0,0,1,0,0,0,0,0,2,1,2,2,2,2,2,3,3,1,1,1,1,2,1,2,1,1,3,1
RA-572,1,J,Aluno-572,Escola Pública,Ametista,7.48,Mantido na Fase atual,Mantido na Fase atual,Mantido na Fase atual,DESCONHECIDO,Não atendido,Fase 1 (4º ano),0,Destaque: A sua boa entrega das lições de casa.,Melhorar: Empenhar-se mais nas aulas e avaliações.,Melhorar: Integrar-se mais aos Princípios Passos Mágicos.,2022,0,0,0,0,0,0,0,0,0,0,0,0,0,0,0,0,0,0,0,0,1,0,0,0,0,1,1,2,1,2,1,2,2,2,3,3,1,5,1,1,2,2,2,3,1,0
RA-573,1,J,Aluno-573,Escola Pública,Topázio,8.261,Promovido de Fase + Bolsa,Promovido de Fase,Mantido na Fase atual,DESCONHECIDO,Não atendido,Fase 2 (5º e 6º ano),-1,Destaque: A sua boa entrega das lições de casa.,Destaque: As suas boas notas na Passos Mágicos.,Destaque: A sua boa integração aos Princípios Passos Mágicos.,2022,0,0,0,0,0,0,0,0,0,0,0,0,0,0,0,0,0,0,0,0,1,0,0,0,0,1,2,1,1,1,1,2,4,5,3,5,5,4,1,5,1,2,3,4,2,1
RA-574,1,J,Aluno-574,Escola Pública,Ágata,6.86,Mantido na Fase atual,Mantido na Fase atual,Mantido na Fase atual,DESCONHECIDO,Requer avaliação,Fase 2 (5º e 6º ano),-1,Melhorar: Melhorar a sua entrega de lições de casa.,Destaque: As suas boas notas na Passos Mágicos.,Melhorar: Integrar-se mais aos Princípios Passos Mágicos.,2022,0,0,0,0,0,0,0,0,0,0,0,0,0,0,0,0,0,0,0,0,1,0,0,0,0,0,1,2,2,2,2,2,4,2,1,4,2,5,1,2,1,2,1,4,1,1
RA-575,1,J,Aluno-575,Escola Pública,Quartzo,5.889,Promovido de Fase,Mantido na Fase atual,Promovido de Fase,DESCONHECIDO,Não atendido,Fase 3 (7º e 8º ano),-2,Melhorar: Melhorar a sua entrega de lições de casa.,Melhorar: Empenhar-se mais nas aulas e avaliações.,Melhorar: Integrar-se mais aos Princípios Passos Mágicos.,2022,0,0,0,0,0,0,0,0,0,0,0,0,0,0,0,0,0,0,0,0,1,0,0,0,0,0,2,1,2,2,2,2,2,1,3,1,1,1,1,2,1,2,1,1,3,1
RA-576,1,J,Aluno-576,Escola Pública,Ametista,7.59,Mantido na Fase atual,Mantido na Fase atual,Mantido na Fase atual,DESCONHECIDO,Não atendido,Fase 2 (5º e 6º ano),-1,Destaque: A sua boa entrega das lições de casa.,Destaque: As suas boas notas na Passos Mágicos.,Melhorar: Integrar-se mais aos Princípios Passos Mágicos.,2022,0,0,0,0,0,0,0,0,0,0,0,0,0,0,0,0,0,0,0,0,1,0,0,0,0,1,1,2,1,2,1,2,4,4,3,4,4,4,1,2,1,2,2,4,1,1
RA-577,1,J,Aluno-577,Escola Pública,Ametista,7.862,Mantido na Fase atual,Mantido na Fase atual,Mantido na Fase atual,DESCONHECIDO,Não atendido,Fase 2 (5º e 6º ano),-1,Destaque: A sua boa entrega das lições de casa.,Destaque: As suas boas notas na Passos Mágicos.,Melhorar: Integrar-se mais aos Princípios Passos Mágicos.,2022,0,0,0,0,0,0,0,0,0,0,0,0,0,0,0,0,0,0,0,0,1,0,0,0,0,1,1,2,1,1,1,2,4,4,3,5,5,5,1,2,1,2,2,5,1,1
RA-578,1,J,Aluno-578,Escola Pública,Topázio,8.814,Promovido de Fase + Bolsa,Promovido de Fase,Promovido de Fase + Bolsa,DESCONHECIDO,Sem limitações,Fase 2 (5º e 6º ano),-1,Destaque: A sua boa entrega das lições de casa.,Destaque: As suas boas notas na Passos Mágicos.,Destaque: A sua boa integração aos Princípios Passos Mágicos.,2022,0,0,0,0,0,0,0,0,0,0,0,0,0,0,0,0,0,0,0,0,1,0,0,0,0,1,1,1,1,1,1,2,4,5,5,5,5,5,1,5,1,2,3,5,3,1
RA-579,1,J,Aluno-579,Escola Pública,Ágata,6.067,Mantido na Fase atual,Mantido na Fase atual,Mantido na Fase atual,DESCONHECIDO,Não atendido,Fase 2 (5º e 6º ano),-1,Melhorar: Melhorar a sua entrega de lições de casa.,Melhorar: Empenhar-se mais nas aulas e avaliações.,Melhorar: Integrar-se mais aos Princípios Passos Mágicos.,2022,0,0,0,0,0,0,0,0,0,0,0,0,0,0,0,0,0,0,0,0,1,0,0,0,0,0,1,2,2,2,2,2,2,1,3,1,1,4,1,2,1,2,1,1,1,1
RA-580,1,J,Aluno-580,Escola Pública,Ametista,7.525,Mantido na Fase atual,Mantido na Fase atual,Mantido na Fase atual,DESCONHECIDO,Não atendido,Fase 2 (5º e 6º ano),-1,Destaque: A sua boa entrega das lições de casa.,Destaque: As suas boas notas na Passos Mágicos.,Melhorar: Integrar-se mais aos Princípios Passos Mágicos.,2022,0,0,0,0,0,0,0,0,0,0,0,0,0,0,0,0,0,0,0,0,1,0,0,0,0,1,1,1,1,2,1,2,2,5,3,4,3,5,1,2,1,2,2,4,2,1
RA-581,1,J,Aluno-581,Escola Pública,Ágata,6.464,Mantido na Fase atual,Mantido na Fase atual,Mantido na Fase atual,DESCONHECIDO,Não atendido,Fase 2 (5º e 6º ano),-1,Destaque: A sua boa entrega das lições de casa.,Melhorar: Empenhar-se mais nas aulas e avaliações.,Melhorar: Integrar-se mais aos Princípios Passos Mágicos.,2022,0,0,0,0,0,0,0,0,0,0,0,0,0,0,0,0,0,0,0,0,1,0,0,0,0,0,1,1,2,2,2,2,1,3,3,2,2,1,1,1,1,2,1,2,3,1
RA-582,1,J,Aluno-582,Escola Pública,Ametista,7.064,Mantido na Fase atual,Mantido na Fase atual,Mantido na Fase atual,DESCONHECIDO,Não atendido,Fase 2 (5º e 6º ano),-1,Destaque: A sua boa entrega das lições de casa.,Melhorar: Empenhar-se mais nas aulas e avaliações.,Melhorar: Integrar-se mais aos Princípios Passos Mágicos.,2022,0,0,0,0,0,0,0,0,0,0,0,0,0,0,0,0,0,0,0,0,1,0,0,0,0,1,1,2,2,2,2,2,5,4,3,2,1,2,1,2,1,2,2,2,1,1
RA-583,1,J,Aluno-583,Escola Pública,Ametista,7.456,Mantido na Fase atual,Mantido na Fase atual,Promovido de Fase,DESCONHECIDO,Não atendido,Fase 3 (7º e 8º ano),-2,Destaque: A sua boa entrega das lições de casa.,Melhorar: Empenhar-se mais nas aulas e avaliações.,Melhorar: Integrar-se mais aos Princípios Passos Mágicos.,2022,0,0,0,0,0,0,0,0,0,0,0,0,0,0,0,0,0,0,0,0,1,0,0,0,0,1,2,1,1,2,2,2,2,4,3,4,3,4,1,2,1,2,2,4,3,1
RA-584,1,J,Aluno-584,Escola Pública,Ágata,6.714,Mantido na Fase atual,Mantido na Fase atual,Mantido na Fase atual,DESCONHECIDO,Não atendido,Fase 2 (5º e 6º ano),-1,Destaque: A sua boa entrega das lições de casa.,Melhorar: Empenhar-se mais nas aulas e avaliações.,Melhorar: Integrar-se mais aos Princípios Passos Mágicos.,2022,0,0,0,0,0,0,0,0,0,0,0,0,0,0,0,0,0,0,0,0,1,0,0,0,0,0,1,1,2,2,2,2,2,3,3,1,1,1,1,2,1,2,1,2,3,1
RA-585,1,K,Aluno-585,Escola Pública,Ametista,7.398,Mantido na Fase atual,Mantido na Fase atual,Mantido na Fase atual,DESCONHECIDO,Não atendido,Fase 1 (4º ano),0,Destaque: A sua boa entrega das lições de casa.,Melhorar: Empenhar-se mais nas aulas e avaliações.,Melhorar: Integrar-se mais aos Princípios Passos Mágicos.,2022,0,0,0,0,0,0,0,0,0,0,0,0,0,0,0,0,0,0,0,0,1,0,0,0,0,1,1,1,1,2,2,2,2,4,3,2,1,2,1,2,2,2,2,2,2,0
RA-586,1,K,Aluno-586,Rede Decisão,Ametista,7.988,Promovido de Fase + Bolsa,Promovido de Fase,Promovido de Fase + Bolsa,DESCONHECIDO,Requer avaliação,Fase 2 (5º e 6º ano),-1,Destaque: A sua boa entrega das lições de casa.,Destaque: As suas boas notas na Passos Mágicos.,Destaque: A sua boa integração aos Princípios Passos Mágicos.,2022,0,0,0,0,0,0,0,0,0,0,0,0,0,0,0,0,0,0,0,0,1,0,0,0,0,1,1,1,1,1,1,2,5,5,2,5,4,4,1,5,1,2,2,4,1,1
RA-587,1,K,Aluno-587,Escola Pública,Ágata,6.632,Mantido na Fase atual,Mantido na Fase atual,Mantido na Fase atual,DESCONHECIDO,Não atendido,Fase 2 (5º e 6º ano),-1,Destaque: A sua boa entrega das lições de casa.,Melhorar: Empenhar-se mais nas aulas e avaliações.,Melhorar: Integrar-se mais aos Princípios Passos Mágicos.,2022,0,0,0,0,0,0,0,0,0,0,0,0,0,0,0,0,0,0,0,0,1,0,0,0,0,0,1,2,2,2,2,2,4,4,3,1,1,3,1,1,1,2,1,1,1,1
RA-588,1,K,Aluno-588,Rede Decisão,Topázio,8.622,Promovido de Fase + Bolsa,Promovido de Fase,Promovido de Fase + Bolsa,DESCONHECIDO,Sem limitações,Fase 1 (4º ano),0,Destaque: A sua boa entrega das lições de casa.,Destaque: As suas boas notas na Passos Mágicos.,Destaque: A sua boa integração aos Princípios Passos Mágicos.,2022,0,0,0,0,0,0,0,0,0,0,0,0,0,0,0,0,0,0,0,0,1,0,0,0,0,1,1,1,1,1,1,2,4,5,2,5,5,5,1,4,2,2,3,5,1,0
RA-589,1,K,Aluno-589,Escola Pública,Ametista,7.744,Mantido na Fase atual,Mantido na Fase atual,Mantido na Fase atual,DESCONHECIDO,Não atendido,Fase 1 (4º ano),0,Destaque: A sua boa entrega das lições de casa.,Melhorar: Empenhar-se mais nas aulas e avaliações.,Melhorar: Integrar-se mais aos Princípios Passos Mágicos.,2022,0,0,0,0,0,0,0,0,0,0,0,0,0,0,0,0,0,0,0,0,1,0,0,0,0,1,1,2,1,1,1,2,4,4,3,2,1,5,1,2,2,2,2,2,1,0
RA-590,1,K,Aluno-590,Escola Pública,Ametista,7.435,Mantido na Fase atual,Promovido de Fase,Promovido de Fase,DESCONHECIDO,Não atendido,Fase 2 (5º e 6º ano),-1,Destaque: A sua boa entrega das lições de casa.,Melhorar: Empenhar-se mais nas aulas e avaliações.,Destaque: A sua boa integração aos Princípios Passos Mágicos.,2022,0,0,0,0,0,0,0,0,0,0,0,0,0,0,0,0,0,0,0,0,1,0,0,0,0,1,1,1,1,2,1,2,2,3,3,4,2,5,1,3,1,2,2,4,2,1
RA-591,1,K,Aluno-591,Escola Pública,Ametista,7.507,Mantido na Fase atual,Promovido de Fase,Mantido na Fase atual,DESCONHECIDO,Não atendido,Fase 2 (5º e 6º ano),-1,Destaque: A sua boa entrega das lições de casa.,Melhorar: Empenhar-se mais nas aulas e avaliações.,Melhorar: Integrar-se mais aos Princípios Passos Mágicos.,2022,0,0,0,0,0,0,0,0,0,0,0,0,0,0,0,0,0,0,0,0,1,0,0,0,0,1,2,1,1,2,1,2,4,4,3,4,4,2,1,2,1,2,2,4,1,1
RA-592,1,K,Aluno-592,Escola Pública,Ametista,7.381,Mantido na Fase atual,Promovido de Fase,Promovido de Fase,DESCONHECIDO,Requer avaliação,Fase 2 (5º e 6º ano),-1,Destaque: A sua boa entrega das lições de casa.,Destaque: As suas boas notas na Passos Mágicos.,Destaque: A sua boa integração aos Princípios Passos Mágicos.,2022,0,0,0,0,0,0,0,0,0,0,0,0,0,0,0,0,0,0,0,0,1,0,0,0,0,1,1,1,1,2,2,2,2,3,2,5,4,5,1,3,1,2,2,5,2,1
RA-593,1,K,Aluno-593,Escola Pública,Ágata,6.254,Mantido na Fase atual,Promovido de Fase,Mantido na Fase atual,DESCONHECIDO,Não atendido,Fase 2 (5º e 6º ano),-1,Melhorar: Melhorar a sua entrega de lições de casa.,Melhorar: Empenhar-se mais nas aulas e avaliações.,Melhorar: Integrar-se mais aos Princípios Passos Mágicos.,2022,0,0,0,0,0,0,0,0,0,0,0,0,0,0,0,0,0,0,0,0,1,0,0,0,0,0,1,1,2,2,2,2,1,2,3,1,1,2,1,1,1,2,1,2,1,1
RA-594,1,K,Aluno-594,Escola Pública,Ametista,7.392,Mantido na Fase atual,Mantido na Fase atual,Mantido na Fase atual,DESCONHECIDO,Não atendido,Fase 2 (5º e 6º ano),-1,Destaque: A sua boa entrega das lições de casa.,Destaque: As suas boas notas na Passos Mágicos.,Melhorar: Integrar-se mais aos Princípios Passos Mágicos.,2022,0,0,0,0,0,0,0,0,0,0,0,0,0,0,0,0,0,0,0,0,1,0,0,0,0,1,1,2,1,2,2,2,2,4,3,4,2,5,1,2,1,2,2,4,1,1
RA-595,1,K,Aluno-595,Escola Pública,Quartzo,5.18,Mantido na Fase atual,Mantido na Fase atual,Mantido na Fase atual,DESCONHECIDO,Não atendido,Fase 3 (7º e 8º ano),-2,Melhorar: Melhorar a sua entrega de lições de casa.,Melhorar: Empenhar-se mais nas aulas e avaliações.,Melhorar: Integrar-se mais aos Princípios Passos Mágicos.,2022,0,0,0,0,0,0,0,0,0,0,0,0,0,0,0,0,0,0,0,0,1,0,0,0,0,0,2,1,2,2,2,2,2,1,3,1,1,1,1,1,1,2,1,1,4,1
RA-596,1,K,Aluno-596,Escola Pública,Topázio,8.971,Mantido na Fase atual,Promovido de Fase,Promovido de Fase + Bolsa,DESCONHECIDO,Sem limitações,Fase 1 (4º ano),0,Destaque: A sua boa entrega das lições de casa.,Destaque: As suas boas notas na Passos Mágicos.,Destaque: A sua boa integração aos Princípios Passos Mágicos.,2022,0,0,0,0,0,0,0,0,0,0,0,0,0,0,0,0,0,0,0,0,1,0,0,0,0,1,1,1,1,1,1,2,4,5,3,5,5,5,1,5,2,2,3,5,1,0
RA-597,1,L,Aluno-597,Escola Pública,Topázio,8.265,Mantido na Fase atual,Mantido na Fase atual,Mantido na Fase atual,DESCONHECIDO,Sem limitações,Fase 1 (4º ano),0,Destaque: A sua boa entrega das lições de casa.,Destaque: As suas boas notas na Passos Mágicos.,Melhorar: Integrar-se mais aos Princípios Passos Mágicos.,2022,0,0,0,0,0,0,0,0,0,0,0,0,0,0,0,0,0,0,0,0,1,0,0,0,0,1,1,2,1,1,1,2,3,5,3,4,3,5,1,2,2,2,3,4,1,0
RA-598,1,L,Aluno-598,Escola Pública,Ágata,6.35,Mantido na Fase atual,Mantido na Fase atual,Mantido na Fase atual,DESCONHECIDO,Sem limitações,Fase 2 (5º e 6º ano),-1,Melhorar: Melhorar a sua entrega de lições de casa.,Melhorar: Empenhar-se mais nas aulas e avaliações.,Melhorar: Integrar-se mais aos Princípios Passos Mágicos.,2022,0,0,0,0,0,0,0,0,0,0,0,0,0,0,0,0,0,0,0,0,1,0,0,0,0,0,2,2,2,2,2,2,4,2,3,1,2,1,1,2,1,2,1,1,1,1
RA-599,1,L,Aluno-599,Escola Pública,Topázio,8.2,Promovido de Fase,Promovido de Fase,Promovido de Fase + Bolsa,DESCONHECIDO,Sem limitações,Fase 2 (5º e 6º ano),-1,Destaque: A sua boa entrega das lições de casa.,Destaque: As suas boas notas na Passos Mágicos.,Destaque: A sua boa integração aos Princípios Passos Mágicos.,2022,0,0,0,0,0,0,0,0,0,0,0,0,0,0,0,0,0,0,0,0,1,0,0,0,0,1,1,2,1,1,1,2,4,4,3,5,5,5,1,5,1,2,3,5,1,1
RA-600,1,L,Aluno-600,Escola Pública,Ágata,7.011,Mantido na Fase atual,Mantido na Fase atual,Mantido na Fase atual,DESCONHECIDO,Sem limitações,Fase 1 (4º ano),0,Destaque: A sua boa entrega das lições de casa.,Melhorar: Empenhar-se mais nas aulas e avaliações.,Melhorar: Integrar-se mais aos Princípios Passos Mágicos.,2022,0,0,0,0,0,0,0,0,0,0,0,0,0,0,0,0,0,0,0,0,1,0,0,0,0,1,1,1,2,2,2,2,2,3,3,1,1,1,1,1,2,2,1,1,1,0
RA-601,1,L,Aluno-601,Escola Pública,Ametista,7.713,Mantido na Fase atual,Mantido na Fase atual,Mantido na Fase atual,DESCONHECIDO,Sem limitações,ALFA  (2º e 3º ano),1,Destaque: A sua boa entrega das lições de casa.,Melhorar: Empenhar-se mais nas aulas e avaliações.,Melhorar: Integrar-se mais aos Princípios Passos Mágicos.,2022,0,0,0,0,0,0,0,0,0,0,0,0,0,0,0,0,0,0,0,0,1,0,0,0,0,1,1,1,1,1,2,2,3,5,3,2,2,2,1,2,2,2,2,2,1,0
RA-602,1,L,Aluno-602,Escola Pública,Ametista,8.041,Promovido de Fase + Bolsa,Promovido de Fase,Promovido de Fase,DESCONHECIDO,Sem limitações,Fase 2 (5º e 6º ano),-1,Destaque: A sua boa entrega das lições de casa.,Destaque: As suas boas notas na Passos Mágicos.,Destaque: A sua boa integração aos Princípios Passos Mágicos.,2022,0,0,0,0,0,0,0,0,0,0,0,0,0,0,0,0,0,0,0,0,1,0,0,0,0,1,2,1,1,1,1,2,5,5,3,5,5,5,1,3,1,2,2,5,3,1
RA-603,1,L,Aluno-603,Escola Pública,Ametista,7.78,Promovido de Fase,Promovido de Fase,Promovido de Fase,DESCONHECIDO,Sem limitações,Fase 2 (5º e 6º ano),-1,Destaque: A sua boa entrega das lições de casa.,Destaque: As suas boas notas na Passos Mágicos.,Destaque: A sua boa integração aos Princípios Passos Mágicos.,2022,0,0,0,0,0,0,0,0,0,0,0,0,0,0,0,0,0,0,0,0,1,0,0,0,0,1,2,2,1,1,1,2,3,4,3,4,3,5,1,4,1,2,2,4,1,1
RA-604,1,L,Aluno-604,Escola Pública,Ametista,8.018,Promovido de Fase + Bolsa,Promovido de Fase,Promovido de Fase,DESCONHECIDO,Sem limitações,Fase 2 (5º e 6º ano),-1,Destaque: A sua boa entrega das lições de casa.,Destaque: As suas boas notas na Passos Mágicos.,Destaque: A sua boa integração aos Princípios Passos Mágicos.,2022,0,0,0,0,0,0,0,0,0,0,0,0,0,0,0,0,0,0,0,0,1,0,0,0,0,1,1,1,1,1,1,2,3,4,3,5,4,5,1,4,1,2,2,5,1,1
RA-605,1,L,Aluno-605,Escola Pública,Ametista,7.276,Promovido de Fase,Promovido de Fase,Mantido na Fase atual,DESCONHECIDO,Sem limitações,Fase 3 (7º e 8º ano),-2,Destaque: A sua boa entrega das lições de casa.,Melhorar: Empenhar-se mais nas aulas e avaliações.,Destaque: A sua boa integração aos Princípios Passos Mágicos.,2022,0,0,0,0,0,0,0,0,0,0,0,0,0,0,0,0,0,0,0,0,1,0,0,0,0,1,2,1,1,2,2,2,1,4,3,4,3,4,1,3,1,2,2,4,1,1
RA-606,1,L,Aluno-606,Escola Pública,Ágata,6.127,Mantido na Fase atual,Promovido de Fase,Mantido na Fase atual,DESCONHECIDO,Sem limitações,Fase 2 (5º e 6º ano),-1,Destaque: A sua boa entrega das lições de casa.,Melhorar: Empenhar-se mais nas aulas e avaliações.,Melhorar: Integrar-se mais aos Princípios Passos Mágicos.,2022,0,0,0,0,0,0,0,0,0,0,0,0,0,0,0,0,0,0,0,0,1,0,0,0,0,0,1,2,2,2,2,2,4,4,3,1,1,1,1,1,1,2,1,1,1,1
RA-607,1,L,Aluno-607,Escola Pública,Ágata,6.44,Mantido na Fase atual,Promovido de Fase,Mantido na Fase atual,DESCONHECIDO,Sem limitações,Fase 2 (5º e 6º ano),-1,Destaque: A sua boa entrega das lições de casa.,Melhorar: Empenhar-se mais nas aulas e avaliações.,Melhorar: Integrar-se mais aos Princípios Passos Mágicos.,2022,0,0,0,0,0,0,0,0,0,0,0,0,0,0,0,0,0,0,0,0,1,0,0,0,0,0,1,2,2,2,2,2,1,2,3,1,1,1,1,2,1,2,1,1,1,1
RA-608,1,L,Aluno-608,Escola Pública,Ametista,7.216,Mantido na Fase atual,Promovido de Fase,Mantido na Fase atual,DESCONHECIDO,Sem limitações,Fase 2 (5º e 6º ano),-1,Destaque: A sua boa entrega das lições de casa.,Melhorar: Empenhar-se mais nas aulas e avaliações.,Melhorar: Integrar-se mais aos Princípios Passos Mágicos.,2022,0,0,0,0,0,0,0,0,0,0,0,0,0,0,0,0,0,0,0,0,1,0,0,0,0,1,1,2,1,2,2,2,2,5,3,3,1,5,1,2,1,2,2,3,1,1
RA-609,1,L,Aluno-609,Escola Pública,Ágata,6.794,Promovido de Fase,Promovido de Fase,Mantido na Fase atual,DESCONHECIDO,Sem limitações,Fase 2 (5º e 6º ano),-1,Destaque: A sua boa entrega das lições de casa.,Melhorar: Empenhar-se mais nas aulas e avaliações.,Melhorar: Integrar-se mais aos Princípios Passos Mágicos.,2022,0,0,0,0,0,0,0,0,0,0,0,0,0,0,0,0,0,0,0,0,1,0,0,0,0,0,2,1,2,2,2,2,2,2,3,2,3,2,1,2,1,2,1,2,3,1
RA-610,1,L,Aluno-610,Escola Pública,Topázio,8.18,Mantido na Fase atual,Promovido de Fase,Mantido na Fase atual,DESCONHECIDO,Sem limitações,Fase 1 (4º ano),0,Destaque: A sua boa entrega das lições de casa.,Melhorar: Empenhar-se mais nas aulas e avaliações.,Destaque: A sua boa integração aos Princípios Passos Mágicos.,2022,0,0,0,0,0,0,0,0,0,0,0,0,0,0,0,0,0,0,0,0,1,0,0,0,0,1,1,2,1,1,1,2,3,5,3,3,2,3,1,5,2,2,3,3,1,0
RA-611,1,M,Aluno-611,Escola Pública,Ametista,7.756,Promovido de Fase + Bolsa,Promovido de Fase,Promovido de Fase,DESCONHECIDO,Não atendido,Fase 3 (7º e 8º ano),-2,Destaque: A sua boa entrega das lições de casa.,Destaque: As suas boas notas na Passos Mágicos.,Destaque: A sua boa integração aos Princípios Passos Mágicos.,2022,0,0,0,0,0,0,0,0,0,0,0,0,0,0,0,0,0,0,0,0,1,0,0,0,0,1,2,1,1,1,1,2,4,2,3,5,5,5,1,3,1,2,2,5,1,1
RA-612,1,M,Aluno-612,Escola Pública,Ametista,7.594,Promovido de Fase,Mantido na Fase atual,Mantido na Fase atual,DESCONHECIDO,Não atendido,Fase 2 (5º e 6º ano),-1,Destaque: A sua boa entrega das lições de casa.,Destaque: As suas boas notas na Passos Mágicos.,Melhorar: Integrar-se mais aos Princípios Passos Mágicos.,2022,0,0,0,0,0,0,0,0,0,0,0,0,0,0,0,0,0,0,0,0,1,0,0,0,0,1,1,1,1,2,1,2,3,4,3,4,5,2,1,2,1,2,2,4,1,1
RA-613,1,M,Aluno-613,Escola Pública,Topázio,8.121,Promovido de Fase,Promovido de Fase,Promovido de Fase + Bolsa,DESCONHECIDO,Não atendido,Fase 3 (7º e 8º ano),-2,Destaque: A sua boa entrega das lições de casa.,Destaque: As suas boas notas na Passos Mágicos.,Destaque: A sua boa integração aos Princípios Passos Mágicos.,2022,0,0,0,0,0,0,0,0,0,0,0,0,0,0,0,0,0,0,0,0,1,0,0,0,0,1,3,1,1,1,1,2,3,4,3,5,5,5,1,5,1,2,3,5,2,1
RA-614,1,M,Aluno-614,Escola Pública,Topázio,8.339,Promovido de Fase + Bolsa,Mantido na Fase atual,Promovido de Fase,DESCONHECIDO,Não atendido,Fase 3 (7º e 8º ano),-2,Destaque: A sua boa entrega das lições de casa.,Destaque: As suas boas notas na Passos Mágicos.,Destaque: A sua boa integração aos Princípios Passos Mágicos.,2022,0,0,0,0,0,0,0,0,0,0,0,0,0,0,0,0,0,0,0,0,1,0,0,0,0,1,2,1,1,1,1,2,4,5,3,5,5,5,1,4,1,2,3,5,1,1
RA-615,1,M,Aluno-615,Escola Pública,Topázio,8.086,Mantido na Fase atual,Mantido na Fase atual,Promovido de Fase,DESCONHECIDO,Não atendido,Fase 1 (4º ano),0,Destaque: A sua boa entrega das lições de casa.,Melhorar: Empenhar-se mais nas aulas e avaliações.,Melhorar: Integrar-se mais aos Princípios Passos Mágicos.,2022,0,0,0,0,0,0,0,0,0,0,0,0,0,0,0,0,0,0,0,0,1,0,0,0,0,1,1,1,1,1,1,2,4,5,3,4,4,3,1,2,2,2,3,4,2,0
RA-616,1,M,Aluno-616,Escola Pública,Ametista,7.303,Promovido de Fase,Mantido na Fase atual,Promovido de Fase,DESCONHECIDO,Não atendido,Fase 3 (7º e 8º ano),-2,Melhorar: Melhorar a sua entrega de lições de casa.,Destaque: As suas boas notas na Passos Mágicos.,Melhorar: Integrar-se mais aos Princípios Passos Mágicos.,2022,0,0,0,0,0,0,0,0,0,0,0,0,0,0,0,0,0,0,0,0,1,0,0,0,0,1,2,1,1,2,2,2,1,2,3,5,5,5,1,2,1,2,2,5,3,1
RA-617,1,M,Aluno-617,Escola Pública,Ametista,7.107,Mantido na Fase atual,Mantido na Fase atual,Promovido de Fase,DESCONHECIDO,Não atendido,Fase 2 (5º e 6º ano),-1,Destaque: A sua boa entrega das lições de casa.,Melhorar: Empenhar-se mais nas aulas e avaliações.,Melhorar: Integrar-se mais aos Princípios Passos Mágicos.,2022,0,0,0,0,0,0,0,0,0,0,0,0,0,0,0,0,0,0,0,0,1,0,0,0,0,1,2,1,2,2,2,2,2,3,3,3,1,4,1,1,1,2,2,3,1,1
RA-618,1,M,Aluno-618,Escola Pública,Ametista,7.18,Mantido na Fase atual,Mantido na Fase atual,Mantido na Fase atual,DESCONHECIDO,Não atendido,Fase 3 (7º e 8º ano),-2,Destaque: A sua boa entrega das lições de casa.,Melhorar: Empenhar-se mais nas aulas e avaliações.,Melhorar: Integrar-se mais aos Princípios Passos Mágicos.,2022,0,0,0,0,0,0,0,0,0,0,0,0,0,0,0,0,0,0,0,0,1,0,0,0,0,1,3,1,2,2,2,2,3,3,3,3,3,3,1,2,1,2,2,3,2,1
RA-619,1,M,Aluno-619,Escola Pública,Ametista,7.693,Mantido na Fase atual,Mantido na Fase atual,Promovido de Fase,DESCONHECIDO,Não atendido,Fase 2 (5º e 6º ano),-1,Destaque: A sua boa entrega das lições de casa.,Destaque: As suas boas notas na Passos Mágicos.,Melhorar: Integrar-se mais aos Princípios Passos Mágicos.,2022,0,0,0,0,0,0,0,0,0,0,0,0,0,0,0,0,0,0,0,0,1,0,0,0,0,1,2,1,1,1,1,2,4,2,3,5,5,5,1,2,1,2,2,5,1,1
RA-620,1,M,Aluno-620,Escola Pública,Ágata,6.018,Promovido de Fase,Mantido na Fase atual,Mantido na Fase atual,DESCONHECIDO,Não atendido,Fase 3 (7º e 8º ano),-2,Destaque: A sua boa entrega das lições de casa.,Melhorar: Empenhar-se mais nas aulas e avaliações.,Melhorar: Integrar-se mais aos Princípios Passos Mágicos.,2022,0,0,0,0,0,0,0,0,0,0,0,0,0,0,0,0,0,0,0,0,1,0,0,0,0,0,2,1,2,2,2,2,1,2,3,3,5,1,1,1,1,2,1,3,1,1
RA-621,1,M,Aluno-621,Escola Pública,Ametista,7.448,Mantido na Fase atual,Mantido na Fase atual,Mantido na Fase atual,DESCONHECIDO,Não atendido,Fase 2 (5º e 6º ano),-1,Destaque: A sua boa entrega das lições de casa.,Destaque: As suas boas notas na Passos Mágicos.,Destaque: A sua boa integração aos Princípios Passos Mágicos.,2022,0,0,0,0,0,0,0,0,0,0,0,0,0,0,0,0,0,0,0,0,1,0,0,0,0,1,1,1,1,2,2,2,4,2,3,4,3,4,1,4,1,2,2,4,2,1
RA-622,1,N,Aluno-622,Escola Pública,Quartzo,4.934,Mantido na Fase atual,Mantido na Fase atual,Mantido na Fase atual,DESCONHECIDO,Não atendido,Fase 3 (7º e 8º ano),-2,Melhorar: Melhorar a sua entrega de lições de casa.,Melhorar: Empenhar-se mais nas aulas e avaliações.,Melhorar: Integrar-se mais aos Princípios Passos Mágicos.,2022,0,0,0,0,0,0,0,0,0,0,0,0,0,0,0,0,0,0,0,0,1,0,0,0,0,0,2,1,2,2,2,2,1,1,3,1,2,1,1,1,1,2,1,1,3,1
RA-623,1,N,Aluno-623,Escola Pública,Ametista,7.524,Mantido na Fase atual,Mantido na Fase atual,Mantido na Fase atual,DESCONHECIDO,Não atendido,Fase 3 (7º e 8º ano),-2,Destaque: A sua boa entrega das lições de casa.,Destaque: As suas boas notas na Passos Mágicos.,Melhorar: Integrar-se mais aos Princípios Passos Mágicos.,2022,0,0,0,0,0,0,0,0,0,0,0,0,0,0,0,0,0,0,0,0,1,0,0,0,0,1,3,2,1,2,1,2,1,4,3,5,5,4,1,2,1,2,2,4,1,1
RA-624,1,N,Aluno-624,Escola Pública,Ametista,7.425,Mantido na Fase atual,Mantido na Fase atual,Mantido na Fase atual,DESCONHECIDO,Não atendido,Fase 2 (5º e 6º ano),-1,Destaque: A sua boa entrega das lições de casa.,Melhorar: Empenhar-se mais nas aulas e avaliações.,Destaque: A sua boa integração aos Princípios Passos Mágicos.,2022,0,0,0,0,0,0,0,0,0,0,0,0,0,0,0,0,0,0,0,0,1,0,0,0,0,1,1,2,1,2,1,2,3,3,3,3,4,2,1,3,1,2,2,3,1,1
RA-625,1,N,Aluno-625,Escola Pública,Ametista,7.483,Mantido na Fase atual,Mantido na Fase atual,Mantido na Fase atual,DESCONHECIDO,Não atendido,Fase 2 (5º e 6º ano),-1,Destaque: A sua boa entrega das lições de casa.,Destaque: As suas boas notas na Passos Mágicos.,Melhorar: Integrar-se mais aos Princípios Passos Mágicos.,2022,0,0,0,0,0,0,0,0,0,0,0,0,0,0,0,0,0,0,0,0,1,0,0,0,0,1,2,2,1,2,1,2,2,4,3,4,5,3,1,2,1,2,2,4,1,1
RA-626,1,N,Aluno-626,Escola Pública,Quartzo,5.818,Mantido na Fase atual,Mantido na Fase atual,Mantido na Fase atual,DESCONHECIDO,Não atendido,Fase 2 (5º e 6º ano),-1,Destaque: A sua boa entrega das lições de casa.,Melhorar: Empenhar-se mais nas aulas e avaliações.,Melhorar: Integrar-se mais aos Princípios Passos Mágicos.,2022,0,0,0,0,0,0,0,0,0,0,0,0,0,0,0,0,0,0,0,0,1,0,0,0,0,0,2,1,2,2,2,2,1,2,3,1,1,1,1,2,1,2,1,1,1,1
RA-627,1,N,Aluno-627,Escola Pública,Ágata,6.621,Mantido na Fase atual,Mantido na Fase atual,Mantido na Fase atual,DESCONHECIDO,Não atendido,Fase 2 (5º e 6º ano),-1,Melhorar: Melhorar a sua entrega de lições de casa.,Melhorar: Empenhar-se mais nas aulas e avaliações.,Melhorar: Integrar-se mais aos Princípios Passos Mágicos.,2022,0,0,0,0,0,0,0,0,0,0,0,0,0,0,0,0,0,0,0,0,1,0,0,0,0,0,1,2,2,2,2,2,1,1,3,3,3,3,1,2,1,2,1,3,1,1
RA-628,1,N,Aluno-628,Escola Pública,Ametista,7.577,Mantido na Fase atual,Mantido na Fase atual,Mantido na Fase atual,DESCONHECIDO,Não atendido,Fase 2 (5º e 6º ano),-1,Destaque: A sua boa entrega das lições de casa.,Destaque: As suas boas notas na Passos Mágicos.,Melhorar: Integrar-se mais aos Princípios Passos Mágicos.,2022,0,0,0,0,0,0,0,0,0,0,0,0,0,0,0,0,0,0,0,0,1,0,0,0,0,1,2,2,1,2,1,2,4,2,3,5,5,5,1,2,1,2,2,5,1,1
RA-629,1,N,Aluno-629,Escola Pública,Topázio,8.11,Mantido na Fase atual,Mantido na Fase atual,Mantido na Fase atual,DESCONHECIDO,Não atendido,Fase 1 (4º ano),0,Destaque: A sua boa entrega das lições de casa.,Melhorar: Empenhar-se mais nas aulas e avaliações.,Melhorar: Integrar-se mais aos Princípios Passos Mágicos.,2022,0,0,0,0,0,0,0,0,0,0,0,0,0,0,0,0,0,0,0,0,1,0,0,0,0,1,1,2,1,1,1,2,3,5,3,3,2,5,1,2,2,2,3,3,1,0
RA-630,1,N,Aluno-630,Escola Pública,Topázio,8.064,Mantido na Fase atual,Mantido na Fase atual,Mantido na Fase atual,DESCONHECIDO,Não atendido,Fase 1 (4º ano),0,Destaque: A sua boa entrega das lições de casa.,Melhorar: Empenhar-se mais nas aulas e avaliações.,Melhorar: Integrar-se mais aos Princípios Passos Mágicos.,2022,0,0,0,0,0,0,0,0,0,0,0,0,0,0,0,0,0,0,0,0,1,0,0,0,0,1,1,2,1,1,1,2,4,4,3,4,3,4,1,2,2,2,3,4,1,0
RA-631,1,N,Aluno-631,Escola Pública,Ágata,6.928,Mantido na Fase atual,Mantido na Fase atual,Mantido na Fase atual,DESCONHECIDO,Não atendido,Fase 3 (7º e 8º ano),-2,Melhorar: Melhorar a sua entrega de lições de casa.,Melhorar: Empenhar-se mais nas aulas e avaliações.,Melhorar: Integrar-se mais aos Princípios Passos Mágicos.,2022,0,0,0,0,0,0,0,0,0,0,0,0,0,0,0,0,0,0,0,0,1,0,0,0,0,0,2,2,2,2,2,2,2,1,3,3,4,3,1,2,1,2,1,3,1,1
RA-632,1,P,Aluno-632,Escola Pública,Ágata,6.996,Mantido na Fase atual,Promovido de Fase,Mantido na Fase atual,DESCONHECIDO,Sem limitações,Fase 2 (5º e 6º ano),-1,Destaque: A sua boa entrega das lições de casa.,Melhorar: Empenhar-se mais nas aulas e avaliações.,Melhorar: Integrar-se mais aos Princípios Passos Mágicos.,2022,0,0,0,0,0,0,0,0,0,0,0,0,0,0,0,0,0,0,0,0,1,0,0,0,0,0,1,2,2,2,2,2,2,4,3,3,2,4,1,1,1,2,1,3,1,1
RA-633,1,P,Aluno-633,Escola Pública,Ametista,7.476,Mantido na Fase atual,Promovido de Fase,Mantido na Fase atual,DESCONHECIDO,Não atendido,Fase 2 (5º e 6º ano),-1,Destaque: A sua boa entrega das lições de casa.,Destaque: As suas boas notas na Passos Mágicos.,Destaque: A sua boa integração aos Princípios Passos Mágicos.,2022,0,0,0,0,0,0,0,0,0,0,0,0,0,0,0,0,0,0,0,0,1,0,0,0,0,1,2,1,1,2,1,2,1,3,3,4,3,5,1,4,1,2,2,4,2,1
RA-634,1,P,Aluno-634,Escola Pública,Ametista,7.619,Promovido de Fase,Promovido de Fase,Mantido na Fase atual,DESCONHECIDO,Não atendido,Fase 2 (5º e 6º ano),-1,Destaque: A sua boa entrega das lições de casa.,Melhorar: Empenhar-se mais nas aulas e avaliações.,Destaque: A sua boa integração aos Princípios Passos Mágicos.,2022,0,0,0,0,0,0,0,0,0,0,0,0,0,0,0,0,0,0,0,0,1,0,0,0,0,1,2,2,1,2,1,2,4,4,3,3,4,1,1,4,1,2,2,3,1,1
RA-635,1,P,Aluno-635,Escola Pública,Quartzo,5.313,Mantido na Fase atual,Mantido na Fase atual,Mantido na Fase atual,DESCONHECIDO,Requer avaliação,Fase 2 (5º e 6º ano),-1,Melhorar: Melhorar a sua entrega de lições de casa.,Melhorar: Empenhar-se mais nas aulas e avaliações.,Melhorar: Integrar-se mais aos Princípios Passos Mágicos.,2022,0,0,0,0,0,0,0,0,0,0,0,0,0,0,0,0,0,0,0,0,1,0,0,0,0,0,1,2,2,2,2,2,5,1,3,1,1,1,1,1,1,2,1,1,1,1
RA-636,1,P,Aluno-636,Escola Pública,Ametista,7.189,Mantido na Fase + Bolsa,Mantido na Fase atual,Mantido na Fase atual,DESCONHECIDO,Requer avaliação,Fase 2 (5º e 6º ano),-1,Destaque: A sua boa entrega das lições de casa.,Melhorar: Empenhar-se mais nas aulas e avaliações.,Melhorar: Integrar-se mais aos Princípios Passos Mágicos.,2022,0,0,0,0,0,0,0,0,0,0,0,0,0,0,0,0,0,0,0,0,1,0,0,0,0,1,1,2,2,2,1,2,2,2,3,4,4,4,1,2,1,2,2,4,1,1
RA-637,1,P,Aluno-637,Escola Pública,Ametista,7.039,Mantido na Fase atual,Promovido de Fase,Mantido na Fase atual,DESCONHECIDO,Não atendido,Fase 2 (5º e 6º ano),-1,Destaque: A sua boa entrega das lições de casa.,Melhorar: Empenhar-se mais nas aulas e avaliações.,Melhorar: Integrar-se mais aos Princípios Passos Mágicos.,2022,0,0,0,0,0,0,0,0,0,0,0,0,0,0,0,0,0,0,0,0,1,0,0,0,0,1,1,1,2,2,2,2,2,4,3,2,2,3,1,2,1,2,2,2,1,1
RA-638,1,P,Aluno-638,Escola Pública,Ametista,7.059,Mantido na Fase atual,Mantido na Fase atual,Mantido na Fase atual,DESCONHECIDO,Não atendido,Fase 1 (4º ano),0,Destaque: A sua boa entrega das lições de casa.,Melhorar: Empenhar-se mais nas aulas e avaliações.,Melhorar: Integrar-se mais aos Princípios Passos Mágicos.,2022,0,0,0,0,0,0,0,0,0,0,0,0,0,0,0,0,0,0,0,0,1,0,0,0,0,1,1,1,2,2,2,2,2,4,3,1,1,2,1,1,2,2,2,1,2,0
RA-639,1,P,Aluno-639,Escola Pública,Ágata,6.613,Mantido na Fase atual,Promovido de Fase,Mantido na Fase atual,DESCONHECIDO,Não atendido,Fase 2 (5º e 6º ano),-1,Melhorar: Melhorar a sua entrega de lições de casa.,Melhorar: Empenhar-se mais nas aulas e avaliações.,Melhorar: Integrar-se mais aos Princípios Passos Mágicos.,2022,0,0,0,0,0,0,0,0,0,0,0,0,0,0,0,0,0,0,0,0,1,0,0,0,0,0,1,1,2,2,2,2,2,2,3,2,1,4,1,1,1,2,1,2,1,1
RA-640,1,P,Aluno-640,Escola Pública,Ágata,6.73,Mantido na Fase atual,Promovido de Fase,Mantido na Fase atual,DESCONHECIDO,Não atendido,Fase 2 (5º e 6º ano),-1,Destaque: A sua boa entrega das lições de casa.,Melhorar: Empenhar-se mais nas aulas e avaliações.,Melhorar: Integrar-se mais aos Princípios Passos Mágicos.,2022,0,0,0,0,0,0,0,0,0,0,0,0,0,0,0,0,0,0,0,0,1,0,0,0,0,0,2,2,2,2,2,2,3,3,3,1,1,3,1,1,1,2,1,2,1,1
RA-641,1,P,Aluno-641,Escola Pública,Ametista,7.776,Mantido na Fase atual,Promovido de Fase,Mantido na Fase atual,DESCONHECIDO,Não atendido,Fase 1 (4º ano),0,Destaque: A sua boa entrega das lições de casa.,Melhorar: Empenhar-se mais nas aulas e avaliações.,Melhorar: Integrar-se mais aos Princípios Passos Mágicos.,2022,0,0,0,0,0,0,0,0,0,0,0,0,0,0,0,0,0,0,0,0,1,0,0,0,0,1,1,2,1,1,1,2,3,4,3,3,1,5,1,1,2,2,2,3,1,0
RA-642,1,P,Aluno-642,Escola Pública,Ametista,7.75,Mantido na Fase atual,Promovido de Fase,Mantido na Fase atual,DESCONHECIDO,Sem limitações,Fase 2 (5º e 6º ano),-1,Destaque: A sua boa entrega das lições de casa.,Melhorar: Empenhar-se mais nas aulas e avaliações.,Destaque: A sua boa integração aos Princípios Passos Mágicos.,2022,0,0,0,0,0,0,0,0,0,0,0,0,0,0,0,0,0,0,0,0,1,0,0,0,0,1,1,1,1,1,1,2,5,5,3,4,4,4,1,3,1,2,2,4,1,1
RA-643,1,P,Aluno-643,Escola Pública,Ágata,6.763,Mantido na Fase atual,Mantido na Fase atual,Mantido na Fase atual,DESCONHECIDO,Não atendido,Fase 2 (5º e 6º ano),-1,Destaque: A sua boa entrega das lições de casa.,Melhorar: Empenhar-se mais nas aulas e avaliações.,Melhorar: Integrar-se mais aos Princípios Passos Mágicos.,2022,0,0,0,0,0,0,0,0,0,0,0,0,0,0,0,0,0,0,0,0,1,0,0,0,0,0,1,2,2,2,2,2,3,2,3,2,3,2,1,1,1,2,1,2,1,1
RA-644,1,P,Aluno-644,Escola Pública,Ametista,7.83,Promovido de Fase + Bolsa,Promovido de Fase,Mantido na Fase atual,DESCONHECIDO,Não atendido,Fase 2 (5º e 6º ano),-1,Destaque: A sua boa entrega das lições de casa.,Destaque: As suas boas notas na Passos Mágicos.,Destaque: A sua boa integração aos Princípios Passos Mágicos.,2022,0,0,0,0,0,0,0,0,0,0,0,0,0,0,0,0,0,0,0,0,1,0,0,0,0,1,2,1,1,1,1,2,4,2,3,5,5,4,1,4,1,2,2,5,1,1
RA-645,1,P,Aluno-645,Escola Pública,Ágata,6.086,Mantido na Fase atual,Promovido de Fase,Mantido na Fase atual,DESCONHECIDO,Requer avaliação,Fase 2 (5º e 6º ano),-1,Destaque: A sua boa entrega das lições de casa.,Melhorar: Empenhar-se mais nas aulas e avaliações.,Melhorar: Integrar-se mais aos Princípios Passos Mágicos.,2022,0,0,0,0,0,0,0,0,0,0,0,0,0,0,0,0,0,0,0,0,1,0,0,0,0,0,1,2,2,2,2,2,2,2,3,1,1,1,1,1,1,2,1,1,1,1
RA-646,1,R,Aluno-646,Escola Pública,Topázio,8.181,Promovido de Fase + Bolsa,Mantido na Fase atual,Mantido na Fase atual,DESCONHECIDO,Não atendido,Fase 3 (7º e 8º ano),-2,Destaque: A sua boa entrega das lições de casa.,Destaque: As suas boas notas na Passos Mágicos.,Destaque: A sua boa integração aos Princípios Passos Mágicos.,2022,0,0,0,0,0,0,0,0,0,0,0,0,0,0,0,0,0,0,0,0,1,0,0,0,0,1,3,1,1,1,1,2,2,5,5,5,5,4,1,5,1,2,3,5,3,1
RA-647,1,R,Aluno-647,Escola Pública,Ágata,6.606,Mantido na Fase atual,Mantido na Fase atual,Mantido na Fase atual,DESCONHECIDO,Não atendido,Fase 2 (5º e 6º ano),-1,Destaque: A sua boa entrega das lições de casa.,Melhorar: Empenhar-se mais nas aulas e avaliações.,Melhorar: Integrar-se mais aos Princípios Passos Mágicos.,2022,0,0,0,0,0,0,0,0,0,0,0,0,0,0,0,0,0,0,0,0,1,0,0,0,0,0,1,2,2,2,2,2,4,3,3,1,1,2,1,2,1,2,1,1,1,1
RA-648,1,R,Aluno-648,Escola Pública,Ágata,6.736,Mantido na Fase atual,Mantido na Fase atual,Mantido na Fase atual,DESCONHECIDO,Sem limitações,Fase 3 (7º e 8º ano),-2,Melhorar: Melhorar a sua entrega de lições de casa.,Melhorar: Empenhar-se mais nas aulas e avaliações.,Destaque: A sua boa integração aos Princípios Passos Mágicos.,2022,0,0,0,0,0,0,0,0,0,0,0,0,0,0,0,0,0,0,0,0,1,0,0,0,0,0,2,1,2,2,2,2,3,2,3,2,2,2,1,3,1,2,1,2,3,1
RA-649,1,R,Aluno-649,Escola Pública,Ametista,7.302,Mantido na Fase atual,Promovido de Fase,Promovido de Fase,DESCONHECIDO,Requer avaliação,Fase 3 (7º e 8º ano),-2,Destaque: A sua boa entrega das lições de casa.,Melhorar: Empenhar-se mais nas aulas e avaliações.,Destaque: A sua boa integração aos Princípios Passos Mágicos.,2022,0,0,0,0,0,0,0,0,0,0,0,0,0,0,0,0,0,0,0,0,1,0,0,0,0,1,2,1,1,2,2,2,2,3,2,4,3,5,1,3,1,2,2,4,3,1
RA-650,1,R,Aluno-650,Escola Pública,Ágata,7.004,Mantido na Fase atual,Mantido na Fase atual,Promovido de Fase,DESCONHECIDO,Sem limitações,Fase 2 (5º e 6º ano),-1,Destaque: A sua boa entrega das lições de casa.,Melhorar: Empenhar-se mais nas aulas e avaliações.,Destaque: A sua boa integração aos Princípios Passos Mágicos.,2022,0,0,0,0,0,0,0,0,0,0,0,0,0,0,0,0,0,0,0,0,1,0,0,0,0,1,2,1,2,2,2,2,1,3,2,3,2,5,1,3,1,2,1,3,1,1
RA-651,1,R,Aluno-651,Escola Pública,Ametista,7.866,Mantido na Fase + Bolsa,Mantido na Fase atual,Promovido de Fase,DESCONHECIDO,Não atendido,Fase 2 (5º e 6º ano),-1,Destaque: A sua boa entrega das lições de casa.,Destaque: As suas boas notas na Passos Mágicos.,Destaque: A sua boa integração aos Princípios Passos Mágicos.,2022,0,0,0,0,0,0,0,0,0,0,0,0,0,0,0,0,0,0,0,0,1,0,0,0,0,1,1,2,1,1,1,2,2,4,3,4,4,4,1,4,1,2,2,4,1,1
RA-652,1,R,Aluno-652,Escola Pública,Topázio,8.151,Mantido na Fase atual,Mantido na Fase atual,Mantido na Fase atual,DESCONHECIDO,Não atendido,Fase 1 (4º ano),0,Destaque: A sua boa entrega das lições de casa.,Destaque: As suas boas notas na Passos Mágicos.,Destaque: A sua boa integração aos Princípios Passos Mágicos.,2022,0,0,0,0,0,0,0,0,0,0,0,0,0,0,0,0,0,0,0,0,1,0,0,0,0,1,1,2,1,1,1,2,2,5,3,4,4,5,1,3,2,2,3,4,1,0
RA-653,1,R,Aluno-653,Escola Pública,Topázio,8.101,Mantido na Fase atual,Mantido na Fase atual,Mantido na Fase atual,DESCONHECIDO,Não atendido,Fase 2 (5º e 6º ano),-1,Destaque: A sua boa entrega das lições de casa.,Destaque: As suas boas notas na Passos Mágicos.,Destaque: A sua boa integração aos Princípios Passos Mágicos.,2022,0,0,0,0,0,0,0,0,0,0,0,0,0,0,0,0,0,0,0,0,1,0,0,0,0,1,2,2,1,1,1,2,4,5,3,5,5,5,1,3,1,2,3,5,1,1
RA-654,1,R,Aluno-654,Escola Pública,Ametista,7.308,Mantido na Fase atual,Mantido na Fase atual,Mantido na Fase atual,DESCONHECIDO,Não atendido,Fase 3 (7º e 8º ano),-2,Destaque: A sua boa entrega das lições de casa.,Melhorar: Empenhar-se mais nas aulas e avaliações.,Destaque: A sua boa integração aos Princípios Passos Mágicos.,2022,0,0,0,0,0,0,0,0,0,0,0,0,0,0,0,0,0,0,0,0,1,0,0,0,0,1,2,2,1,2,2,2,2,3,3,3,2,4,1,3,1,2,2,3,1,1
RA-655,1,R,Aluno-655,Escola Pública,Ametista,7.785,Mantido na Fase + Bolsa,Mantido na Fase atual,Promovido de Fase,DESCONHECIDO,Não atendido,Fase 3 (7º e 8º ano),-2,Destaque: A sua boa entrega das lições de casa.,Destaque: As suas boas notas na Passos Mágicos.,Destaque: A sua boa integração aos Princípios Passos Mágicos.,2022,0,0,0,0,0,0,0,0,0,0,0,0,0,0,0,0,0,0,0,0,1,0,0,0,0,1,2,1,1,1,1,2,1,4,3,5,5,4,1,5,1,2,2,4,3,1
RA-656,1,R,Aluno-656,Escola Pública,Ágata,6.652,Mantido na Fase atual,Promovido de Fase,Promovido de Fase,DESCONHECIDO,Requer avaliação,Fase 2 (5º e 6º ano),-1,Melhorar: Melhorar a sua entrega de lições de casa.,Melhorar: Empenhar-se mais nas aulas e avaliações.,Destaque: A sua boa integração aos Princípios Passos Mágicos.,2022,0,0,0,0,0,0,0,0,0,0,0,0,0,0,0,0,0,0,0,0,1,0,0,0,0,0,2,1,2,2,2,2,1,2,2,3,2,4,1,3,1,2,1,3,2,1
RA-657,1,R,Aluno-657,Escola Pública,Topázio,8.093,Promovido de Fase,Mantido na Fase atual,Promovido de Fase,DESCONHECIDO,Não atendido,Fase 3 (7º e 8º ano),-2,Destaque: A sua boa entrega das lições de casa.,Destaque: As suas boas notas na Passos Mágicos.,Destaque: A sua boa integração aos Princípios Passos Mágicos.,2022,0,0,0,0,0,0,0,0,0,0,0,0,0,0,0,0,0,0,0,0,1,0,0,0,0,1,2,1,1,1,1,2,4,5,3,5,5,5,1,3,1,2,3,5,1,1
RA-658,1,U,Aluno-658,Escola Pública,Ametista,7.407,Promovido de Fase,Promovido de Fase,Não avaliado,DESCONHECIDO,Não atendido,Fase 2 (5º e 6º ano),-1,Destaque: A sua boa entrega das lições de casa.,Melhorar: Empenhar-se mais nas aulas e avaliações.,Destaque: A sua boa integração aos Princípios Passos Mágicos.,2022,0,0,0,0,0,0,0,0,0,0,0,0,0,0,0,0,0,0,0,0,1,0,0,0,0,1,1,2,1,2,2,1,5,4,3,2,2,3,1,4,1,2,2,2,1,1
RA-659,1,U,Aluno-659,Escola Pública,Ametista,7.783,Promovido de Fase,Promovido de Fase,Não avaliado,DESCONHECIDO,Não atendido,Fase 2 (5º e 6º ano),-1,Destaque: A sua boa entrega das lições de casa.,Destaque: As suas boas notas na Passos Mágicos.,Destaque: A sua boa integração aos Princípios Passos Mágicos.,2022,0,0,0,0,0,0,0,0,0,0,0,0,0,0,0,0,0,0,0,0,1,0,0,0,0,1,1,2,1,1,1,1,2,2,3,5,5,5,1,4,1,2,2,5,1,1
RA-660,1,U,Aluno-660,Escola Pública,Topázio,8.363,Promovido de Fase,Promovido de Fase,Não avaliado,DESCONHECIDO,Não atendido,Fase 1 (4º ano),0,Destaque: A sua boa entrega das lições de casa.,Melhorar: Empenhar-se mais nas aulas e avaliações.,Destaque: A sua boa integração aos Princípios Passos Mágicos.,2022,0,0,0,0,0,0,0,0,0,0,0,0,0,0,0,0,0,0,0,0,1,0,0,0,0,1,1,1,1,1,1,1,4,4,3,3,2,4,1,5,2,2,3,3,1,0
RA-661,1,U,Aluno-661,Escola Pública,Ametista,7.593,Mantido na Fase atual,Promovido de Fase,Não avaliado,DESCONHECIDO,Não atendido,Fase 2 (5º e 6º ano),-1,Destaque: A sua boa entrega das lições de casa.,Destaque: As suas boas notas na Passos Mágicos.,Destaque: A sua boa integração aos Princípios Passos Mágicos.,2022,0,0,0,0,0,0,0,0,0,0,0,0,0,0,0,0,0,0,0,0,1,0,0,0,0,1,2,2,1,2,1,1,3,3,3,4,5,4,1,4,1,2,2,4,1,1
RA-662,1,U,Aluno-662,Escola Pública,Ametista,7.044,Mantido na Fase atual,Promovido de Fase,Não avaliado,DESCONHECIDO,Não atendido,Fase 2 (5º e 6º ano),-1,Destaque: A sua boa entrega das lições de casa.,Melhorar: Empenhar-se mais nas aulas e avaliações.,Melhorar: Integrar-se mais aos Princípios Passos Mágicos.,2022,0,0,0,0,0,0,0,0,0,0,0,0,0,0,0,0,0,0,0,0,1,0,0,0,0,1,2,2,2,2,2,1,3,3,3,3,2,4,1,1,1,2,2,3,1,1
RA-663,1,U,Aluno-663,Escola Pública,Ágata,6.376,Mantido na Fase atual,Promovido de Fase,Não avaliado,DESCONHECIDO,Não atendido,Fase 2 (5º e 6º ano),-1,Destaque: A sua boa entrega das lições de casa.,Melhorar: Empenhar-se mais nas aulas e avaliações.,Melhorar: Integrar-se mais aos Princípios Passos Mágicos.,2022,0,0,0,0,0,0,0,0,0,0,0,0,0,0,0,0,0,0,0,0,1,0,0,0,0,0,1,2,2,2,2,1,1,3,3,2,2,3,1,1,1,2,1,2,1,1
RA-664,1,U,Aluno-664,Escola Pública,Ametista,7.277,Mantido na Fase atual,Mantido na Fase atual,Não avaliado,DESCONHECIDO,Não atendido,Fase 2 (5º e 6º ano),-1,Destaque: A sua boa entrega das lições de casa.,Melhorar: Empenhar-se mais nas aulas e avaliações.,Melhorar: Integrar-se mais aos Princípios Passos Mágicos.,2022,0,0,0,0,0,0,0,0,0,0,0,0,0,0,0,0,0,0,0,0,1,0,0,0,0,1,1,2,1,2,2,1,4,3,3,3,2,4,1,2,1,2,2,3,1,1
RA-665,1,U,Aluno-665,Escola Pública,Ágata,6.996,Mantido na Fase atual,Promovido de Fase,Não avaliado,DESCONHECIDO,Não atendido,Fase 2 (5º e 6º ano),-1,Melhorar: Melhorar a sua entrega de lições de casa.,Melhorar: Empenhar-se mais nas aulas e avaliações.,Melhorar: Integrar-se mais aos Princípios Passos Mágicos.,2022,0,0,0,0,0,0,0,0,0,0,0,0,0,0,0,0,0,0,0,0,1,0,0,0,0,0,2,2,2,2,2,1,3,2,3,3,3,3,1,2,1,2,1,3,1,1
RA-666,1,U,Aluno-666,Escola Pública,Ametista,7.929,Mantido na Fase atual,Promovido de Fase,Não avaliado,DESCONHECIDO,Não atendido,Fase 2 (5º e 6º ano),-1,Destaque: A sua boa entrega das lições de casa.,Destaque: As suas boas notas na Passos Mágicos.,Destaque: A sua boa integração aos Princípios Passos Mágicos.,2022,0,0,0,0,0,0,0,0,0,0,0,0,0,0,0,0,0,0,0,0,1,0,0,0,0,1,1,2,1,1,1,1,4,4,3,4,4,4,1,5,1,2,2,4,1,1
RA-667,1,U,Aluno-667,Escola Pública,Quartzo,5.844,Mantido na Fase atual,Promovido de Fase,Não avaliado,DESCONHECIDO,Não atendido,Fase 2 (5º e 6º ano),-1,Melhorar: Melhorar a sua entrega de lições de casa.,Melhorar: Empenhar-se mais nas aulas e avaliações.,Melhorar: Integrar-se mais aos Princípios Passos Mágicos.,2022,0,0,0,0,0,0,0,0,0,0,0,0,0,0,0,0,0,0,0,0,1,0,0,0,0,0,2,1,2,2,2,1,2,1,3,1,1,2,1,1,1,2,1,2,1,1
RA-668,1,U,Aluno-668,Escola Pública,Quartzo,4.365,Mantido na Fase atual,Mantido na Fase atual,Não avaliado,DESCONHECIDO,Não atendido,Fase 2 (5º e 6º ano),-1,Melhorar: Melhorar a sua entrega de lições de casa.,Melhorar: Empenhar-se mais nas aulas e avaliações.,Melhorar: Integrar-se mais aos Princípios Passos Mágicos.,2022,0,0,0,0,0,0,0,0,0,0,0,0,0,0,0,0,0,0,0,0,1,0,0,0,0,0,2,2,2,2,2,1,1,1,3,1,1,1,1,1,1,2,1,1,1,1
RA-669,1,U,Aluno-669,Escola Pública,Ametista,7.475,Mantido na Fase atual,Mantido na Fase atual,Não avaliado,DESCONHECIDO,Não atendido,Fase 2 (5º e 6º ano),-1,Destaque: A sua boa entrega das lições de casa.,Melhorar: Empenhar-se mais nas aulas e avaliações.,Destaque: A sua boa integração aos Princípios Passos Mágicos.,2022,0,0,0,0,0,0,0,0,0,0,0,0,0,0,0,0,0,0,0,0,1,0,0,0,0,1,2,2,1,2,1,1,3,5,3,2,2,3,1,4,1,2,2,2,1,1
RA-670,1,U,Aluno-670,Escola Pública,Ametista,7.451,Promovido de Fase,Promovido de Fase,Não avaliado,DESCONHECIDO,Não atendido,Fase 2 (5º e 6º ano),-1,Destaque: A sua boa entrega das lições de casa.,Melhorar: Empenhar-se mais nas aulas e avaliações.,Destaque: A sua boa integração aos Princípios Passos Mágicos.,2022,0,0,0,0,0,0,0,0,0,0,0,0,0,0,0,0,0,0,0,0,1,0,0,0,0,1,1,2,1,2,1,1,2,3,3,3,3,4,1,4,1,2,2,3,1,1
RA-671,0,A,Aluno-671,Escola Pública,Ametista,7.617,Promovido de Fase,Mantido na Fase atual,Não avaliado,DESCONHECIDO,Sem limitações,Fase 1 (4º ano),-1,Destaque: A sua boa entrega das lições de casa.,Destaque: As suas boas notas na Passos Mágicos.,Melhorar: Integrar-se mais aos Princípios Passos Mágicos.,2022,0,0,0,0,0,0,0,0,0,0,0,0,0,0,0,0,0,0,0,0,1,0,0,0,0,1,1,1,1,2,1,1,2,2,5,5,5,5,1,2,1,2,2,5,1,1
RA-672,0,A,Aluno-672,Escola Pública,Ametista,7.48,Mantido na Fase atual,Mantido na Fase atual,Não avaliado,DESCONHECIDO,Não atendido,Fase 1 (4º ano),-1,Destaque: A sua boa entrega das lições de casa.,Destaque: As suas boas notas na Passos Mágicos.,Melhorar: Integrar-se mais aos Princípios Passos Mágicos.,2022,0,0,0,0,0,0,0,0,0,0,0,0,0,0,0,0,0,0,0,0,1,0,0,0,0,1,1,1,1,2,1,1,2,3,5,5,5,5,1,1,1,2,2,5,1,1
RA-673,0,A,Aluno-673,Escola Pública,Topázio,8.65,Promovido de Fase + Bolsa,Mantido na Fase atual,Não avaliado,DESCONHECIDO,Não atendido,ALFA  (2º e 3º ano),0,Destaque: A sua boa entrega das lições de casa.,Destaque: As suas boas notas na Passos Mágicos.,Destaque: A sua boa integração aos Princípios Passos Mágicos.,2022,0,0,0,0,0,0,0,0,0,0,0,0,0,0,0,0,0,0,0,0,1,0,0,0,0,1,1,2,1,1,1,1,2,4,5,5,5,5,1,5,2,2,3,5,1,0
RA-674,0,A,Aluno-674,Escola Pública,Ametista,7.862,Mantido na Fase atual,Mantido na Fase atual,Não avaliado,DESCONHECIDO,Sem limitações,ALFA  (2º e 3º ano),0,Destaque: A sua boa entrega das lições de casa.,Destaque: As suas boas notas na Passos Mágicos.,Melhorar: Integrar-se mais aos Princípios Passos Mágicos.,2022,0,0,0,0,0,0,0,0,0,0,0,0,0,0,0,0,0,0,0,0,1,0,0,0,0,1,1,2,1,1,1,1,4,3,5,4,5,3,1,1,2,2,2,4,1,0
RA-675,0,A,Aluno-675,Escola Pública,Ametista,7.576,Mantido na Fase + Bolsa,Mantido na Fase atual,Não avaliado,DESCONHECIDO,Não atendido,ALFA  (2º e 3º ano),0,Melhorar: Melhorar a sua entrega de lições de casa.,Melhorar: Empenhar-se mais nas aulas e avaliações.,Melhorar: Integrar-se mais aos Princípios Passos Mágicos.,2022,0,0,0,0,0,0,0,0,0,0,0,0,0,0,0,0,0,0,0,0,1,0,0,0,0,1,1,2,1,2,1,1,5,1,5,4,5,2,1,2,2,2,2,4,1,0
RA-676,0,A,Aluno-676,Escola Pública,Ametista,7.911,Promovido de Fase + Bolsa,Mantido na Fase atual,Não avaliado,DESCONHECIDO,Não atendido,Fase 1 (4º ano),-1,Destaque: A sua boa entrega das lições de casa.,Destaque: As suas boas notas na Passos Mágicos.,Destaque: A sua boa integração aos Princípios Passos Mágicos.,2022,0,0,0,0,0,0,0,0,0,0,0,0,0,0,0,0,0,0,0,0,1,0,0,0,0,1,1,1,1,1,1,1,2,3,5,5,5,5,1,4,1,2,2,5,1,1
RA-677,0,B,Aluno-677,Escola Pública,Topázio,8.358,Mantido na Fase atual,Mantido na Fase atual,Não avaliado,DESCONHECIDO,Não atendido,ALFA  (2º e 3º ano),0,Destaque: A sua boa entrega das lições de casa.,Melhorar: Empenhar-se mais nas aulas e avaliações.,Destaque: A sua boa integração aos Princípios Passos Mágicos.,2022,0,0,0,0,0,0,0,0,0,0,0,0,0,0,0,0,0,0,0,0,1,0,0,0,0,1,1,1,1,1,1,1,5,4,3,4,4,3,1,5,2,2,3,4,1,0
RA-678,0,B,Aluno-678,Escola Pública,Ametista,8.0,Mantido na Fase atual,Mantido na Fase atual,Não avaliado,DESCONHECIDO,Sem limitações,Fase 1 (4º ano),-1,Destaque: A sua boa entrega das lições de casa.,Melhorar: Empenhar-se mais nas aulas e avaliações.,Destaque: A sua boa integração aos Princípios Passos Mágicos.,2022,0,0,0,0,0,0,0,0,0,0,0,0,0,0,0,0,0,0,0,0,1,0,0,0,0,1,1,2,1,1,1,1,3,5,3,4,4,3,1,5,1,2,2,4,1,1
RA-679,0,B,Aluno-679,Escola Pública,Ametista,7.172,Mantido na Fase atual,Mantido na Fase atual,Não avaliado,DESCONHECIDO,Sem limitações,Fase 2 (5º e 6º ano),-2,Destaque: A sua boa entrega das lições de casa.,Melhorar: Empenhar-se mais nas aulas e avaliações.,Destaque: A sua boa integração aos Princípios Passos Mágicos.,2022,0,0,0,0,0,0,0,0,0,0,0,0,0,0,0,0,0,0,0,0,1,0,0,0,0,1,1,1,2,2,1,1,3,2,3,3,3,2,1,4,1,2,2,3,2,1
RA-680,0,B,Aluno-680,Escola Pública,Ametista,7.518,Mantido na Fase atual,Mantido na Fase atual,Não avaliado,DESCONHECIDO,Não atendido,Fase 2 (5º e 6º ano),-2,Destaque: A sua boa entrega das lições de casa.,Melhorar: Empenhar-se mais nas aulas e avaliações.,Destaque: A sua boa integração aos Princípios Passos Mágicos.,2022,0,0,0,0,0,0,0,0,0,0,0,0,0,0,0,0,0,0,0,0,1,0,0,0,0,1,1,1,1,2,1,1,4,3,3,4,4,3,1,3,1,2,2,4,3,1
RA-681,0,B,Aluno-681,Escola Pública,Ametista,7.204,Mantido na Fase atual,Mantido na Fase atual,Não avaliado,DESCONHECIDO,Requer avaliação,Fase 2 (5º e 6º ano),-2,Destaque: A sua boa entrega das lições de casa.,Melhorar: Empenhar-se mais nas aulas e avaliações.,Destaque: A sua boa integração aos Princípios Passos Mágicos.,2022,0,0,0,0,0,0,0,0,0,0,0,0,0,0,0,0,0,0,0,0,1,0,0,0,0,1,1,2,1,2,1,1,2,3,3,3,3,3,1,4,1,2,2,3,1,1
RA-682,0,B,Aluno-682,Escola Pública,Ametista,7.625,Mantido na Fase atual,Mantido na Fase atual,Não avaliado,DESCONHECIDO,Não atendido,Fase 2 (5º e 6º ano),-2,Destaque: A sua boa entrega das lições de casa.,Melhorar: Empenhar-se mais nas aulas e avaliações.,Destaque: A sua boa integração aos Princípios Passos Mágicos.,2022,0,0,0,0,0,0,0,0,0,0,0,0,0,0,0,0,0,0,0,0,1,0,0,0,0,1,2,2,1,2,1,1,4,4,3,3,4,3,1,4,1,2,2,3,1,1
RA-683,0,C,Aluno-683,Escola Pública,Ágata,6.011,Mantido na Fase atual,Mantido na Fase atual,Não avaliado,DESCONHECIDO,Não atendido,Fase 2 (5º e 6º ano),-2,Melhorar: Melhorar a sua entrega de lições de casa.,Melhorar: Empenhar-se mais nas aulas e avaliações.,Destaque: A sua boa integração aos Princípios Passos Mágicos.,2022,0,0,0,0,0,0,0,0,0,0,0,0,0,0,0,0,0,0,0,0,1,0,0,0,0,0,1,2,2,2,1,1,2,1,3,1,4,1,1,4,1,2,1,1,1,1
RA-684,0,C,Aluno-684,Escola Pública,Topázio,8.26,Mantido na Fase atual,Mantido na Fase atual,Não avaliado,DESCONHECIDO,Não atendido,ALFA  (2º e 3º ano),0,Melhorar: Melhorar a sua entrega de lições de casa.,Destaque: As suas boas notas na Passos Mágicos.,Destaque: A sua boa integração aos Princípios Passos Mágicos.,2022,0,0,0,0,0,0,0,0,0,0,0,0,0,0,0,0,0,0,0,0,1,0,0,0,0,1,1,2,1,1,1,1,4,2,5,5,5,5,1,4,2,2,3,5,1,0
RA-685,0,C,Aluno-685,Escola Pública,Ágata,6.864,Mantido na Fase atual,Mantido na Fase atual,Não avaliado,DESCONHECIDO,Não indicado,Fase 1 (4º ano),-1,Melhorar: Melhorar a sua entrega de lições de casa.,Destaque: As suas boas notas na Passos Mágicos.,Destaque: A sua boa integração aos Princípios Passos Mágicos.,2022,0,0,0,0,0,0,0,0,0,0,0,0,0,0,0,0,0,0,0,0,1,0,0,0,0,0,1,2,2,2,1,1,3,1,1,4,4,4,1,4,1,2,1,4,1,1
RA-686,0,D,Aluno-686,Escola Pública,Ametista,7.729,Promovido de Fase,Promovido de Fase,Não avaliado,DESCONHECIDO,Sem limitações,Fase 1 (4º ano),-1,Destaque: A sua boa entrega das lições de casa.,Destaque: As suas boas notas na Passos Mágicos.,Destaque: A sua boa integração aos Princípios Passos Mágicos.,2022,0,0,0,0,0,0,0,0,0,0,0,0,0,0,0,0,0,0,0,0,1,0,0,0,0,1,1,2,1,1,1,1,1,3,5,5,5,5,1,4,1,2,2,5,1,1
RA-687,0,D,Aluno-687,Escola Pública,Ametista,7.703,Promovido de Fase,Promovido de Fase,Não avaliado,DESCONHECIDO,Sem limitações,Fase 1 (4º ano),-1,Destaque: A sua boa entrega das lições de casa.,Destaque: As suas boas notas na Passos Mágicos.,Destaque: A sua boa integração aos Princípios Passos Mágicos.,2022,0,0,0,0,0,0,0,0,0,0,0,0,0,0,0,0,0,0,0,0,1,0,0,0,0,1,1,2,1,1,1,1,2,4,5,5,5,4,1,4,1,2,2,4,1,1
RA-688,0,D,Aluno-688,Escola Pública,Ametista,7.771,Mantido na Fase atual,Mantido na Fase atual,Não avaliado,DESCONHECIDO,Sem limitações,Fase 1 (4º ano),-1,Destaque: A sua boa entrega das lições de casa.,Destaque: As suas boas notas na Passos Mágicos.,Destaque: A sua boa integração aos Princípios Passos Mágicos.,2022,0,0,0,0,0,0,0,0,0,0,0,0,0,0,0,0,0,0,0,0,1,0,0,0,0,1,1,2,1,1,1,1,2,5,3,4,4,4,1,4,1,2,2,4,1,1
RA-689,0,D,Aluno-689,Escola Pública,Ágata,6.433,Mantido na Fase atual,Mantido na Fase atual,Não avaliado,DESCONHECIDO,Requer avaliação,Fase 1 (4º ano),-1,Destaque: A sua boa entrega das lições de casa.,Melhorar: Empenhar-se mais nas aulas e avaliações.,Melhorar: Integrar-se mais aos Princípios Passos Mágicos.,2022,0,0,0,0,0,0,0,0,0,0,0,0,0,0,0,0,0,0,0,0,1,0,0,0,0,0,1,2,2,2,2,1,1,2,2,2,2,2,1,1,1,2,1,2,1,1
RA-690,0,D,Aluno-690,Escola Pública,Ametista,7.541,Mantido na Fase atual,Mantido na Fase atual,Não avaliado,DESCONHECIDO,Requer avaliação,Fase 1 (4º ano),-1,Destaque: A sua boa entrega das lições de casa.,Melhorar: Empenhar-se mais nas aulas e avaliações.,Melhorar: Integrar-se mais aos Princípios Passos Mágicos.,2022,0,0,0,0,0,0,0,0,0,0,0,0,0,0,0,0,0,0,0,0,1,0,0,0,0,1,1,2,1,2,2,1,4,4,3,3,4,3,1,2,1,2,2,3,1,1
RA-691,0,D,Aluno-691,Escola Pública,Topázio,8.68,Mantido na Fase atual,Mantido na Fase atual,Não avaliado,DESCONHECIDO,Sem limitações,ALFA  (2º e 3º ano),0,Destaque: A sua boa entrega das lições de casa.,Destaque: As suas boas notas na Passos Mágicos.,Destaque: A sua boa integração aos Princípios Passos Mágicos.,2022,0,0,0,0,0,0,0,0,0,0,0,0,0,0,0,0,0,0,0,0,1,0,0,0,0,1,1,2,1,1,1,1,5,4,5,5,5,5,1,4,2,2,3,5,1,0
RA-692,0,D,Aluno-692,Escola Pública,Ametista,7.569,Promovido de Fase,Promovido de Fase,Não avaliado,DESCONHECIDO,Sem limitações,Fase 1 (4º ano),-1,Destaque: A sua boa entrega das lições de casa.,Melhorar: Empenhar-se mais nas aulas e avaliações.,Destaque: A sua boa integração aos Princípios Passos Mágicos.,2022,0,0,0,0,0,0,0,0,0,0,0,0,0,0,0,0,0,0,0,0,1,0,0,0,0,1,1,1,1,2,2,1,4,3,5,3,4,3,1,4,1,2,2,3,1,1
RA-693,0,D,Aluno-693,Escola Pública,Ametista,7.944,Mantido na Fase atual,Mantido na Fase atual,Não avaliado,DESCONHECIDO,Sem limitações,ALFA  (2º e 3º ano),0,Destaque: A sua boa entrega das lições de casa.,Melhorar: Empenhar-se mais nas aulas e avaliações.,Destaque: A sua boa integração aos Princípios Passos Mágicos.,2022,0,0,0,0,0,0,0,0,0,0,0,0,0,0,0,0,0,0,0,0,1,0,0,0,0,1,1,2,1,1,1,1,4,5,5,2,2,2,1,3,2,2,2,2,1,0
RA-694,0,D,Aluno-694,Escola Pública,Topázio,8.378,Mantido na Fase atual,Mantido na Fase atual,Não avaliado,DESCONHECIDO,Sem limitações,ALFA  (2º e 3º ano),0,Destaque: A sua boa entrega das lições de casa.,Destaque: As suas boas notas na Passos Mágicos.,Destaque: A sua boa integração aos Princípios Passos Mágicos.,2022,0,0,0,0,0,0,0,0,0,0,0,0,0,0,0,0,0,0,0,0,1,0,0,0,0,1,1,2,1,1,1,1,5,4,5,5,4,4,1,4,2,2,3,4,1,0
RA-695,0,E,Aluno-695,Escola Pública,Quartzo,4.28,Não avaliado,Não avaliado,Não avaliado,DESCONHECIDO,Sem limitações,ALFA  (2º e 3º ano),0,Melhorar: Melhorar a sua entrega de lições de casa.,Melhorar: Empenhar-se mais nas aulas e avaliações.,Melhorar: Integrar-se mais aos Princípios Passos Mágicos.,2022,0,0,0,0,0,0,0,0,0,0,0,0,0,0,0,0,0,0,0,0,1,0,0,0,0,0,1,1,2,2,1,1,3,1,3,1,1,1,1,1,2,2,1,1,1,0
RA-696,0,E,Aluno-696,Escola Pública,Ametista,7.441,Promovido de Fase,Promovido de Fase,Não avaliado,DESCONHECIDO,Sem limitações,Fase 1 (4º ano),-1,Destaque: A sua boa entrega das lições de casa.,Melhorar: Empenhar-se mais nas aulas e avaliações.,Destaque: A sua boa integração aos Princípios Passos Mágicos.,2022,0,0,0,0,0,0,0,0,0,0,0,0,0,0,0,0,0,0,0,0,1,0,0,0,0,1,1,1,1,2,1,1,2,4,3,3,3,3,1,4,1,2,2,3,1,1
RA-697,0,E,Aluno-697,Escola Pública,Ametista,7.675,Promovido de Fase,Promovido de Fase,Não avaliado,DESCONHECIDO,Sem limitações,Fase 2 (5º e 6º ano),-2,Destaque: A sua boa entrega das lições de casa.,Destaque: As suas boas notas na Passos Mágicos.,Destaque: A sua boa integração aos Princípios Passos Mágicos.,2022,0,0,0,0,0,0,0,0,0,0,0,0,0,0,0,0,0,0,0,0,1,0,0,0,0,1,2,1,1,1,1,1,1,4,3,5,5,4,1,4,1,2,2,5,1,1
RA-698,0,E,Aluno-698,Escola Pública,Ametista,7.44,Promovido de Fase,Promovido de Fase,Não avaliado,DESCONHECIDO,Requer avaliação,Fase 1 (4º ano),-1,Destaque: A sua boa entrega das lições de casa.,Destaque: As suas boas notas na Passos Mágicos.,Destaque: A sua boa integração aos Princípios Passos Mágicos.,2022,0,0,0,0,0,0,0,0,0,0,0,0,0,0,0,0,0,0,0,0,1,0,0,0,0,1,1,1,1,2,1,1,3,5,1,5,4,4,1,4,1,2,2,4,1,1
RA-699,0,E,Aluno-699,Escola Pública,Ágata,6.658,Promovido de Fase,Promovido de Fase,Não avaliado,DESCONHECIDO,Sem limitações,Fase 1 (4º ano),-1,Destaque: A sua boa entrega das lições de casa.,Melhorar: Empenhar-se mais nas aulas e avaliações.,Melhorar: Integrar-se mais aos Princípios Passos Mágicos.,2022,0,0,0,0,0,0,0,0,0,0,0,0,0,0,0,0,0,0,0,0,1,0,0,0,0,0,1,2,2,2,1,1,1,4,3,4,4,3,1,1,1,2,1,4,1,1
RA-700,0,F,Aluno-700,Escola Pública,Ametista,7.738,Promovido de Fase,Mantido na Fase atual,Não avaliado,DESCONHECIDO,Não atendido,Fase 1 (4º ano),-1,Destaque: A sua boa entrega das lições de casa.,Destaque: As suas boas notas na Passos Mágicos.,Melhorar: Integrar-se mais aos Princípios Passos Mágicos.,2022,0,0,0,0,0,0,0,0,0,0,0,0,0,0,0,0,0,0,0,0,1,0,0,0,0,1,1,2,1,1,1,1,3,3,3,5,5,5,1,2,1,2,2,5,1,1
RA-701,0,F,Aluno-701,Escola Pública,Ametista,7.755,Promovido de Fase,Mantido na Fase atual,Não avaliado,DESCONHECIDO,Não indicado,Fase 2 (5º e 6º ano),-2,Destaque: A sua boa entrega das lições de casa.,Destaque: As suas boas notas na Passos Mágicos.,Melhorar: Integrar-se mais aos Princípios Passos Mágicos.,2022,0,0,0,0,0,0,0,0,0,0,0,0,0,0,0,0,0,0,0,0,1,0,0,0,0,1,1,1,1,1,1,1,3,4,3,5,5,5,1,2,1,2,2,5,1,1
RA-702,0,F,Aluno-702,Escola Pública,Ametista,7.387,Mantido na Fase atual,Mantido na Fase atual,Não avaliado,DESCONHECIDO,Não indicado,ALFA  (2º e 3º ano),0,Destaque: A sua boa entrega das lições de casa.,Melhorar: Empenhar-se mais nas aulas e avaliações.,Melhorar: Integrar-se mais aos Princípios Passos Mágicos.,2022,0,0,0,0,0,0,0,0,0,0,0,0,0,0,0,0,0,0,0,0,1,0,0,0,0,1,1,2,1,2,1,1,5,3,1,3,4,3,1,2,2,2,2,3,1,0
RA-703,0,F,Aluno-703,Escola Pública,Ágata,6.099,Mantido na Fase atual,Mantido na Fase atual,Não avaliado,DESCONHECIDO,Não indicado,Fase 2 (5º e 6º ano),-2,Melhorar: Melhorar a sua entrega de lições de casa.,Melhorar: Empenhar-se mais nas aulas e avaliações.,Melhorar: Integrar-se mais aos Princípios Passos Mágicos.,2022,0,0,0,0,0,0,0,0,0,0,0,0,0,0,0,0,0,0,0,0,1,0,0,0,0,0,1,1,2,2,2,1,1,2,1,2,2,1,1,1,1,2,1,2,1,1
RA-704,0,F,Aluno-704,Escola Pública,Ágata,6.741,Mantido na Fase atual,Mantido na Fase atual,Não avaliado,DESCONHECIDO,Não atendido,Fase 2 (5º e 6º ano),-2,Destaque: A sua boa entrega das lições de casa.,Melhorar: Empenhar-se mais nas aulas e avaliações.,Melhorar: Integrar-se mais aos Princípios Passos Mágicos.,2022,0,0,0,0,0,0,0,0,0,0,0,0,0,0,0,0,0,0,0,0,1,0,0,0,0,0,1,2,2,2,2,1,3,3,1,4,4,3,1,1,1,2,1,4,1,1
RA-705,0,F,Aluno-705,Escola Pública,Ágata,6.634,Mantido na Fase atual,Mantido na Fase atual,Não avaliado,DESCONHECIDO,Não atendido,Fase 2 (5º e 6º ano),-2,Melhorar: Melhorar a sua entrega de lições de casa.,Melhorar: Empenhar-se mais nas aulas e avaliações.,Melhorar: Integrar-se mais aos Princípios Passos Mágicos.,2022,0,0,0,0,0,0,0,0,0,0,0,0,0,0,0,0,0,0,0,0,1,0,0,0,0,0,1,2,2,2,2,1,4,1,3,4,4,4,1,1,1,2,1,4,1,1
RA-706,0,F,Aluno-706,Escola Pública,Ametista,7.659,Promovido de Fase,Mantido na Fase atual,Não avaliado,DESCONHECIDO,Não atendido,Fase 2 (5º e 6º ano),-2,Melhorar: Melhorar a sua entrega de lições de casa.,Destaque: As suas boas notas na Passos Mágicos.,Destaque: A sua boa integração aos Princípios Passos Mágicos.,2022,0,0,0,0,0,0,0,0,0,0,0,0,0,0,0,0,0,0,0,0,1,0,0,0,0,1,1,1,1,2,1,1,4,1,3,5,5,5,1,5,1,2,2,5,1,1
RA-707,0,F,Aluno-707,Escola Pública,Ametista,7.679,Promovido de Fase,Mantido na Fase atual,Não avaliado,DESCONHECIDO,Não atendido,Fase 2 (5º e 6º ano),-2,Destaque: A sua boa entrega das lições de casa.,Destaque: As suas boas notas na Passos Mágicos.,Destaque: A sua boa integração aos Princípios Passos Mágicos.,2022,0,0,0,0,0,0,0,0,0,0,0,0,0,0,0,0,0,0,0,0,1,0,0,0,0,1,1,1,1,1,1,1,5,2,3,5,5,4,1,4,1,2,2,5,2,1
RA-708,0,F,Aluno-708,Escola Pública,Ametista,7.282,Promovido de Fase,Mantido na Fase atual,Não avaliado,DESCONHECIDO,Não atendido,Fase 1 (4º ano),-1,Destaque: A sua boa entrega das lições de casa.,Melhorar: Empenhar-se mais nas aulas e avaliações.,Destaque: A sua boa integração aos Princípios Passos Mágicos.,2022,0,0,0,0,0,0,0,0,0,0,0,0,0,0,0,0,0,0,0,0,1,0,0,0,0,1,1,2,1,2,1,1,2,3,3,4,4,4,1,3,1,2,2,4,1,1
RA-709,0,F,Aluno-709,Escola Pública,Quartzo,5.313,Mantido na Fase atual,Mantido na Fase atual,Não avaliado,DESCONHECIDO,Não atendido,Fase 2 (5º e 6º ano),-2,Melhorar: Melhorar a sua entrega de lições de casa.,Melhorar: Empenhar-se mais nas aulas e avaliações.,Melhorar: Integrar-se mais aos Princípios Passos Mágicos.,2022,0,0,0,0,0,0,0,0,0,0,0,0,0,0,0,0,0,0,0,0,1,0,0,0,0,0,1,2,2,2,2,1,4,1,3,1,1,1,1,2,1,2,1,1,1,1
RA-710,0,G,Aluno-710,Escola Pública,Ametista,7.285,Mantido na Fase atual,Mantido na Fase atual,Não avaliado,DESCONHECIDO,Não atendido,Fase 2 (5º e 6º ano),-2,Destaque: A sua boa entrega das lições de casa.,Melhorar: Empenhar-se mais nas aulas e avaliações.,Destaque: A sua boa integração aos Princípios Passos Mágicos.,2022,0,0,0,0,0,0,0,0,0,0,0,0,0,0,0,0,0,0,0,0,1,0,0,0,0,1,1,1,1,2,1,1,4,3,1,3,4,3,1,4,1,2,2,3,2,1
RA-711,0,G,Aluno-711,Escola Pública,Ágata,6.04,Mantido na Fase atual,Mantido na Fase atual,Não avaliado,DESCONHECIDO,Não atendido,Fase 1 (4º ano),-1,Destaque: A sua boa entrega das lições de casa.,Melhorar: Empenhar-se mais nas aulas e avaliações.,Melhorar: Integrar-se mais aos Princípios Passos Mágicos.,2022,0,0,0,0,0,0,0,0,0,0,0,0,0,0,0,0,0,0,0,0,1,0,0,0,0,0,1,2,2,2,2,1,3,2,2,1,1,1,1,1,1,2,1,1,1,1
RA-712,0,G,Aluno-712,Escola Pública,Ágata,6.026,Promovido de Fase,Mantido na Fase atual,Não avaliado,DESCONHECIDO,Não indicado,Fase 2 (5º e 6º ano),-2,Melhorar: Melhorar a sua entrega de lições de casa.,Destaque: As suas boas notas na Passos Mágicos.,Melhorar: Integrar-se mais aos Princípios Passos Mágicos.,2022,0,0,0,0,0,0,0,0,0,0,0,0,0,0,0,0,0,0,0,0,1,0,0,0,0,0,2,1,2,2,2,1,2,1,1,4,5,4,1,1,1,2,1,4,3,1
RA-713,0,G,Aluno-713,Escola Pública,Ametista,7.42,Mantido na Fase atual,Mantido na Fase atual,Não avaliado,DESCONHECIDO,Não atendido,Fase 1 (4º ano),-1,Destaque: A sua boa entrega das lições de casa.,Destaque: As suas boas notas na Passos Mágicos.,Melhorar: Integrar-se mais aos Princípios Passos Mágicos.,2022,0,0,0,0,0,0,0,0,0,0,0,0,0,0,0,0,0,0,0,0,1,0,0,0,0,1,1,1,1,2,1,1,5,3,3,4,4,4,1,2,1,2,2,4,1,1
RA-714,0,G,Aluno-714,Escola Pública,Ágata,6.953,Promovido de Fase,Promovido de Fase,Não avaliado,DESCONHECIDO,Não indicado,Fase 2 (5º e 6º ano),-2,Melhorar: Melhorar a sua entrega de lições de casa.,Destaque: As suas boas notas na Passos Mágicos.,Melhorar: Integrar-se mais aos Princípios Passos Mágicos.,2022,0,0,0,0,0,0,0,0,0,0,0,0,0,0,0,0,0,0,0,0,1,0,0,0,0,0,2,1,2,2,1,1,3,1,2,4,5,4,1,2,1,2,1,4,3,1
RA-715,0,G,Aluno-715,Escola Pública,Ágata,6.656,Mantido na Fase atual,Mantido na Fase atual,Não avaliado,DESCONHECIDO,Não indicado,Fase 1 (4º ano),-1,Destaque: A sua boa entrega das lições de casa.,Melhorar: Empenhar-se mais nas aulas e avaliações.,Destaque: A sua boa integração aos Princípios Passos Mágicos.,2022,0,0,0,0,0,0,0,0,0,0,0,0,0,0,0,0,0,0,0,0,1,0,0,0,0,0,1,2,2,2,2,1,2,3,1,2,2,1,1,4,1,2,1,2,1,1
RA-716,0,G,Aluno-716,Escola Pública,Ágata,6.525,Mantido na Fase atual,Mantido na Fase atual,Não avaliado,DESCONHECIDO,Não atendido,Fase 1 (4º ano),-1,Destaque: A sua boa entrega das lições de casa.,Melhorar: Empenhar-se mais nas aulas e avaliações.,Melhorar: Integrar-se mais aos Princípios Passos Mágicos.,2022,0,0,0,0,0,0,0,0,0,0,0,0,0,0,0,0,0,0,0,0,1,0,0,0,0,0,1,2,2,2,2,1,3,2,3,3,4,2,1,1,1,2,1,3,1,1
RA-717,0,G,Aluno-717,Escola Pública,Ágata,6.832,Promovido de Fase,Promovido de Fase,Não avaliado,DESCONHECIDO,Não atendido,Fase 2 (5º e 6º ano),-2,Melhorar: Melhorar a sua entrega de lições de casa.,Melhorar: Empenhar-se mais nas aulas e avaliações.,Destaque: A sua boa integração aos Princípios Passos Mágicos.,2022,0,0,0,0,0,0,0,0,0,0,0,0,0,0,0,0,0,0,0,0,1,0,0,0,0,0,1,1,2,2,2,1,3,2,3,2,2,2,1,4,1,2,1,2,1,1
RA-718,0,G,Aluno-718,Escola Pública,Topázio,8.093,Mantido na Fase atual,Mantido na Fase atual,Não avaliado,DESCONHECIDO,Sem limitações,ALFA  (2º e 3º ano),0,Destaque: A sua boa entrega das lições de casa.,Destaque: As suas boas notas na Passos Mágicos.,Melhorar: Integrar-se mais aos Princípios Passos Mágicos.,2022,0,0,0,0,0,0,0,0,0,0,0,0,0,0,0,0,0,0,0,0,1,0,0,0,0,1,1,2,1,1,1,1,2,3,2,5,5,5,1,2,2,2,3,5,1,0
RA-719,0,G,Aluno-719,Escola Pública,Quartzo,5.552,Mantido na Fase atual,Mantido na Fase atual,Não avaliado,DESCONHECIDO,Não atendido,Fase 2 (5º e 6º ano),-2,Melhorar: Melhorar a sua entrega de lições de casa.,Melhorar: Empenhar-se mais nas aulas e avaliações.,Melhorar: Integrar-se mais aos Princípios Passos Mágicos.,2022,0,0,0,0,0,0,0,0,0,0,0,0,0,0,0,0,0,0,0,0,1,0,0,0,0,0,1,1,2,2,2,1,3,1,3,1,2,1,1,1,1,2,1,1,1,1
RA-720,0,G,Aluno-720,Escola Pública,Ágata,6.731,Mantido na Fase atual,Mantido na Fase atual,Não avaliado,DESCONHECIDO,Não atendido,Fase 1 (4º ano),-1,Melhorar: Melhorar a sua entrega de lições de casa.,Destaque: As suas boas notas na Passos Mágicos.,Melhorar: Integrar-se mais aos Princípios Passos Mágicos.,2022,0,0,0,0,0,0,0,0,0,0,0,0,0,0,0,0,0,0,0,0,1,0,0,0,0,0,1,1,2,2,2,1,2,1,3,4,4,4,1,2,1,2,1,4,1,1
RA-721,0,G,Aluno-721,Escola Pública,Ametista,7.973,Mantido na Fase atual,Mantido na Fase atual,Não avaliado,DESCONHECIDO,Não atendido,ALFA  (2º e 3º ano),0,Destaque: A sua boa entrega das lições de casa.,Destaque: As suas boas notas na Passos Mágicos.,Destaque: A sua boa integração aos Princípios Passos Mágicos.,2022,0,0,0,0,0,0,0,0,0,0,0,0,0,0,0,0,0,0,0,0,1,0,0,0,0,1,1,1,1,1,1,1,4,2,3,4,4,3,1,4,2,2,2,4,1,0
RA-722,0,G,Aluno-722,Escola Pública,Ametista,7.41,Promovido de Fase,Promovido de Fase,Não avaliado,DESCONHECIDO,Sem limitações,Fase 1 (4º ano),-1,Destaque: A sua boa entrega das lições de casa.,Destaque: As suas boas notas na Passos Mágicos.,Destaque: A sua boa integração aos Princípios Passos Mágicos.,2022,0,0,0,0,0,0,0,0,0,0,0,0,0,0,0,0,0,0,0,0,1,0,0,0,0,1,1,1,1,2,1,1,5,2,1,5,4,5,1,4,1,2,2,4,1,1
RA-723,0,H,Aluno-723,Escola Pública,Ametista,7.426,Promovido de Fase,Mantido na Fase atual,Não avaliado,DESCONHECIDO,Não atendido,ALFA  (2º e 3º ano),0,Melhorar: Melhorar a sua entrega de lições de casa.,Melhorar: Empenhar-se mais nas aulas e avaliações.,Destaque: A sua boa integração aos Princípios Passos Mágicos.,2022,0,0,0,0,0,0,0,0,0,0,0,0,0,0,0,0,0,0,0,0,1,0,0,0,0,1,1,2,1,2,1,1,5,1,5,2,2,2,1,4,2,2,2,2,1,0
RA-724,0,H,Aluno-724,Escola Pública,Ágata,6.931,Promovido de Fase,Mantido na Fase atual,Não avaliado,DESCONHECIDO,Sem limitações,ALFA  (2º e 3º ano),0,Melhorar: Melhorar a sua entrega de lições de casa.,Melhorar: Empenhar-se mais nas aulas e avaliações.,Destaque: A sua boa integração aos Princípios Passos Mágicos.,2022,0,0,0,0,0,0,0,0,0,0,0,0,0,0,0,0,0,0,0,0,1,0,0,0,0,0,1,2,2,2,1,1,4,1,2,2,1,5,1,4,2,2,1,2,1,0
RA-725,0,H,Aluno-725,Escola Pública,Ágata,6.33,Mantido na Fase atual,Mantido na Fase atual,Não avaliado,DESCONHECIDO,Não atendido,ALFA  (2º e 3º ano),0,Melhorar: Melhorar a sua entrega de lições de casa.,Melhorar: Empenhar-se mais nas aulas e avaliações.,Melhorar: Integrar-se mais aos Princípios Passos Mágicos.,2022,0,0,0,0,0,0,0,0,0,0,0,0,0,0,0,0,0,0,0,0,1,0,0,0,0,0,1,2,2,2,2,1,2,1,5,2,1,2,1,1,2,2,1,2,1,0
RA-726,0,H,Aluno-726,Escola Pública,Ágata,6.985,Mantido na Fase atual,Mantido na Fase atual,Não avaliado,DESCONHECIDO,Não atendido,ALFA  (2º e 3º ano),0,Destaque: A sua boa entrega das lições de casa.,Melhorar: Empenhar-se mais nas aulas e avaliações.,Melhorar: Integrar-se mais aos Princípios Passos Mágicos.,2022,0,0,0,0,0,0,0,0,0,0,0,0,0,0,0,0,0,0,0,0,1,0,0,0,0,0,1,2,2,2,1,1,5,2,3,1,2,1,1,1,2,2,1,1,1,0
RA-727,0,H,Aluno-727,Escola Pública,Ametista,7.736,Promovido de Fase,Mantido na Fase atual,Não avaliado,DESCONHECIDO,Não atendido,ALFA  (2º e 3º ano),0,Destaque: A sua boa entrega das lições de casa.,Destaque: As suas boas notas na Passos Mágicos.,Melhorar: Integrar-se mais aos Princípios Passos Mágicos.,2022,0,0,0,0,0,0,0,0,0,0,0,0,0,0,0,0,0,0,0,0,1,0,0,0,0,1,1,2,1,1,1,1,3,2,5,5,5,4,1,1,2,2,2,5,1,0
RA-728,0,H,Aluno-728,Escola Pública,Topázio,8.244,Promovido de Fase,Mantido na Fase atual,Não avaliado,DESCONHECIDO,Não atendido,ALFA  (2º e 3º ano),0,Melhorar: Melhorar a sua entrega de lições de casa.,Destaque: As suas boas notas na Passos Mágicos.,Destaque: A sua boa integração aos Princípios Passos Mágicos.,2022,0,0,0,0,0,0,0,0,0,0,0,0,0,0,0,0,0,0,0,0,1,0,0,0,0,1,1,2,1,1,1,1,4,2,5,5,5,5,1,4,2,2,3,5,1,0
RA-729,0,H,Aluno-729,Escola Pública,Topázio,8.155,Mantido na Fase atual,Mantido na Fase atual,Não avaliado,DESCONHECIDO,Não atendido,ALFA  (2º e 3º ano),0,Destaque: A sua boa entrega das lições de casa.,Destaque: As suas boas notas na Passos Mágicos.,Melhorar: Integrar-se mais aos Princípios Passos Mágicos.,2022,0,0,0,0,0,0,0,0,0,0,0,0,0,0,0,0,0,0,0,0,1,0,0,0,0,1,1,2,1,1,1,1,5,3,5,5,5,4,1,2,2,2,3,4,1,0
RA-730,0,I,Aluno-730,Escola Pública,Ametista,7.902,Promovido de Fase,Promovido de Fase,Não avaliado,DESCONHECIDO,Não atendido,Fase 2 (5º e 6º ano),-2,Destaque: A sua boa entrega das lições de casa.,Destaque: As suas boas notas na Passos Mágicos.,Destaque: A sua boa integração aos Princípios Passos Mágicos.,2022,0,0,0,0,0,0,0,0,0,0,0,0,0,0,0,0,0,0,0,0,1,0,0,0,0,1,1,1,1,1,1,1,5,2,5,5,5,4,1,4,1,2,2,5,1,1
RA-731,0,I,Aluno-731,Escola Pública,Ametista,7.151,Promovido de Fase,Promovido de Fase,Não avaliado,DESCONHECIDO,Requer avaliação,Fase 2 (5º e 6º ano),-2,Destaque: A sua boa entrega das lições de casa.,Melhorar: Empenhar-se mais nas aulas e avaliações.,Melhorar: Integrar-se mais aos Princípios Passos Mágicos.,2022,0,0,0,0,0,0,0,0,0,0,0,0,0,0,0,0,0,0,0,0,1,0,0,0,0,1,1,1,2,2,1,1,3,3,3,4,4,4,1,2,1,2,2,4,3,1
RA-732,0,I,Aluno-732,Escola Pública,Ametista,7.347,Mantido na Fase atual,Mantido na Fase atual,Não avaliado,DESCONHECIDO,Não atendido,Fase 1 (4º ano),-1,Destaque: A sua boa entrega das lições de casa.,Melhorar: Empenhar-se mais nas aulas e avaliações.,Destaque: A sua boa integração aos Princípios Passos Mágicos.,2022,0,0,0,0,0,0,0,0,0,0,0,0,0,0,0,0,0,0,0,0,1,0,0,0,0,1,1,2,1,2,1,1,3,2,5,4,4,3,1,3,1,2,2,4,1,1
RA-733,0,J,Aluno-733,Escola Pública,Ágata,6.684,Mantido na Fase atual,Mantido na Fase atual,Não avaliado,DESCONHECIDO,Sem limitações,Fase 1 (4º ano),-1,Destaque: A sua boa entrega das lições de casa.,Melhorar: Empenhar-se mais nas aulas e avaliações.,Melhorar: Integrar-se mais aos Princípios Passos Mágicos.,2022,0,0,0,0,0,0,0,0,0,0,0,0,0,0,0,0,0,0,0,0,1,0,0,0,0,0,1,2,2,2,2,1,4,3,2,2,2,1,1,2,1,2,1,2,1,1
RA-734,0,J,Aluno-734,Escola Pública,Ágata,6.952,Promovido de Fase,Promovido de Fase,Não avaliado,DESCONHECIDO,Sem limitações,Fase 2 (5º e 6º ano),-2,Melhorar: Melhorar a sua entrega de lições de casa.,Melhorar: Empenhar-se mais nas aulas e avaliações.,Melhorar: Integrar-se mais aos Princípios Passos Mágicos.,2022,0,0,0,0,0,0,0,0,0,0,0,0,0,0,0,0,0,0,0,0,1,0,0,0,0,0,1,2,2,2,2,1,4,2,2,4,4,3,1,2,1,2,1,4,1,1
RA-735,0,J,Aluno-735,Escola Pública,Ametista,7.485,Promovido de Fase,Promovido de Fase,Não avaliado,DESCONHECIDO,Sem limitações,Fase 2 (5º e 6º ano),-2,Destaque: A sua boa entrega das lições de casa.,Melhorar: Empenhar-se mais nas aulas e avaliações.,Destaque: A sua boa integração aos Princípios Passos Mágicos.,2022,0,0,0,0,0,0,0,0,0,0,0,0,0,0,0,0,0,0,0,0,1,0,0,0,0,1,1,1,1,2,1,1,3,4,2,4,4,3,1,5,1,2,2,4,1,1
RA-736,0,J,Aluno-736,Escola Pública,Ágata,6.707,Mantido na Fase atual,Mantido na Fase atual,Não avaliado,DESCONHECIDO,Sem limitações,Fase 2 (5º e 6º ano),-2,Destaque: A sua boa entrega das lições de casa.,Melhorar: Empenhar-se mais nas aulas e avaliações.,Melhorar: Integrar-se mais aos Princípios Passos Mágicos.,2022,0,0,0,0,0,0,0,0,0,0,0,0,0,0,0,0,0,0,0,0,1,0,0,0,0,0,1,2,2,2,2,1,3,3,2,2,2,2,1,2,1,2,1,2,1,1
RA-737,0,J,Aluno-737,Escola Pública,Ametista,8.058,Promovido de Fase,Promovido de Fase,Não avaliado,DESCONHECIDO,Sem limitações,Fase 1 (4º ano),-1,Destaque: A sua boa entrega das lições de casa.,Destaque: As suas boas notas na Passos Mágicos.,Destaque: A sua boa integração aos Princípios Passos Mágicos.,2022,0,0,0,0,0,0,0,0,0,0,0,0,0,0,0,0,0,0,0,0,1,0,0,0,0,1,1,2,1,1,1,1,4,4,2,5,5,5,1,5,1,2,2,5,1,1
RA-738,0,J,Aluno-738,Escola Pública,Ametista,7.227,Mantido na Fase atual,Mantido na Fase atual,Não avaliado,DESCONHECIDO,Sem limitações,ALFA  (2º e 3º ano),0,Destaque: A sua boa entrega das lições de casa.,Melhorar: Empenhar-se mais nas aulas e avaliações.,Melhorar: Integrar-se mais aos Princípios Passos Mágicos.,2022,0,0,0,0,0,0,0,0,0,0,0,0,0,0,0,0,0,0,0,0,1,0,0,0,0,1,1,2,1,2,1,1,2,2,2,2,4,1,1,3,2,2,2,2,1,0
RA-739,0,J,Aluno-739,Escola Pública,Ágata,6.82,Mantido na Fase atual,Mantido na Fase atual,Não avaliado,DESCONHECIDO,Sem limitações,ALFA  (2º e 3º ano),0,Melhorar: Melhorar a sua entrega de lições de casa.,Melhorar: Empenhar-se mais nas aulas e avaliações.,Melhorar: Integrar-se mais aos Princípios Passos Mágicos.,2022,0,0,0,0,0,0,0,0,0,0,0,0,0,0,0,0,0,0,0,0,1,0,0,0,0,0,1,2,2,2,2,1,1,2,2,2,2,2,1,2,2,2,1,2,1,0
RA-740,0,J,Aluno-740,Escola Pública,Ametista,7.218,Mantido na Fase atual,Mantido na Fase atual,Não avaliado,DESCONHECIDO,Sem limitações,Fase 1 (4º ano),-1,Destaque: A sua boa entrega das lições de casa.,Melhorar: Empenhar-se mais nas aulas e avaliações.,Melhorar: Integrar-se mais aos Princípios Passos Mágicos.,2022,0,0,0,0,0,0,0,0,0,0,0,0,0,0,0,0,0,0,0,0,1,0,0,0,0,1,1,2,1,2,2,1,2,4,2,4,4,3,1,3,1,2,2,4,1,1
RA-741,0,J,Aluno-741,Escola Pública,Ágata,6.896,Mantido na Fase atual,Mantido na Fase atual,Não avaliado,DESCONHECIDO,Sem limitações,Fase 2 (5º e 6º ano),-2,Destaque: A sua boa entrega das lições de casa.,Melhorar: Empenhar-se mais nas aulas e avaliações.,Melhorar: Integrar-se mais aos Princípios Passos Mágicos.,2022,0,0,0,0,0,0,0,0,0,0,0,0,0,0,0,0,0,0,0,0,1,0,0,0,0,0,1,2,2,2,2,1,4,3,2,3,4,2,1,2,1,2,1,3,1,1
RA-742,0,J,Aluno-742,Escola Pública,Ametista,7.097,Mantido na Fase atual,Mantido na Fase atual,Não avaliado,DESCONHECIDO,Sem limitações,Fase 1 (4º ano),-1,Destaque: A sua boa entrega das lições de casa.,Melhorar: Empenhar-se mais nas aulas e avaliações.,Melhorar: Integrar-se mais aos Princípios Passos Mágicos.,2022,0,0,0,0,0,0,0,0,0,0,0,0,0,0,0,0,0,0,0,0,1,0,0,0,0,1,1,2,2,2,2,1,2,3,1,4,5,2,1,3,1,2,2,4,1,1
RA-743,0,J,Aluno-743,Escola Pública,Ágata,6.672,Mantido na Fase atual,Mantido na Fase atual,Não avaliado,DESCONHECIDO,Sem limitações,Fase 1 (4º ano),-1,Destaque: A sua boa entrega das lições de casa.,Melhorar: Empenhar-se mais nas aulas e avaliações.,Melhorar: Integrar-se mais aos Princípios Passos Mágicos.,2022,0,0,0,0,0,0,0,0,0,0,0,0,0,0,0,0,0,0,0,0,1,0,0,0,0,0,1,2,2,2,2,1,5,2,2,1,2,1,1,3,1,2,1,2,1,1
RA-744,0,J,Aluno-744,Escola Pública,Ametista,7.742,Mantido na Fase atual,Mantido na Fase atual,Não avaliado,DESCONHECIDO,Sem limitações,ALFA  (2º e 3º ano),0,Destaque: A sua boa entrega das lições de casa.,Melhorar: Empenhar-se mais nas aulas e avaliações.,Melhorar: Integrar-se mais aos Princípios Passos Mágicos.,2022,0,0,0,0,0,0,0,0,0,0,0,0,0,0,0,0,0,0,0,0,1,0,0,0,0,1,1,2,1,1,1,1,4,5,2,2,2,2,1,3,2,2,2,2,1,0
RA-745,0,J,Aluno-745,Rede Decisão,Ametista,7.382,Promovido de Fase,Promovido de Fase,Não avaliado,DESCONHECIDO,Sem limitações,Fase 1 (4º ano),-1,Destaque: A sua boa entrega das lições de casa.,Destaque: As suas boas notas na Passos Mágicos.,Destaque: A sua boa integração aos Princípios Passos Mágicos.,2022,0,0,0,0,0,0,0,0,0,0,0,0,0,0,0,0,0,0,0,0,1,0,0,0,0,1,1,1,1,2,1,1,3,3,2,5,5,4,1,3,1,2,2,4,1,1
RA-746,0,J,Aluno-746,Escola Pública,Ametista,7.656,Mantido na Fase atual,Mantido na Fase atual,Não avaliado,DESCONHECIDO,Sem limitações,ALFA  (2º e 3º ano),0,Destaque: A sua boa entrega das lições de casa.,Melhorar: Empenhar-se mais nas aulas e avaliações.,Melhorar: Integrar-se mais aos Princípios Passos Mágicos.,2022,0,0,0,0,0,0,0,0,0,0,0,0,0,0,0,0,0,0,0,0,1,0,0,0,0,1,1,2,1,2,1,1,2,4,2,4,4,3,1,2,2,2,2,4,1,0
RA-747,0,K,Aluno-747,Escola Pública,Ametista,7.676,Mantido na Fase + Bolsa,Mantido na Fase atual,Não avaliado,DESCONHECIDO,Não atendido,Fase 2 (5º e 6º ano),-2,Destaque: A sua boa entrega das lições de casa.,Destaque: As suas boas notas na Passos Mágicos.,Destaque: A sua boa integração aos Princípios Passos Mágicos.,2022,0,0,0,0,0,0,0,0,0,0,0,0,0,0,0,0,0,0,0,0,1,0,0,0,0,1,2,2,1,1,1,1,5,2,3,5,4,5,1,4,1,2,2,5,1,1
RA-748,0,K,Aluno-748,Escola Pública,Topázio,8.084,Promovido de Fase + Bolsa,Mantido na Fase atual,Não avaliado,DESCONHECIDO,Não atendido,Fase 1 (4º ano),-1,Destaque: A sua boa entrega das lições de casa.,Destaque: As suas boas notas na Passos Mágicos.,Destaque: A sua boa integração aos Princípios Passos Mágicos.,2022,0,0,0,0,0,0,0,0,0,0,0,0,0,0,0,0,0,0,0,0,1,0,0,0,0,1,1,2,1,1,1,1,5,4,3,5,5,5,1,4,1,2,3,5,1,1
RA-749,0,K,Aluno-749,Escola Pública,Ametista,7.484,Promovido de Fase,Mantido na Fase atual,Não avaliado,DESCONHECIDO,Não atendido,Fase 1 (4º ano),-1,Destaque: A sua boa entrega das lições de casa.,Destaque: As suas boas notas na Passos Mágicos.,Melhorar: Integrar-se mais aos Princípios Passos Mágicos.,2022,0,0,0,0,0,0,0,0,0,0,0,0,0,0,0,0,0,0,0,0,1,0,0,0,0,1,1,2,1,2,2,1,4,2,3,5,5,4,1,2,1,2,2,5,1,1
RA-750,0,K,Aluno-750,Escola Pública,Ágata,6.344,Mantido na Fase atual,Mantido na Fase atual,Não avaliado,DESCONHECIDO,Não indicado,Fase 2 (5º e 6º ano),-2,Destaque: A sua boa entrega das lições de casa.,Melhorar: Empenhar-se mais nas aulas e avaliações.,Melhorar: Integrar-se mais aos Princípios Passos Mágicos.,2022,0,0,0,0,0,0,0,0,0,0,0,0,0,0,0,0,0,0,0,0,1,0,0,0,0,0,1,1,2,2,2,1,4,3,1,3,4,3,1,1,1,2,1,3,3,1
RA-751,0,K,Aluno-751,Escola Pública,Quartzo,5.246,Não avaliado,Não avaliado,Não avaliado,DESCONHECIDO,Não atendido,Fase 2 (5º e 6º ano),-2,Melhorar: Melhorar a sua entrega de lições de casa.,Melhorar: Empenhar-se mais nas aulas e avaliações.,Melhorar: Integrar-se mais aos Princípios Passos Mágicos.,2022,0,0,0,0,0,0,0,0,0,0,0,0,0,0,0,0,0,0,0,0,1,0,0,0,0,0,2,2,2,2,2,1,2,1,3,1,1,1,1,1,1,2,1,1,1,1
RA-752,0,K,Aluno-752,Escola Pública,Topázio,8.197,Promovido de Fase + Bolsa,Mantido na Fase atual,Não avaliado,DESCONHECIDO,Não atendido,Fase 2 (5º e 6º ano),-2,Destaque: A sua boa entrega das lições de casa.,Destaque: As suas boas notas na Passos Mágicos.,Destaque: A sua boa integração aos Princípios Passos Mágicos.,2022,0,0,0,0,0,0,0,0,0,0,0,0,0,0,0,0,0,0,0,0,1,0,0,0,0,1,2,2,1,1,1,1,5,4,3,5,5,5,1,5,1,2,3,5,1,1
RA-753,0,K,Aluno-753,Escola Pública,Topázio,8.481,Promovido de Fase + Bolsa,Mantido na Fase atual,Não avaliado,DESCONHECIDO,Não atendido,ALFA  (2º e 3º ano),0,Destaque: A sua boa entrega das lições de casa.,Destaque: As suas boas notas na Passos Mágicos.,Destaque: A sua boa integração aos Princípios Passos Mágicos.,2022,0,0,0,0,0,0,0,0,0,0,0,0,0,0,0,0,0,0,0,0,1,0,0,0,0,1,1,2,1,1,1,1,4,3,3,5,5,5,1,5,2,2,3,5,1,0
RA-754,0,K,Aluno-754,Escola Pública,Ágata,6.602,Mantido na Fase atual,Mantido na Fase atual,Não avaliado,DESCONHECIDO,Não indicado,Fase 1 (4º ano),-1,Melhorar: Melhorar a sua entrega de lições de casa.,Destaque: As suas boas notas na Passos Mágicos.,Melhorar: Integrar-se mais aos Princípios Passos Mágicos.,2022,0,0,0,0,0,0,0,0,0,0,0,0,0,0,0,0,0,0,0,0,1,0,0,0,0,0,1,2,2,2,2,1,5,1,1,4,4,4,1,2,1,2,1,4,1,1
RA-755,0,K,Aluno-755,Escola Pública,Topázio,8.566,Promovido de Fase + Bolsa,Mantido na Fase atual,Não avaliado,DESCONHECIDO,Não atendido,ALFA  (2º e 3º ano),0,Destaque: A sua boa entrega das lições de casa.,Destaque: As suas boas notas na Passos Mágicos.,Destaque: A sua boa integração aos Princípios Passos Mágicos.,2022,0,0,0,0,0,0,0,0,0,0,0,0,0,0,0,0,0,0,0,0,1,0,0,0,0,1,1,2,1,1,1,1,4,4,3,5,5,5,1,4,2,2,3,5,1,0
RA-756,0,K,Aluno-756,Escola Pública,Ágata,6.976,Mantido na Fase atual,Mantido na Fase atual,Não avaliado,DESCONHECIDO,Não atendido,Fase 1 (4º ano),-1,Destaque: A sua boa entrega das lições de casa.,Melhorar: Empenhar-se mais nas aulas e avaliações.,Melhorar: Integrar-se mais aos Princípios Passos Mágicos.,2022,0,0,0,0,0,0,0,0,0,0,0,0,0,0,0,0,0,0,0,0,1,0,0,0,0,0,1,2,2,2,2,1,5,2,3,2,2,2,1,2,1,2,1,2,1,1
RA-757,0,K,Aluno-757,Escola Pública,Topázio,8.26,Promovido de Fase + Bolsa,Mantido na Fase atual,Não avaliado,DESCONHECIDO,Não atendido,Fase 1 (4º ano),-1,Destaque: A sua boa entrega das lições de casa.,Destaque: As suas boas notas na Passos Mágicos.,Destaque: A sua boa integração aos Princípios Passos Mágicos.,2022,0,0,0,0,0,0,0,0,0,0,0,0,0,0,0,0,0,0,0,0,1,0,0,0,0,1,1,2,1,1,1,1,4,4,3,5,5,5,1,5,1,2,3,5,1,1
RA-758,0,L,Aluno-758,Escola Pública,Ametista,7.911,Promovido de Fase,Promovido de Fase,Não avaliado,DESCONHECIDO,Não atendido,Fase 1 (4º ano),-1,Destaque: A sua boa entrega das lições de casa.,Destaque: As suas boas notas na Passos Mágicos.,Destaque: A sua boa integração aos Princípios Passos Mágicos.,2022,0,0,0,0,0,0,0,0,0,0,0,0,0,0,0,0,0,0,0,0,1,0,0,0,0,1,1,2,1,1,1,1,3,4,3,5,4,4,1,4,1,2,2,4,1,1
RA-759,0,L,Aluno-759,Escola Pública,Ametista,7.563,Mantido na Fase atual,Mantido na Fase atual,Não avaliado,DESCONHECIDO,Não atendido,Fase 2 (5º e 6º ano),-2,Destaque: A sua boa entrega das lições de casa.,Destaque: As suas boas notas na Passos Mágicos.,Destaque: A sua boa integração aos Princípios Passos Mágicos.,2022,0,0,0,0,0,0,0,0,0,0,0,0,0,0,0,0,0,0,0,0,1,0,0,0,0,1,1,1,1,2,2,1,3,3,3,4,5,3,1,4,1,2,2,4,1,1
RA-760,0,L,Aluno-760,Escola Pública,Topázio,8.172,Promovido de Fase,Promovido de Fase,Não avaliado,DESCONHECIDO,Não atendido,Fase 2 (5º e 6º ano),-2,Destaque: A sua boa entrega das lições de casa.,Destaque: As suas boas notas na Passos Mágicos.,Destaque: A sua boa integração aos Princípios Passos Mágicos.,2022,0,0,0,0,0,0,0,0,0,0,0,0,0,0,0,0,0,0,0,0,1,0,0,0,0,1,2,1,1,1,1,1,3,4,3,5,5,4,1,5,1,2,3,5,1,1
RA-761,0,L,Aluno-761,Escola Pública,Topázio,8.06,Promovido de Fase,Promovido de Fase,Não avaliado,DESCONHECIDO,Não atendido,Fase 1 (4º ano),-1,Destaque: A sua boa entrega das lições de casa.,Destaque: As suas boas notas na Passos Mágicos.,Destaque: A sua boa integração aos Princípios Passos Mágicos.,2022,0,0,0,0,0,0,0,0,0,0,0,0,0,0,0,0,0,0,0,0,1,0,0,0,0,1,1,2,1,1,1,1,5,4,3,5,5,4,1,4,1,2,3,4,1,1
RA-762,0,L,Aluno-762,Escola Pública,Ametista,7.28,Mantido na Fase atual,Mantido na Fase atual,Não avaliado,DESCONHECIDO,Não atendido,Fase 3 (7º e 8º ano),-3,Destaque: A sua boa entrega das lições de casa.,Melhorar: Empenhar-se mais nas aulas e avaliações.,Melhorar: Integrar-se mais aos Princípios Passos Mágicos.,2022,0,0,0,0,0,0,0,0,0,0,0,0,0,0,0,0,0,0,0,0,1,0,0,0,0,1,2,2,1,2,2,1,5,5,3,3,4,2,1,2,1,2,2,3,1,1
RA-763,0,L,Aluno-763,Escola Pública,Ametista,7.402,Mantido na Fase atual,Mantido na Fase atual,Não avaliado,DESCONHECIDO,Não atendido,Fase 2 (5º e 6º ano),-2,Destaque: A sua boa entrega das lições de casa.,Melhorar: Empenhar-se mais nas aulas e avaliações.,Melhorar: Integrar-se mais aos Princípios Passos Mágicos.,2022,0,0,0,0,0,0,0,0,0,0,0,0,0,0,0,0,0,0,0,0,1,0,0,0,0,1,1,1,1,2,2,1,4,5,3,3,3,3,1,2,1,2,2,3,1,1
RA-764,0,L,Aluno-764,Escola Pública,Ametista,8.004,Mantido na Fase atual,Mantido na Fase atual,Não avaliado,DESCONHECIDO,Não atendido,ALFA  (2º e 3º ano),0,Destaque: A sua boa entrega das lições de casa.,Destaque: As suas boas notas na Passos Mágicos.,Destaque: A sua boa integração aos Princípios Passos Mágicos.,2022,0,0,0,0,0,0,0,0,0,0,0,0,0,0,0,0,0,0,0,0,1,0,0,0,0,1,1,2,1,1,1,1,3,3,3,4,4,4,1,3,2,2,2,4,1,0
RA-765,0,L,Aluno-765,Escola Pública,Ágata,6.902,Mantido na Fase atual,Mantido na Fase atual,Não avaliado,DESCONHECIDO,Não atendido,Fase 1 (4º ano),-1,Destaque: A sua boa entrega das lições de casa.,Melhorar: Empenhar-se mais nas aulas e avaliações.,Melhorar: Integrar-se mais aos Princípios Passos Mágicos.,2022,0,0,0,0,0,0,0,0,0,0,0,0,0,0,0,0,0,0,0,0,1,0,0,0,0,0,1,2,2,2,2,1,2,4,3,1,2,1,1,2,1,2,1,1,1,1
RA-766,0,L,Aluno-766,Escola Pública,Topázio,8.185,Promovido de Fase,Promovido de Fase,Não avaliado,DESCONHECIDO,Não atendido,Fase 2 (5º e 6º ano),-2,Destaque: A sua boa entrega das lições de casa.,Destaque: As suas boas notas na Passos Mágicos.,Destaque: A sua boa integração aos Princípios Passos Mágicos.,2022,0,0,0,0,0,0,0,0,0,0,0,0,0,0,0,0,0,0,0,0,1,0,0,0,0,1,2,1,1,1,1,1,5,4,3,5,5,5,1,4,1,2,3,5,2,1
RA-767,0,L,Aluno-767,Escola Pública,Ametista,7.511,Mantido na Fase atual,Mantido na Fase atual,Não avaliado,DESCONHECIDO,Não atendido,Fase 2 (5º e 6º ano),-2,Destaque: A sua boa entrega das lições de casa.,Melhorar: Empenhar-se mais nas aulas e avaliações.,Destaque: A sua boa integração aos Princípios Passos Mágicos.,2022,0,0,0,0,0,0,0,0,0,0,0,0,0,0,0,0,0,0,0,0,1,0,0,0,0,1,1,1,1,2,2,1,4,4,3,3,4,3,1,3,1,2,2,3,1,1
RA-768,0,L,Aluno-768,Escola Pública,Ametista,7.646,Mantido na Fase atual,Mantido na Fase atual,Não avaliado,DESCONHECIDO,Não atendido,Fase 2 (5º e 6º ano),-2,Destaque: A sua boa entrega das lições de casa.,Melhorar: Empenhar-se mais nas aulas e avaliações.,Destaque: A sua boa integração aos Princípios Passos Mágicos.,2022,0,0,0,0,0,0,0,0,0,0,0,0,0,0,0,0,0,0,0,0,1,0,0,0,0,1,1,1,1,2,1,1,3,5,3,4,4,4,1,3,1,2,2,4,1,1
RA-769,0,M,Aluno-769,Escola Pública,Ametista,7.598,Promovido de Fase + Bolsa,Mantido na Fase atual,Não avaliado,DESCONHECIDO,Não avaliado,Fase 1 (4º ano),-1,Destaque: A sua boa entrega das lições de casa.,Destaque: As suas boas notas na Passos Mágicos.,Destaque: A sua boa integração aos Princípios Passos Mágicos.,2022,0,0,0,0,0,0,0,0,0,0,0,0,0,0,0,0,0,0,0,0,1,0,0,0,0,1,1,2,1,2,1,1,5,2,3,4,5,2,1,5,1,2,2,4,1,1
RA-770,0,M,Aluno-770,Escola Pública,Topázio,8.143,Promovido de Fase,Mantido na Fase atual,Não avaliado,DESCONHECIDO,Não avaliado,ALFA  (2º e 3º ano),0,Destaque: A sua boa entrega das lições de casa.,Destaque: As suas boas notas na Passos Mágicos.,Melhorar: Integrar-se mais aos Princípios Passos Mágicos.,2022,0,0,0,0,0,0,0,0,0,0,0,0,0,0,0,0,0,0,0,0,1,0,0,0,0,1,1,2,1,1,1,1,4,3,3,5,5,4,1,2,2,2,3,5,1,0
RA-771,0,M,Aluno-771,Escola Pública,Ametista,7.873,Mantido na Fase atual,Mantido na Fase atual,Não avaliado,DESCONHECIDO,Não avaliado,ALFA  (2º e 3º ano),0,Destaque: A sua boa entrega das lições de casa.,Melhorar: Empenhar-se mais nas aulas e avaliações.,Destaque: A sua boa integração aos Princípios Passos Mágicos.,2022,0,0,0,0,0,0,0,0,0,0,0,0,0,0,0,0,0,0,0,0,1,0,0,0,0,1,1,2,1,1,1,1,5,3,3,3,4,3,1,3,2,2,2,4,1,0
RA-772,0,M,Aluno-772,Escola Pública,Ágata,6.994,Promovido de Fase,Mantido na Fase atual,Não avaliado,DESCONHECIDO,Não avaliado,Fase 2 (5º e 6º ano),-2,Melhorar: Melhorar a sua entrega de lições de casa.,Destaque: As suas boas notas na Passos Mágicos.,Melhorar: Integrar-se mais aos Princípios Passos Mágicos.,2022,0,0,0,0,0,0,0,0,0,0,0,0,0,0,0,0,0,0,0,0,1,0,0,0,0,0,2,1,2,2,1,1,3,1,3,5,5,5,1,2,1,2,1,5,1,1
RA-773,0,M,Aluno-773,Escola Pública,Ágata,6.922,Mantido na Fase atual,Mantido na Fase atual,Não avaliado,DESCONHECIDO,Não indicado,Fase 1 (4º ano),-1,Melhorar: Melhorar a sua entrega de lições de casa.,Destaque: As suas boas notas na Passos Mágicos.,Melhorar: Integrar-se mais aos Princípios Passos Mágicos.,2022,0,0,0,0,0,0,0,0,0,0,0,0,0,0,0,0,0,0,0,0,1,0,0,0,0,0,1,2,2,2,1,1,5,1,1,5,5,3,1,2,1,2,1,4,1,1
RA-774,0,M,Aluno-774,Escola Pública,Ametista,7.587,Mantido na Fase atual,Mantido na Fase atual,Não avaliado,DESCONHECIDO,Não avaliado,ALFA  (2º e 3º ano),0,Destaque: A sua boa entrega das lições de casa.,Melhorar: Empenhar-se mais nas aulas e avaliações.,Melhorar: Integrar-se mais aos Princípios Passos Mágicos.,2022,0,0,0,0,0,0,0,0,0,0,0,0,0,0,0,0,0,0,0,0,1,0,0,0,0,1,1,2,1,2,1,1,5,2,3,2,4,1,1,2,2,2,2,2,1,0
RA-775,0,N,Aluno-775,Escola Pública,Quartzo,5.79,Mantido na Fase atual,Mantido na Fase atual,Não avaliado,DESCONHECIDO,Não indicado,Fase 2 (5º e 6º ano),-2,Melhorar: Melhorar a sua entrega de lições de casa.,Melhorar: Empenhar-se mais nas aulas e avaliações.,Melhorar: Integrar-se mais aos Princípios Passos Mágicos.,2022,0,0,0,0,0,0,0,0,0,0,0,0,0,0,0,0,0,0,0,0,1,0,0,0,0,0,1,1,2,2,2,1,2,1,1,2,2,2,1,1,1,2,1,2,1,1
RA-776,0,N,Aluno-776,Escola Pública,Quartzo,3.898,Mantido na Fase atual,Mantido na Fase atual,Não avaliado,DESCONHECIDO,Requer avaliação,Fase 1 (4º ano),-1,Melhorar: Melhorar a sua entrega de lições de casa.,Melhorar: Empenhar-se mais nas aulas e avaliações.,Melhorar: Integrar-se mais aos Princípios Passos Mágicos.,2022,0,0,0,0,0,0,0,0,0,0,0,0,0,0,0,0,0,0,0,0,1,0,0,0,0,0,1,2,2,2,2,1,1,1,1,1,1,1,1,1,1,2,1,1,1,1
RA-777,0,N,Aluno-777,Escola Pública,Ametista,7.096,Mantido na Fase atual,Mantido na Fase atual,Não avaliado,DESCONHECIDO,Não atendido,ALFA  (2º e 3º ano),0,Destaque: A sua boa entrega das lições de casa.,Melhorar: Empenhar-se mais nas aulas e avaliações.,Melhorar: Integrar-se mais aos Princípios Passos Mágicos.,2022,0,0,0,0,0,0,0,0,0,0,0,0,0,0,0,0,0,0,0,0,1,0,0,0,0,1,1,2,2,2,1,1,2,2,3,2,3,1,1,2,2,2,2,2,1,0
RA-778,0,N,Aluno-778,Escola Pública,Ametista,7.432,Promovido de Fase,Mantido na Fase atual,Não avaliado,DESCONHECIDO,Não atendido,Fase 1 (4º ano),-1,Melhorar: Melhorar a sua entrega de lições de casa.,Melhorar: Empenhar-se mais nas aulas e avaliações.,Destaque: A sua boa integração aos Princípios Passos Mágicos.,2022,0,0,0,0,0,0,0,0,0,0,0,0,0,0,0,0,0,0,0,0,1,0,0,0,0,1,1,1,1,2,1,1,5,1,3,4,2,4,1,5,1,2,2,4,1,1
RA-779,0,N,Aluno-779,Escola Pública,Quartzo,5.702,Mantido na Fase atual,Mantido na Fase atual,Não avaliado,DESCONHECIDO,Não atendido,Fase 2 (5º e 6º ano),-2,Melhorar: Melhorar a sua entrega de lições de casa.,Melhorar: Empenhar-se mais nas aulas e avaliações.,Melhorar: Integrar-se mais aos Princípios Passos Mágicos.,2022,0,0,0,0,0,0,0,0,0,0,0,0,0,0,0,0,0,0,0,0,1,0,0,0,0,0,1,2,2,2,2,1,4,1,3,1,1,1,1,2,1,2,1,1,1,1
RA-780,0,N,Aluno-780,Escola Pública,Ágata,6.955,Mantido na Fase atual,Mantido na Fase atual,Não avaliado,DESCONHECIDO,Não atendido,Fase 1 (4º ano),-1,Destaque: A sua boa entrega das lições de casa.,Melhorar: Empenhar-se mais nas aulas e avaliações.,Melhorar: Integrar-se mais aos Princípios Passos Mágicos.,2022,0,0,0,0,0,0,0,0,0,0,0,0,0,0,0,0,0,0,0,0,1,0,0,0,0,0,1,2,2,2,1,1,2,2,3,3,3,4,1,2,1,2,1,3,1,1
RA-781,0,N,Aluno-781,Escola Pública,Ametista,7.786,Mantido na Fase atual,Mantido na Fase atual,Não avaliado,DESCONHECIDO,Não atendido,Fase 1 (4º ano),-1,Destaque: A sua boa entrega das lições de casa.,Destaque: As suas boas notas na Passos Mágicos.,Destaque: A sua boa integração aos Princípios Passos Mágicos.,2022,0,0,0,0,0,0,0,0,0,0,0,0,0,0,0,0,0,0,0,0,1,0,0,0,0,1,1,1,1,1,1,1,5,3,3,5,4,5,1,3,1,2,2,4,1,1
RA-782,0,N,Aluno-782,Escola Pública,Ametista,7.485,Mantido na Fase atual,Mantido na Fase atual,Não avaliado,DESCONHECIDO,Não atendido,ALFA  (2º e 3º ano),0,Destaque: A sua boa entrega das lições de casa.,Melhorar: Empenhar-se mais nas aulas e avaliações.,Melhorar: Integrar-se mais aos Princípios Passos Mágicos.,2022,0,0,0,0,0,0,0,0,0,0,0,0,0,0,0,0,0,0,0,0,1,0,0,0,0,1,1,2,1,2,1,1,4,3,3,2,2,2,1,2,2,2,2,2,1,0
RA-783,0,N,Aluno-783,Escola Pública,Ágata,6.996,Mantido na Fase atual,Mantido na Fase atual,Não avaliado,DESCONHECIDO,Não atendido,ALFA  (2º e 3º ano),0,Melhorar: Melhorar a sua entrega de lições de casa.,Melhorar: Empenhar-se mais nas aulas e avaliações.,Melhorar: Integrar-se mais aos Princípios Passos Mágicos.,2022,0,0,0,0,0,0,0,0,0,0,0,0,0,0,0,0,0,0,0,0,1,0,0,0,0,0,1,1,2,2,1,1,4,1,3,2,2,4,1,2,2,2,1,2,1,0
RA-784,0,O,Aluno-784,Escola Pública,Topázio,8.34,Promovido de Fase,Promovido de Fase,Não avaliado,DESCONHECIDO,Não atendido,Fase 1 (4º ano),-1,Destaque: A sua boa entrega das lições de casa.,Destaque: As suas boas notas na Passos Mágicos.,Destaque: A sua boa integração aos Princípios Passos Mágicos.,2022,0,0,0,0,0,0,0,0,0,0,0,0,0,0,0,0,0,0,0,0,1,0,0,0,0,1,1,2,1,1,1,1,4,5,3,5,4,5,1,5,1,2,3,4,1,1
RA-785,0,O,Aluno-785,Escola Pública,Ametista,7.642,Mantido na Fase atual,Mantido na Fase atual,Não avaliado,DESCONHECIDO,Não atendido,Fase 1 (4º ano),-1,Destaque: A sua boa entrega das lições de casa.,Destaque: As suas boas notas na Passos Mágicos.,Destaque: A sua boa integração aos Princípios Passos Mágicos.,2022,0,0,0,0,0,0,0,0,0,0,0,0,0,0,0,0,0,0,0,0,1,0,0,0,0,1,1,2,1,2,1,1,3,3,3,5,5,4,1,3,1,2,2,5,1,1
RA-786,0,O,Aluno-786,Escola Pública,Ágata,7.004,Mantido na Fase atual,Mantido na Fase atual,Não avaliado,DESCONHECIDO,Não indicado,Fase 2 (5º e 6º ano),-2,Destaque: A sua boa entrega das lições de casa.,Melhorar: Empenhar-se mais nas aulas e avaliações.,Melhorar: Integrar-se mais aos Princípios Passos Mágicos.,2022,0,0,0,0,0,0,0,0,0,0,0,0,0,0,0,0,0,0,0,0,1,0,0,0,0,1,2,1,2,2,2,1,3,4,2,2,3,2,1,2,1,2,1,2,3,1
RA-787,0,O,Aluno-787,Escola Pública,Ametista,7.205,Mantido na Fase atual,Mantido na Fase atual,Não avaliado,DESCONHECIDO,Não atendido,ALFA  (2º e 3º ano),0,Destaque: A sua boa entrega das lições de casa.,Melhorar: Empenhar-se mais nas aulas e avaliações.,Melhorar: Integrar-se mais aos Princípios Passos Mágicos.,2022,0,0,0,0,0,0,0,0,0,0,0,0,0,0,0,0,0,0,0,0,1,0,0,0,0,1,1,2,1,2,2,1,2,4,3,1,1,1,1,2,2,2,2,1,1,0
RA-788,0,O,Aluno-788,Rede Decisão,Topázio,8.264,Promovido de Fase,Promovido de Fase,Não avaliado,DESCONHECIDO,Requer avaliação,ALFA  (2º e 3º ano),0,Destaque: A sua boa entrega das lições de casa.,Destaque: As suas boas notas na Passos Mágicos.,Destaque: A sua boa integração aos Princípios Passos Mágicos.,2022,0,0,0,0,0,0,0,0,0,0,0,0,0,0,0,0,0,0,0,0,1,0,0,0,0,1,1,1,1,1,1,1,5,4,2,4,4,4,1,5,2,2,3,4,1,0
RA-789,0,O,Aluno-789,Escola Pública,Ametista,7.405,Mantido na Fase atual,Mantido na Fase atual,Não avaliado,DESCONHECIDO,Não atendido,ALFA  (2º e 3º ano),0,Destaque: A sua boa entrega das lições de casa.,Melhorar: Empenhar-se mais nas aulas e avaliações.,Melhorar: Integrar-se mais aos Princípios Passos Mágicos.,2022,0,0,0,0,0,0,0,0,0,0,0,0,0,0,0,0,0,0,0,0,1,0,0,0,0,1,1,2,1,2,2,1,3,4,3,1,1,1,1,2,2,2,2,1,1,0
RA-790,0,O,Aluno-790,Escola Pública,Ametista,7.504,Mantido na Fase atual,Mantido na Fase atual,Não avaliado,DESCONHECIDO,Não atendido,Fase 2 (5º e 6º ano),-2,Destaque: A sua boa entrega das lições de casa.,Destaque: As suas boas notas na Passos Mágicos.,Melhorar: Integrar-se mais aos Princípios Passos Mágicos.,2022,0,0,0,0,0,0,0,0,0,0,0,0,0,0,0,0,0,0,0,0,1,0,0,0,0,1,2,2,1,2,1,1,3,3,3,4,5,4,1,2,1,2,2,4,1,1
RA-791,0,O,Aluno-791,Escola Pública,Ametista,7.507,Promovido de Fase,Promovido de Fase,Não avaliado,DESCONHECIDO,Não atendido,Fase 2 (5º e 6º ano),-2,Destaque: A sua boa entrega das lições de casa.,Melhorar: Empenhar-se mais nas aulas e avaliações.,Destaque: A sua boa integração aos Princípios Passos Mágicos.,2022,0,0,0,0,0,0,0,0,0,0,0,0,0,0,0,0,0,0,0,0,1,0,0,0,0,1,2,2,1,2,1,1,4,3,3,3,3,3,1,5,1,2,2,3,1,1
RA-792,0,O,Aluno-792,Escola Pública,Ágata,7.025,Mantido na Fase atual,Mantido na Fase atual,Não avaliado,DESCONHECIDO,Não atendido,Fase 1 (4º ano),-1,Destaque: A sua boa entrega das lições de casa.,Melhorar: Empenhar-se mais nas aulas e avaliações.,Melhorar: Integrar-se mais aos Princípios Passos Mágicos.,2022,0,0,0,0,0,0,0,0,0,0,0,0,0,0,0,0,0,0,0,0,1,0,0,0,0,1,1,2,2,2,2,1,4,2,3,2,3,2,1,2,1,2,1,2,1,1
RA-793,0,O,Aluno-793,Escola Pública,Ágata,6.894,Mantido na Fase atual,Mantido na Fase atual,Não avaliado,DESCONHECIDO,Não atendido,Fase 2 (5º e 6º ano),-2,Destaque: A sua boa entrega das lições de casa.,Melhorar: Empenhar-se mais nas aulas e avaliações.,Melhorar: Integrar-se mais aos Princípios Passos Mágicos.,2022,0,0,0,0,0,0,0,0,0,0,0,0,0,0,0,0,0,0,0,0,1,0,0,0,0,0,1,2,2,2,2,1,4,2,3,2,2,2,1,2,1,2,1,2,1,1
RA-794,0,O,Aluno-794,Escola Pública,Ametista,7.335,Mantido na Fase atual,Mantido na Fase atual,Não avaliado,DESCONHECIDO,Não atendido,ALFA  (2º e 3º ano),0,Destaque: A sua boa entrega das lições de casa.,Melhorar: Empenhar-se mais nas aulas e avaliações.,Melhorar: Integrar-se mais aos Princípios Passos Mágicos.,2022,0,0,0,0,0,0,0,0,0,0,0,0,0,0,0,0,0,0,0,0,1,0,0,0,0,1,1,2,1,2,2,1,4,3,3,1,1,1,1,2,2,2,2,1,1,0
RA-795,0,O,Aluno-795,Escola Pública,Topázio,8.064,Mantido na Fase atual,Mantido na Fase atual,Não avaliado,DESCONHECIDO,Não atendido,ALFA  (2º e 3º ano),0,Destaque: A sua boa entrega das lições de casa.,Melhorar: Empenhar-se mais nas aulas e avaliações.,Melhorar: Integrar-se mais aos Princípios Passos Mágicos.,2022,0,0,0,0,0,0,0,0,0,0,0,0,0,0,0,0,0,0,0,0,1,0,0,0,0,1,1,2,1,1,1,1,3,5,3,4,4,3,1,2,2,2,3,4,1,0
RA-796,0,Q,Aluno-796,Escola Pública,Ametista,7.232,Mantido na Fase atual,Mantido na Fase atual,Não avaliado,DESCONHECIDO,Não atendido,Fase 2 (5º e 6º ano),-2,Destaque: A sua boa entrega das lições de casa.,Melhorar: Empenhar-se mais nas aulas e avaliações.,Destaque: A sua boa integração aos Princípios Passos Mágicos.,2022,0,0,0,0,0,0,0,0,0,0,0,0,0,0,0,0,0,0,0,0,1,0,0,0,0,1,1,2,1,2,1,1,4,4,3,2,2,1,1,3,1,2,2,2,1,1
RA-797,0,Q,Aluno-797,Escola Pública,Ametista,7.217,Promovido de Fase,Promovido de Fase,Não avaliado,DESCONHECIDO,Não atendido,Fase 2 (5º e 6º ano),-2,Destaque: A sua boa entrega das lições de casa.,Melhorar: Empenhar-se mais nas aulas e avaliações.,Destaque: A sua boa integração aos Princípios Passos Mágicos.,2022,0,0,0,0,0,0,0,0,0,0,0,0,0,0,0,0,0,0,0,0,1,0,0,0,0,1,1,1,1,2,1,1,3,3,3,4,4,3,1,3,1,2,2,4,1,1
RA-798,0,Q,Aluno-798,Escola Pública,Ametista,7.049,Mantido na Fase atual,Mantido na Fase atual,Não avaliado,DESCONHECIDO,Não atendido,Fase 2 (5º e 6º ano),-2,Destaque: A sua boa entrega das lições de casa.,Melhorar: Empenhar-se mais nas aulas e avaliações.,Destaque: A sua boa integração aos Princípios Passos Mágicos.,2022,0,0,0,0,0,0,0,0,0,0,0,0,0,0,0,0,0,0,0,0,1,0,0,0,0,1,1,2,2,2,1,1,2,3,3,3,4,2,1,3,1,2,2,3,1,1
RA-799,0,Q,Aluno-799,Escola Pública,Ametista,7.676,Promovido de Fase,Mantido na Fase atual,Não avaliado,DESCONHECIDO,Não atendido,Fase 2 (5º e 6º ano),-2,Destaque: A sua boa entrega das lições de casa.,Destaque: As suas boas notas na Passos Mágicos.,Destaque: A sua boa integração aos Princípios Passos Mágicos.,2022,0,0,0,0,0,0,0,0,0,0,0,0,0,0,0,0,0,0,0,0,1,0,0,0,0,1,1,2,1,1,1,1,2,5,3,4,5,4,1,4,1,2,2,4,1,1
RA-800,0,Q,Aluno-800,Escola Pública,Ágata,6.818,Mantido na Fase atual,Mantido na Fase atual,Não avaliado,DESCONHECIDO,Não atendido,ALFA  (2º e 3º ano),0,Melhorar: Melhorar a sua entrega de lições de casa.,Melhorar: Empenhar-se mais nas aulas e avaliações.,Melhorar: Integrar-se mais aos Princípios Passos Mágicos.,2022,0,0,0,0,0,0,0,0,0,0,0,0,0,0,0,0,0,0,0,0,1,0,0,0,0,0,1,2,2,2,2,1,2,1,3,2,3,2,1,3,2,2,1,2,1,0
RA-801,0,Q,Aluno-801,Escola Pública,Ágata,6.644,Mantido na Fase atual,Mantido na Fase atual,Não avaliado,DESCONHECIDO,Não atendido,Fase 1 (4º ano),-1,Melhorar: Melhorar a sua entrega de lições de casa.,Melhorar: Empenhar-se mais nas aulas e avaliações.,Melhorar: Integrar-se mais aos Princípios Passos Mágicos.,2022,0,0,0,0,0,0,0,0,0,0,0,0,0,0,0,0,0,0,0,0,1,0,0,0,0,0,1,2,2,2,2,1,1,1,3,3,4,2,1,3,1,2,1,3,1,1
RA-802,0,Q,Aluno-802,Escola Pública,Ametista,7.831,Promovido de Fase,Promovido de Fase,Não avaliado,DESCONHECIDO,Não atendido,Fase 1 (4º ano),-1,Destaque: A sua boa entrega das lições de casa.,Destaque: As suas boas notas na Passos Mágicos.,Destaque: A sua boa integração aos Princípios Passos Mágicos.,2022,0,0,0,0,0,0,0,0,0,0,0,0,0,0,0,0,0,0,0,0,1,0,0,0,0,1,1,1,1,1,1,1,3,4,3,5,5,4,1,4,1,2,2,4,1,1
RA-803,0,Q,Aluno-803,Escola Pública,Ágata,6.98,Mantido na Fase atual,Mantido na Fase atual,Não avaliado,DESCONHECIDO,Sem limitações,Fase 2 (5º e 6º ano),-2,Melhorar: Melhorar a sua entrega de lições de casa.,Melhorar: Empenhar-se mais nas aulas e avaliações.,Melhorar: Integrar-se mais aos Princípios Passos Mágicos.,2022,0,0,0,0,0,0,0,0,0,0,0,0,0,0,0,0,0,0,0,0,1,0,0,0,0,0,1,2,2,2,1,1,5,2,3,3,3,2,1,2,1,2,1,3,1,1
RA-804,0,Q,Aluno-804,Escola Pública,Ágata,6.848,Mantido na Fase atual,Mantido na Fase atual,Não avaliado,DESCONHECIDO,Não atendido,Fase 2 (5º e 6º ano),-2,Destaque: A sua boa entrega das lições de casa.,Melhorar: Empenhar-se mais nas aulas e avaliações.,Destaque: A sua boa integração aos Princípios Passos Mágicos.,2022,0,0,0,0,0,0,0,0,0,0,0,0,0,0,0,0,0,0,0,0,1,0,0,0,0,0,1,2,2,2,2,1,5,3,2,1,2,1,1,3,1,2,1,2,1,1
RA-805,0,R,Aluno-805,Escola Pública,Topázio,8.279,Promovido de Fase,Mantido na Fase atual,Não avaliado,DESCONHECIDO,Sem limitações,ALFA  (2º e 3º ano),0,Destaque: A sua boa entrega das lições de casa.,Destaque: As suas boas notas na Passos Mágicos.,Melhorar: Integrar-se mais aos Princípios Passos Mágicos.,2022,0,0,0,0,0,0,0,0,0,0,0,0,0,0,0,0,0,0,0,0,1,0,0,0,0,1,1,1,1,1,1,1,4,4,3,5,5,5,1,2,2,2,3,5,1,0
RA-806,0,R,Aluno-806,Escola Pública,Ametista,7.561,Mantido na Fase atual,Mantido na Fase atual,Não avaliado,DESCONHECIDO,Sem limitações,ALFA  (2º e 3º ano),0,Melhorar: Melhorar a sua entrega de lições de casa.,Melhorar: Empenhar-se mais nas aulas e avaliações.,Destaque: A sua boa integração aos Princípios Passos Mágicos.,2022,0,0,0,0,0,0,0,0,0,0,0,0,0,0,0,0,0,0,0,0,1,0,0,0,0,1,1,2,1,2,1,1,4,2,3,3,2,4,1,4,2,2,2,3,1,0
RA-807,0,R,Aluno-807,Escola Pública,Topázio,8.121,Promovido de Fase,Mantido na Fase atual,Não avaliado,DESCONHECIDO,Sem limitações,ALFA  (2º e 3º ano),0,Destaque: A sua boa entrega das lições de casa.,Destaque: As suas boas notas na Passos Mágicos.,Destaque: A sua boa integração aos Princípios Passos Mágicos.,2022,0,0,0,0,0,0,0,0,0,0,0,0,0,0,0,0,0,0,0,0,1,0,0,0,0,1,1,2,1,1,1,1,4,3,2,5,5,5,1,3,2,2,3,5,1,0
RA-808,0,R,Aluno-808,Escola Pública,Topázio,8.361,Promovido de Fase,Mantido na Fase atual,Não avaliado,DESCONHECIDO,Sem limitações,ALFA  (2º e 3º ano),0,Destaque: A sua boa entrega das lições de casa.,Destaque: As suas boas notas na Passos Mágicos.,Destaque: A sua boa integração aos Princípios Passos Mágicos.,2022,0,0,0,0,0,0,0,0,0,0,0,0,0,0,0,0,0,0,0,0,1,0,0,0,0,1,1,2,1,1,1,1,5,4,2,5,5,5,1,4,2,2,3,5,1,0
RA-809,0,R,Aluno-809,Escola Pública,Ametista,7.259,Mantido na Fase atual,Mantido na Fase atual,Não avaliado,DESCONHECIDO,Sem limitações,ALFA  (2º e 3º ano),0,Melhorar: Melhorar a sua entrega de lições de casa.,Melhorar: Empenhar-se mais nas aulas e avaliações.,Melhorar: Integrar-se mais aos Princípios Passos Mágicos.,2022,0,0,0,0,0,0,0,0,0,0,0,0,0,0,0,0,0,0,0,0,1,0,0,0,0,1,1,2,1,2,2,1,5,1,2,3,2,4,1,2,2,2,2,3,1,0
RA-810,0,R,Aluno-810,Escola Pública,Ametista,7.887,Promovido de Fase,Mantido na Fase atual,Não avaliado,DESCONHECIDO,Não indicado,ALFA  (2º e 3º ano),0,Destaque: A sua boa entrega das lições de casa.,Destaque: As suas boas notas na Passos Mágicos.,Melhorar: Integrar-se mais aos Princípios Passos Mágicos.,2022,0,0,0,0,0,0,0,0,0,0,0,0,0,0,0,0,0,0,0,0,1,0,0,0,0,1,1,1,1,1,1,1,2,4,1,5,5,5,1,2,2,2,2,5,1,0
RA-811,0,R,Aluno-811,Escola Pública,Ágata,6.575,Promovido de Fase,Mantido na Fase atual,Não avaliado,DESCONHECIDO,Sem limitações,Fase 1 (4º ano),-1,Melhorar: Melhorar a sua entrega de lições de casa.,Melhorar: Empenhar-se mais nas aulas e avaliações.,Destaque: A sua boa integração aos Princípios Passos Mágicos.,2022,0,0,0,0,0,0,0,0,0,0,0,0,0,0,0,0,0,0,0,0,1,0,0,0,0,0,1,1,2,2,2,1,3,1,2,4,5,2,1,3,1,2,1,4,1,1
RA-812,0,R,Aluno-812,Escola Pública,Ametista,7.497,Mantido na Fase atual,Mantido na Fase atual,Não avaliado,DESCONHECIDO,Sem limitações,ALFA  (2º e 3º ano),0,Destaque: A sua boa entrega das lições de casa.,Melhorar: Empenhar-se mais nas aulas e avaliações.,Melhorar: Integrar-se mais aos Princípios Passos Mágicos.,2022,0,0,0,0,0,0,0,0,0,0,0,0,0,0,0,0,0,0,0,0,1,0,0,0,0,1,1,2,1,2,1,1,3,2,2,4,5,3,1,2,2,2,2,4,1,0
RA-813,0,S,Aluno-813,Escola Pública,Ametista,7.093,Mantido na Fase atual,Mantido na Fase atual,Não avaliado,DESCONHECIDO,Sem limitações,ALFA  (2º e 3º ano),0,Melhorar: Melhorar a sua entrega de lições de casa.,Melhorar: Empenhar-se mais nas aulas e avaliações.,Melhorar: Integrar-se mais aos Princípios Passos Mágicos.,2022,0,0,0,0,0,0,0,0,0,0,0,0,0,0,0,0,0,0,0,0,1,0,0,0,0,1,1,2,2,2,1,1,4,1,3,2,3,2,1,2,2,2,2,2,1,0
RA-814,0,S,Aluno-814,Escola Pública,Ametista,7.592,Promovido de Fase,Promovido de Fase,Não avaliado,DESCONHECIDO,Requer avaliação,Fase 1 (4º ano),-1,Destaque: A sua boa entrega das lições de casa.,Destaque: As suas boas notas na Passos Mágicos.,Destaque: A sua boa integração aos Princípios Passos Mágicos.,2022,0,0,0,0,0,0,0,0,0,0,0,0,0,0,0,0,0,0,0,0,1,0,0,0,0,1,1,2,1,2,1,1,3,4,3,4,4,4,1,5,1,2,2,4,1,1
RA-815,0,S,Aluno-815,Escola Pública,Ágata,6.81,Mantido na Fase atual,Mantido na Fase atual,Não avaliado,DESCONHECIDO,Requer avaliação,Fase 1 (4º ano),-1,Destaque: A sua boa entrega das lições de casa.,Melhorar: Empenhar-se mais nas aulas e avaliações.,Melhorar: Integrar-se mais aos Princípios Passos Mágicos.,2022,0,0,0,0,0,0,0,0,0,0,0,0,0,0,0,0,0,0,0,0,1,0,0,0,0,0,1,2,2,2,2,1,5,2,2,3,4,2,1,2,1,2,1,3,1,1
RA-816,0,S,Aluno-816,Escola Pública,Topázio,8.513,Promovido de Fase + Bolsa,Promovido de Fase,Não avaliado,DESCONHECIDO,Sem limitações,Fase 1 (4º ano),-1,Destaque: A sua boa entrega das lições de casa.,Destaque: As suas boas notas na Passos Mágicos.,Destaque: A sua boa integração aos Princípios Passos Mágicos.,2022,0,0,0,0,0,0,0,0,0,0,0,0,0,0,0,0,0,0,0,0,1,0,0,0,0,1,1,2,1,1,1,1,5,4,3,5,5,5,1,5,1,2,3,5,1,1
RA-817,0,S,Aluno-817,Escola Pública,Ametista,7.819,Mantido na Fase atual,Mantido na Fase atual,Não avaliado,DESCONHECIDO,Requer avaliação,ALFA  (2º e 3º ano),0,Destaque: A sua boa entrega das lições de casa.,Melhorar: Empenhar-se mais nas aulas e avaliações.,Melhorar: Integrar-se mais aos Princípios Passos Mágicos.,2022,0,0,0,0,0,0,0,0,0,0,0,0,0,0,0,0,0,0,0,0,1,0,0,0,0,1,1,2,1,1,1,1,5,3,2,4,4,3,1,2,2,2,2,4,1,0
RA-818,0,S,Aluno-818,Escola Pública,Ametista,7.483,Mantido na Fase atual,Mantido na Fase atual,Não avaliado,DESCONHECIDO,Sem limitações,ALFA  (2º e 3º ano),0,Melhorar: Melhorar a sua entrega de lições de casa.,Melhorar: Empenhar-se mais nas aulas e avaliações.,Melhorar: Integrar-se mais aos Princípios Passos Mágicos.,2022,0,0,0,0,0,0,0,0,0,0,0,0,0,0,0,0,0,0,0,0,1,0,0,0,0,1,1,2,1,2,1,1,4,2,3,2,3,2,1,3,2,2,2,2,1,0
RA-819,0,S,Aluno-819,Escola Pública,Ametista,7.741,Mantido na Fase atual,Mantido na Fase atual,Não avaliado,DESCONHECIDO,Sem limitações,ALFA  (2º e 3º ano),0,Destaque: A sua boa entrega das lições de casa.,Melhorar: Empenhar-se mais nas aulas e avaliações.,Melhorar: Integrar-se mais aos Princípios Passos Mágicos.,2022,0,0,0,0,0,0,0,0,0,0,0,0,0,0,0,0,0,0,0,0,1,0,0,0,0,1,1,2,1,1,1,1,5,2,3,4,4,3,1,2,2,2,2,4,1,0
RA-820,0,T,Aluno-820,Escola Pública,Ametista,7.417,Mantido na Fase atual,Mantido na Fase atual,Não avaliado,DESCONHECIDO,Sem limitações,Fase 1 (4º ano),-1,Destaque: A sua boa entrega das lições de casa.,Melhorar: Empenhar-se mais nas aulas e avaliações.,Destaque: A sua boa integração aos Princípios Passos Mágicos.,2022,0,0,0,0,0,0,0,0,0,0,0,0,0,0,0,0,0,0,0,0,1,0,0,0,0,1,1,2,1,2,1,1,4,5,3,2,4,1,1,3,1,2,2,2,1,1
RA-821,0,T,Aluno-821,Escola Pública,Ágata,6.342,Mantido na Fase atual,Mantido na Fase atual,Não avaliado,DESCONHECIDO,Não atendido,Fase 2 (5º e 6º ano),-2,Melhorar: Melhorar a sua entrega de lições de casa.,Melhorar: Empenhar-se mais nas aulas e avaliações.,Melhorar: Integrar-se mais aos Princípios Passos Mágicos.,2022,0,0,0,0,0,0,0,0,0,0,0,0,0,0,0,0,0,0,0,0,1,0,0,0,0,0,1,2,2,2,1,1,3,2,3,1,2,1,1,2,1,2,1,2,1,1
RA-822,0,T,Aluno-822,Escola Pública,Ágata,6.922,Mantido na Fase atual,Mantido na Fase atual,Não avaliado,DESCONHECIDO,Não atendido,Fase 2 (5º e 6º ano),-2,Destaque: A sua boa entrega das lições de casa.,Melhorar: Empenhar-se mais nas aulas e avaliações.,Melhorar: Integrar-se mais aos Princípios Passos Mágicos.,2022,0,0,0,0,0,0,0,0,0,0,0,0,0,0,0,0,0,0,0,0,1,0,0,0,0,0,1,2,2,2,1,1,2,3,3,2,3,2,1,2,1,2,1,2,1,1
RA-823,0,T,Aluno-823,Escola Pública,Quartzo,5.989,Mantido na Fase atual,Mantido na Fase atual,Não avaliado,DESCONHECIDO,Não atendido,Fase 2 (5º e 6º ano),-2,Melhorar: Melhorar a sua entrega de lições de casa.,Melhorar: Empenhar-se mais nas aulas e avaliações.,Melhorar: Integrar-se mais aos Princípios Passos Mágicos.,2022,0,0,0,0,0,0,0,0,0,0,0,0,0,0,0,0,0,0,0,0,1,0,0,0,0,0,1,1,2,2,1,1,5,1,3,1,1,1,1,2,1,2,1,1,1,1
RA-824,0,T,Aluno-824,Escola Pública,Ágata,6.799,Mantido na Fase atual,Mantido na Fase atual,Não avaliado,DESCONHECIDO,Sem limitações,ALFA  (2º e 3º ano),0,Melhorar: Melhorar a sua entrega de lições de casa.,Melhorar: Empenhar-se mais nas aulas e avaliações.,Melhorar: Integrar-se mais aos Princípios Passos Mágicos.,2022,0,0,0,0,0,0,0,0,0,0,0,0,0,0,0,0,0,0,0,0,1,0,0,0,0,0,1,2,2,2,1,1,5,1,3,2,4,1,1,2,2,2,1,2,1,0
RA-825,0,T,Aluno-825,Escola Pública,Ametista,7.25,Promovido de Fase,Promovido de Fase,Não avaliado,DESCONHECIDO,Sem limitações,Fase 1 (4º ano),-1,Destaque: A sua boa entrega das lições de casa.,Destaque: As suas boas notas na Passos Mágicos.,Destaque: A sua boa integração aos Princípios Passos Mágicos.,2022,0,0,0,0,0,0,0,0,0,0,0,0,0,0,0,0,0,0,0,0,1,0,0,0,0,1,1,1,1,2,1,1,1,2,3,4,5,3,1,4,1,2,2,4,1,1
RA-826,0,U,Aluno-826,Escola Pública,Ametista,7.776,Mantido na Fase atual,Mantido na Fase atual,Não avaliado,DESCONHECIDO,Não atendido,ALFA  (2º e 3º ano),0,Destaque: A sua boa entrega das lições de casa.,Melhorar: Empenhar-se mais nas aulas e avaliações.,Melhorar: Integrar-se mais aos Princípios Passos Mágicos.,2022,0,0,0,0,0,0,0,0,0,0,0,0,0,0,0,0,0,0,0,0,1,0,0,0,0,1,1,2,1,1,1,1,4,5,3,2,1,3,1,3,2,2,2,2,1,0
RA-827,0,U,Aluno-827,Escola Pública,Ametista,7.412,Promovido de Fase,Promovido de Fase,Não avaliado,DESCONHECIDO,Não atendido,Fase 2 (5º e 6º ano),-2,Melhorar: Melhorar a sua entrega de lições de casa.,Destaque: As suas boas notas na Passos Mágicos.,Destaque: A sua boa integração aos Princípios Passos Mágicos.,2022,0,0,0,0,0,0,0,0,0,0,0,0,0,0,0,0,0,0,0,0,1,0,0,0,0,1,1,2,1,2,1,1,4,2,3,4,4,4,1,5,1,2,2,4,1,1
RA-828,0,U,Aluno-828,Escola Pública,Ametista,7.139,Mantido na Fase atual,Mantido na Fase atual,Não avaliado,DESCONHECIDO,Não atendido,Fase 1 (4º ano),-1,Melhorar: Melhorar a sua entrega de lições de casa.,Melhorar: Empenhar-se mais nas aulas e avaliações.,Destaque: A sua boa integração aos Princípios Passos Mágicos.,2022,0,0,0,0,0,0,0,0,0,0,0,0,0,0,0,0,0,0,0,0,1,0,0,0,0,1,1,2,2,2,2,1,4,2,3,3,4,3,1,4,1,2,2,3,1,1
RA-829,0,U,Aluno-829,Escola Pública,Ametista,8.003,Mantido na Fase atual,Mantido na Fase atual,Não avaliado,DESCONHECIDO,Não atendido,ALFA  (2º e 3º ano),0,Destaque: A sua boa entrega das lições de casa.,Destaque: As suas boas notas na Passos Mágicos.,Melhorar: Integrar-se mais aos Princípios Passos Mágicos.,2022,0,0,0,0,0,0,0,0,0,0,0,0,0,0,0,0,0,0,0,0,1,0,0,0,0,1,1,2,1,1,1,1,3,3,3,4,4,4,1,3,2,2,2,4,1,0
RA-830,0,U,Aluno-830,Escola Pública,Ametista,7.234,Mantido na Fase atual,Mantido na Fase atual,Não avaliado,DESCONHECIDO,Não atendido,Fase 1 (4º ano),-1,Destaque: A sua boa entrega das lições de casa.,Melhorar: Empenhar-se mais nas aulas e avaliações.,Melhorar: Integrar-se mais aos Princípios Passos Mágicos.,2022,0,0,0,0,0,0,0,0,0,0,0,0,0,0,0,0,0,0,0,0,1,0,0,0,0,1,1,2,1,2,2,1,5,3,3,2,2,2,1,3,1,2,2,2,1,1
RA-831,0,U,Aluno-831,Escola Pública,Ametista,7.41,Mantido na Fase atual,Mantido na Fase atual,Não avaliado,DESCONHECIDO,Não atendido,Fase 1 (4º ano),-1,Destaque: A sua boa entrega das lições de casa.,Melhorar: Empenhar-se mais nas aulas e avaliações.,Melhorar: Integrar-se mais aos Princípios Passos Mágicos.,2022,0,0,0,0,0,0,0,0,0,0,0,0,0,0,0,0,0,0,0,0,1,0,0,0,0,1,1,2,1,2,2,1,4,4,3,4,4,3,1,2,1,2,2,4,1,1
RA-832,0,U,Aluno-832,Escola Pública,Topázio,8.179,Promovido de Fase,Promovido de Fase,Não avaliado,DESCONHECIDO,Não atendido,Fase 1 (4º ano),-1,Destaque: A sua boa entrega das lições de casa.,Destaque: As suas boas notas na Passos Mágicos.,Destaque: A sua boa integração aos Princípios Passos Mágicos.,2022,0,0,0,0,0,0,0,0,0,0,0,0,0,0,0,0,0,0,0,0,1,0,0,0,0,1,1,2,1,1,1,1,5,4,3,5,5,5,1,5,1,2,3,5,1,1
RA-833,0,U,Aluno-833,Escola Pública,Ametista,7.791,Mantido na Fase atual,Mantido na Fase atual,Não avaliado,DESCONHECIDO,Não atendido,Fase 1 (4º ano),-1,Destaque: A sua boa entrega das lições de casa.,Destaque: As suas boas notas na Passos Mágicos.,Destaque: A sua boa integração aos Princípios Passos Mágicos.,2022,0,0,0,0,0,0,0,0,0,0,0,0,0,0,0,0,0,0,0,0,1,0,0,0,0,1,1,2,1,1,1,1,5,4,3,4,4,4,1,3,1,2,2,4,1,1
RA-834,0,U,Aluno-834,Escola Pública,Topázio,8.136,Promovido de Fase,Promovido de Fase,Não avaliado,DESCONHECIDO,Não atendido,Fase 1 (4º ano),-1,Destaque: A sua boa entrega das lições de casa.,Destaque: As suas boas notas na Passos Mágicos.,Destaque: A sua boa integração aos Princípios Passos Mágicos.,2022,0,0,0,0,0,0,0,0,0,0,0,0,0,0,0,0,0,0,0,0,1,0,0,0,0,1,1,2,1,1,1,1,3,4,3,5,5,5,1,5,1,2,3,5,1,1
RA-835,0,V,Aluno-835,Escola Pública,Ametista,7.263,Mantido na Fase atual,Mantido na Fase atual,Não avaliado,DESCONHECIDO,Não atendido,ALFA  (2º e 3º ano),0,Melhorar: Melhorar a sua entrega de lições de casa.,Melhorar: Empenhar-se mais nas aulas e avaliações.,Melhorar: Integrar-se mais aos Princípios Passos Mágicos.,2022,0,0,0,0,0,0,0,0,0,0,0,0,0,0,0,0,0,0,0,0,1,0,0,0,0,1,1,2,1,2,1,1,1,2,3,4,4,4,1,1,2,2,2,4,1,0
RA-836,0,V,Aluno-836,Escola Pública,Ametista,7.665,Promovido de Fase,Mantido na Fase atual,Não avaliado,DESCONHECIDO,Não atendido,Fase 1 (4º ano),-1,Destaque: A sua boa entrega das lições de casa.,Destaque: As suas boas notas na Passos Mágicos.,Destaque: A sua boa integração aos Princípios Passos Mágicos.,2022,0,0,0,0,0,0,0,0,0,0,0,0,0,0,0,0,0,0,0,0,1,0,0,0,0,1,1,2,1,2,1,1,2,3,3,5,5,5,1,3,1,2,2,5,1,1
RA-837,0,V,Aluno-837,Escola Pública,Topázio,8.207,Promovido de Fase,Mantido na Fase atual,Não avaliado,DESCONHECIDO,Não atendido,ALFA  (2º e 3º ano),0,Destaque: A sua boa entrega das lições de casa.,Destaque: As suas boas notas na Passos Mágicos.,Destaque: A sua boa integração aos Princípios Passos Mágicos.,2022,0,0,0,0,0,0,0,0,0,0,0,0,0,0,0,0,0,0,0,0,1,0,0,0,0,1,1,2,1,1,1,1,2,4,3,5,5,5,1,3,2,2,3,5,1,0
RA-838,0,V,Aluno-838,Escola Pública,Ametista,7.461,Promovido de Fase + Bolsa,Mantido na Fase atual,Não avaliado,DESCONHECIDO,Não atendido,Fase 1 (4º ano),-1,Melhorar: Melhorar a sua entrega de lições de casa.,Melhorar: Empenhar-se mais nas aulas e avaliações.,Destaque: A sua boa integração aos Princípios Passos Mágicos.,2022,0,0,0,0,0,0,0,0,0,0,0,0,0,0,0,0,0,0,0,0,1,0,0,0,0,1,1,2,1,2,1,1,5,2,3,3,3,2,1,5,1,2,2,3,1,1
RA-839,0,V,Aluno-839,Escola Pública,Quartzo,5.198,Mantido na Fase atual,Mantido na Fase atual,Não avaliado,DESCONHECIDO,Não atendido,Fase 1 (4º ano),-1,Melhorar: Melhorar a sua entrega de lições de casa.,Melhorar: Empenhar-se mais nas aulas e avaliações.,Melhorar: Integrar-se mais aos Princípios Passos Mágicos.,2022,0,0,0,0,0,0,0,0,0,0,0,0,0,0,0,0,0,0,0,0,1,0,0,0,0,0,1,2,2,2,2,1,1,1,3,2,2,1,1,1,1,2,1,2,1,1
RA-840,0,V,Aluno-840,Escola Pública,Ametista,7.875,Promovido de Fase,Mantido na Fase atual,Não avaliado,DESCONHECIDO,Não atendido,ALFA  (2º e 3º ano),0,Destaque: A sua boa entrega das lições de casa.,Destaque: As suas boas notas na Passos Mágicos.,Destaque: A sua boa integração aos Princípios Passos Mágicos.,2022,0,0,0,0,0,0,0,0,0,0,0,0,0,0,0,0,0,0,0,0,1,0,0,0,0,1,1,2,1,1,1,1,3,2,3,4,5,2,1,3,2,2,2,4,1,0
RA-841,0,V,Aluno-841,Escola Pública,Ametista,7.3,Promovido de Fase,Mantido na Fase atual,Não avaliado,DESCONHECIDO,Não atendido,Fase 2 (5º e 6º ano),-2,Destaque: A sua boa entrega das lições de casa.,Melhorar: Empenhar-se mais nas aulas e avaliações.,Destaque: A sua boa integração aos Princípios Passos Mágicos.,2022,0,0,0,0,0,0,0,0,0,0,0,0,0,0,0,0,0,0,0,0,1,0,0,0,0,1,2,2,1,2,1,1,2,3,3,4,5,2,1,3,1,2,2,4,1,1
RA-842,0,Y,Aluno-842,Escola Pública,Ametista,7.952,Promovido de Fase,Mantido na Fase atual,Não avaliado,DESCONHECIDO,Não atendido,ALFA  (2º e 3º ano),0,Destaque: A sua boa entrega das lições de casa.,Destaque: As suas boas notas na Passos Mágicos.,Destaque: A sua boa integração aos Princípios Passos Mágicos.,2022,0,0,0,0,0,0,0,0,0,0,0,0,0,0,0,0,0,0,0,0,1,0,0,0,0,1,1,2,1,1,1,1,1,3,3,5,5,5,1,4,2,2,2,5,1,0
RA-843,0,Y,Aluno-843,Escola Pública,Topázio,8.538,Promovido de Fase + Bolsa,Mantido na Fase atual,Não avaliado,DESCONHECIDO,Não atendido,ALFA  (2º e 3º ano),0,Destaque: A sua boa entrega das lições de casa.,Destaque: As suas boas notas na Passos Mágicos.,Destaque: A sua boa integração aos Princípios Passos Mágicos.,2022,0,0,0,0,0,0,0,0,0,0,0,0,0,0,0,0,0,0,0,0,1,0,0,0,0,1,1,2,1,1,1,1,2,4,3,5,5,5,1,5,2,2,3,5,1,0
RA-844,0,Y,Aluno-844,Escola Pública,Ágata,6.253,Promovido de Fase + Bolsa,Mantido na Fase atual,Não avaliado,DESCONHECIDO,Não atendido,ALFA  (2º e 3º ano),0,Melhorar: Melhorar a sua entrega de lições de casa.,Melhorar: Empenhar-se mais nas aulas e avaliações.,Destaque: A sua boa integração aos Princípios Passos Mágicos.,2022,0,0,0,0,0,0,0,0,0,0,0,0,0,0,0,0,0,0,0,0,1,0,0,0,0,0,1,2,2,2,2,1,1,1,5,2,2,2,1,4,2,2,1,2,1,0
RA-845,0,Y,Aluno-845,Escola Pública,Topázio,8.491,Mantido na Fase atual,Mantido na Fase atual,Não avaliado,DESCONHECIDO,Não atendido,ALFA  (2º e 3º ano),0,Destaque: A sua boa entrega das lições de casa.,Destaque: As suas boas notas na Passos Mágicos.,Destaque: A sua boa integração aos Princípios Passos Mágicos.,2022,0,0,0,0,0,0,0,0,0,0,0,0,0,0,0,0,0,0,0,0,1,0,0,0,0,1,1,2,1,1,1,1,5,3,3,5,5,5,1,5,2,2,3,5,1,0
RA-846,0,Y,Aluno-846,Escola Pública,Ametista,7.412,Mantido na Fase atual,Mantido na Fase atual,Não avaliado,DESCONHECIDO,Não atendido,ALFA  (2º e 3º ano),0,Melhorar: Melhorar a sua entrega de lições de casa.,Melhorar: Empenhar-se mais nas aulas e avaliações.,Destaque: A sua boa integração aos Princípios Passos Mágicos.,2022,0,0,0,0,0,0,0,0,0,0,0,0,0,0,0,0,0,0,0,0,1,0,0,0,0,1,1,2,1,2,2,1,3,2,3,2,4,1,1,4,2,2,2,2,1,0
RA-847,0,Y,Aluno-847,Escola Pública,Ágata,6.839,Mantido na Fase atual,Mantido na Fase atual,Não avaliado,DESCONHECIDO,Sem limitações,Fase 1 (4º ano),-1,Destaque: A sua boa entrega das lições de casa.,Destaque: As suas boas notas na Passos Mágicos.,Melhorar: Integrar-se mais aos Princípios Passos Mágicos.,2022,0,0,0,0,0,0,0,0,0,0,0,0,0,0,0,0,0,0,0,0,1,0,0,0,0,0,1,2,2,2,2,1,2,2,1,4,4,4,1,2,1,2,1,4,1,1
RA-848,0,Y,Aluno-848,Escola Pública,Ametista,7.488,Promovido de Fase,Mantido na Fase atual,Não avaliado,DESCONHECIDO,Não atendido,Fase 1 (4º ano),-1,Melhorar: Melhorar a sua entrega de lições de casa.,Destaque: As suas boas notas na Passos Mágicos.,Destaque: A sua boa integração aos Princípios Passos Mágicos.,2022,0,0,0,0,0,0,0,0,0,0,0,0,0,0,0,0,0,0,0,0,1,0,0,0,0,1,1,2,1,2,1,1,4,2,3,5,5,4,1,4,1,2,2,5,1,1
RA-849,0,Y,Aluno-849,Escola Pública,Ametista,7.369,Promovido de Fase,Mantido na Fase atual,Não avaliado,DESCONHECIDO,Não atendido,Fase 1 (4º ano),-1,Destaque: A sua boa entrega das lições de casa.,Destaque: As suas boas notas na Passos Mágicos.,Melhorar: Integrar-se mais aos Princípios Passos Mágicos.,2022,0,0,0,0,0,0,0,0,0,0,0,0,0,0,0,0,0,0,0,0,1,0,0,0,0,1,1,2,1,2,2,1,2,3,3,5,5,5,1,2,1,2,2,5,1,1
RA-850,0,Y,Aluno-850,Escola Pública,Ametista,7.641,Promovido de Fase,Mantido na Fase atual,Não avaliado,DESCONHECIDO,Não atendido,ALFA  (2º e 3º ano),0,Melhorar: Melhorar a sua entrega de lições de casa.,Destaque: As suas boas notas na Passos Mágicos.,Melhorar: Integrar-se mais aos Princípios Passos Mágicos.,2022,0,0,0,0,0,0,0,0,0,0,0,0,0,0,0,0,0,0,0,0,1,0,0,0,0,1,1,2,1,2,1,1,5,2,3,5,4,5,1,2,2,2,2,5,1,0
RA-851,0,Y,Aluno-851,Escola Pública,Ametista,7.515,Promovido de Fase,Mantido na Fase atual,Não avaliado,DESCONHECIDO,Não atendido,ALFA  (2º e 3º ano),0,Destaque: A sua boa entrega das lições de casa.,Destaque: As suas boas notas na Passos Mágicos.,Melhorar: Integrar-se mais aos Princípios Passos Mágicos.,2022,0,0,0,0,0,0,0,0,0,0,0,0,0,0,0,0,0,0,0,0,1,0,0,0,0,1,1,2,1,2,1,1,3,2,3,5,4,5,1,1,2,2,2,5,1,0
RA-852,0,Z,Aluno-852,Escola Pública,Quartzo,5.666,Mantido na Fase atual,Mantido na Fase atual,Não avaliado,DESCONHECIDO,Não indicado,ALFA  (2º e 3º ano),0,Melhorar: Melhorar a sua entrega de lições de casa.,Melhorar: Empenhar-se mais nas aulas e avaliações.,Melhorar: Integrar-se mais aos Princípios Passos Mágicos.,2022,0,0,0,0,0,0,0,0,0,0,0,0,0,0,0,0,0,0,0,0,1,0,0,0,0,0,1,2,2,2,2,1,3,1,1,1,1,1,1,1,2,2,1,1,1,0
RA-853,0,Z,Aluno-853,Escola Pública,Topázio,8.616,Promovido de Fase,Mantido na Fase atual,Não avaliado,DESCONHECIDO,Não atendido,ALFA  (2º e 3º ano),0,Destaque: A sua boa entrega das lições de casa.,Destaque: As suas boas notas na Passos Mágicos.,Destaque: A sua boa integração aos Princípios Passos Mágicos.,2022,0,0,0,0,0,0,0,0,0,0,0,0,0,0,0,0,0,0,0,0,1,0,0,0,0,1,1,2,1,1,1,1,5,5,3,5,5,4,1,5,2,2,3,5,1,0
RA-854,0,Z,Aluno-854,Escola Pública,Topázio,8.098,Promovido de Fase,Mantido na Fase atual,Não avaliado,DESCONHECIDO,Não atendido,ALFA  (2º e 3º ano),0,Destaque: A sua boa entrega das lições de casa.,Destaque: As suas boas notas na Passos Mágicos.,Melhorar: Integrar-se mais aos Princípios Passos Mágicos.,2022,0,0,0,0,0,0,0,0,0,0,0,0,0,0,0,0,0,0,0,0,1,0,0,0,0,1,1,2,1,1,2,1,2,4,3,5,5,5,1,2,2,2,3,5,1,0
RA-855,0,Z,Aluno-855,Escola Pública,Topázio,8.453,Promovido de Fase,Mantido na Fase atual,Não avaliado,DESCONHECIDO,Não atendido,Fase 1 (4º ano),-1,Destaque: A sua boa entrega das lições de casa.,Destaque: As suas boas notas na Passos Mágicos.,Destaque: A sua boa integração aos Princípios Passos Mágicos.,2022,0,0,0,0,0,0,0,0,0,0,0,0,0,0,0,0,0,0,0,0,1,0,0,0,0,1,1,2,1,1,1,1,5,5,3,5,5,5,1,5,1,2,3,5,1,1
RA-856,0,Z,Aluno-856,Escola Pública,Topázio,8.398,Promovido de Fase,Mantido na Fase atual,Não avaliado,DESCONHECIDO,Não atendido,ALFA  (2º e 3º ano),0,Destaque: A sua boa entrega das lições de casa.,Destaque: As suas boas notas na Passos Mágicos.,Destaque: A sua boa integração aos Princípios Passos Mágicos.,2022,0,0,0,0,0,0,0,0,0,0,0,0,0,0,0,0,0,0,0,0,1,0,0,0,0,1,1,2,1,1,1,1,5,4,3,5,5,4,1,4,2,2,3,5,1,0
RA-857,0,Z,Aluno-857,Escola Pública,Topázio,8.154,Promovido de Fase,Mantido na Fase atual,Não avaliado,DESCONHECIDO,Não atendido,Fase 1 (4º ano),-1,Destaque: A sua boa entrega das lições de casa.,Destaque: As suas boas notas na Passos Mágicos.,Destaque: A sua boa integração aos Princípios Passos Mágicos.,2022,0,0,0,0,0,0,0,0,0,0,0,0,0,0,0,0,0,0,0,0,1,0,0,0,0,1,1,2,1,1,1,1,2,3,3,5,5,5,1,5,1,2,3,5,1,1
RA-858,0,Z,Aluno-858,Escola Pública,Ametista,7.523,Mantido na Fase atual,Mantido na Fase atual,Não avaliado,DESCONHECIDO,Requer avaliação,ALFA  (2º e 3º ano),0,Melhorar: Melhorar a sua entrega de lições de casa.,Destaque: As suas boas notas na Passos Mágicos.,Melhorar: Integrar-se mais aos Princípios Passos Mágicos.,2022,0,0,0,0,0,0,0,0,0,0,0,0,0,0,0,0,0,0,0,0,1,0,0,0,0,1,1,2,1,2,2,1,5,2,2,4,5,3,1,2,2,2,2,4,1,0
RA-859,0,Z,Aluno-859,Escola Pública,Topázio,8.325,Promovido de Fase,Mantido na Fase atual,Não avaliado,DESCONHECIDO,Não atendido,ALFA  (2º e 3º ano),0,Destaque: A sua boa entrega das lições de casa.,Destaque: As suas boas notas na Passos Mágicos.,Destaque: A sua boa integração aos Princípios Passos Mágicos.,2022,0,0,0,0,0,0,0,0,0,0,0,0,0,0,0,0,0,0,0,0,1,0,0,0,0,1,1,2,1,1,1,1,2,3,3,5,5,5,1,4,2,2,3,5,1,0
RA-860,0,Z,Aluno-860,Escola Pública,Topázio,8.136,Mantido na Fase atual,Mantido na Fase atual,Não avaliado,DESCONHECIDO,Não atendido,ALFA  (2º e 3º ano),0,Destaque: A sua boa entrega das lições de casa.,Destaque: As suas boas notas na Passos Mágicos.,Destaque: A sua boa integração aos Princípios Passos Mágicos.,2022,0,0,0,0,0,0,0,0,0,0,0,0,0,0,0,0,0,0,0,0,1,0,0,0,0,1,1,2,1,1,1,1,4,3,3,5,5,4,1,3,2,2,3,4,1,0
RA-861,ALFA,ALFA A - G0/G1,Aluno-861,Pública,Topázio,9.31095,DESCONHECIDO,DESCONHECIDO,DESCONHECIDO,DESCONHECIDO,DESCONHECIDO,ALFA (1° e 2° ano),0,DESCONHECIDO,DESCONHECIDO,DESCONHECIDO,2023,0,0,0,0,0,0,0,0,0,0,0,0,0,0,0,0,0,1,1,1,1,1,1,1,1,1,1,3,1,1,1,1,4,5,5,5,5,5,1,5,2,4,3,5,1,0
RA-862,ALFA,ALFA A - G0/G1,Aluno-862,Pública,Topázio,8.2212,DESCONHECIDO,DESCONHECIDO,DESCONHECIDO,DESCONHECIDO,DESCONHECIDO,Fase 1 (3° e 4° ano),-1,DESCONHECIDO,DESCONHECIDO,DESCONHECIDO,2023,0,0,0,0,0,0,0,0,0,0,0,0,0,0,0,0,0,1,1,1,1,1,1,1,1,1,1,3,1,1,1,1,2,4,5,5,5,5,1,5,1,2,3,5,1,1
RA-863,ALFA,ALFA A - G0/G1,Aluno-863,Pública,Quartzo,5.92975,DESCONHECIDO,DESCONHECIDO,DESCONHECIDO,DESCONHECIDO,DESCONHECIDO,ALFA (1° e 2° ano),0,DESCONHECIDO,DESCONHECIDO,DESCONHECIDO,2023,0,0,0,0,0,0,0,0,0,0,0,0,0,0,0,0,0,1,1,1,1,1,1,1,1,0,1,3,1,1,1,1,1,2,1,3,4,2,1,1,2,1,1,3,1,0
RA-864,ALFA,ALFA A - G0/G1,Aluno-864,Pública,Ametista,7.034,DESCONHECIDO,DESCONHECIDO,DESCONHECIDO,DESCONHECIDO,DESCONHECIDO,ALFA (1° e 2° ano),0,DESCONHECIDO,DESCONHECIDO,DESCONHECIDO,2023,0,0,0,0,0,0,0,0,0,0,0,0,0,0,0,0,0,1,1,1,1,1,1,1,1,1,2,3,1,1,1,1,1,2,5,3,4,2,1,5,2,2,2,3,1,0
RA-865,ALFA,ALFA A - G0/G1,Aluno-865,Pública,Topázio,8.1552,DESCONHECIDO,DESCONHECIDO,DESCONHECIDO,DESCONHECIDO,DESCONHECIDO,ALFA (1° e 2° ano),0,DESCONHECIDO,DESCONHECIDO,DESCONHECIDO,2023,0,0,0,0,0,0,0,0,0,0,0,0,0,0,0,0,0,1,1,1,1,1,1,1,1,1,1,3,1,1,1,1,2,3,5,4,4,4,1,4,2,2,3,4,1,0
RA-866,ALFA,ALFA A - G0/G1,Aluno-866,Pública,Ametista,7.679,DESCONHECIDO,DESCONHECIDO,DESCONHECIDO,DESCONHECIDO,DESCONHECIDO,ALFA (1° e 2° ano),0,DESCONHECIDO,DESCONHECIDO,DESCONHECIDO,2023,0,0,0,0,0,0,0,0,0,0,0,0,0,0,0,0,0,1,1,1,1,1,1,1,1,1,2,3,1,1,1,1,1,3,5,5,4,5,1,5,2,2,2,5,1,0
RA-867,ALFA,ALFA A - G0/G1,Aluno-867,Pública,Topázio,8.6992,DESCONHECIDO,DESCONHECIDO,DESCONHECIDO,DESCONHECIDO,DESCONHECIDO,ALFA (1° e 2° ano),0,DESCONHECIDO,DESCONHECIDO,DESCONHECIDO,2023,0,0,0,0,0,0,0,0,0,0,0,0,0,0,0,0,0,1,1,1,1,1,1,1,1,1,1,3,1,1,1,1,3,3,5,5,5,5,1,5,2,2,3,5,1,0
RA-868,ALFA,ALFA A - G0/G1,Aluno-868,Pública,Topázio,8.63895,DESCONHECIDO,DESCONHECIDO,DESCONHECIDO,DESCONHECIDO,DESCONHECIDO,ALFA (1° e 2° ano),0,DESCONHECIDO,DESCONHECIDO,DESCONHECIDO,2023,0,0,0,0,0,0,0,0,0,0,0,0,0,0,0,0,0,1,1,1,1,1,1,1,1,1,2,3,1,1,1,1,5,4,5,4,4,2,1,5,2,1,3,4,1,0
RA-869,ALFA,ALFA A - G0/G1,Aluno-869,Pública,Topázio,9.2587,DESCONHECIDO,DESCONHECIDO,DESCONHECIDO,DESCONHECIDO,DESCONHECIDO,ALFA (1° e 2° ano),0,DESCONHECIDO,DESCONHECIDO,DESCONHECIDO,2023,0,0,0,0,0,0,0,0,0,0,0,0,0,0,0,0,0,1,1,1,1,1,1,1,1,1,1,3,1,1,1,1,3,5,5,5,5,5,1,5,2,3,3,5,1,0
RA-870,ALFA,ALFA A - G0/G1,Aluno-870,Pública,Quartzo,4.909,DESCONHECIDO,DESCONHECIDO,DESCONHECIDO,DESCONHECIDO,DESCONHECIDO,Fase 1 (3° e 4° ano),-1,DESCONHECIDO,DESCONHECIDO,DESCONHECIDO,2023,0,0,0,0,0,0,0,0,0,0,0,0,0,0,0,0,0,1,1,1,1,1,1,1,1,0,1,3,1,1,1,1,1,3,5,1,1,1,1,1,1,1,1,1,1,1
RA-871,ALFA,ALFA B - G2/G3,Aluno-871,Pública,Agata,6.8617,DESCONHECIDO,DESCONHECIDO,DESCONHECIDO,DESCONHECIDO,DESCONHECIDO,Fase 1 (3° e 4° ano),-1,DESCONHECIDO,DESCONHECIDO,DESCONHECIDO,2023,0,0,0,0,0,0,0,0,0,0,0,0,0,0,0,0,0,1,1,1,1,1,1,1,1,0,1,3,1,1,1,1,3,4,1,3,3,3,1,2,1,1,1,3,1,1
RA-872,ALFA,ALFA B - G2/G3,Aluno-872,Pública,Quartzo,5.267,DESCONHECIDO,DESCONHECIDO,DESCONHECIDO,DESCONHECIDO,DESCONHECIDO,Fase 2 (5° e 6° ano),-2,DESCONHECIDO,DESCONHECIDO,DESCONHECIDO,2023,0,0,0,0,0,0,0,0,0,0,0,0,0,0,0,0,0,1,1,1,1,1,1,1,1,0,1,3,1,1,1,1,1,1,1,1,2,1,1,5,1,1,1,1,1,1
RA-873,ALFA,ALFA B - G2/G3,Aluno-873,Pública,Ametista,7.8012,DESCONHECIDO,DESCONHECIDO,DESCONHECIDO,DESCONHECIDO,DESCONHECIDO,Fase 2 (5° e 6° ano),-2,DESCONHECIDO,DESCONHECIDO,DESCONHECIDO,2023,0,0,0,0,0,0,0,0,0,0,0,0,0,0,0,0,0,1,1,1,1,1,1,1,1,1,2,3,1,1,1,1,2,5,5,3,4,3,1,5,1,1,2,3,1,1
RA-874,ALFA,ALFA B - G2/G3,Aluno-874,Pública,Quartzo,5.811,DESCONHECIDO,DESCONHECIDO,DESCONHECIDO,DESCONHECIDO,DESCONHECIDO,Fase 1 (3° e 4° ano),-1,DESCONHECIDO,DESCONHECIDO,DESCONHECIDO,2023,0,0,0,0,0,0,0,0,0,0,0,0,0,0,0,0,0,1,1,1,1,1,1,1,1,0,1,3,1,1,1,1,1,2,5,1,3,1,1,1,1,1,1,2,1,1
RA-875,ALFA,ALFA B - G2/G3,Aluno-875,Pública,Topázio,8.2712,DESCONHECIDO,DESCONHECIDO,DESCONHECIDO,DESCONHECIDO,DESCONHECIDO,Fase 1 (3° e 4° ano),-1,DESCONHECIDO,DESCONHECIDO,DESCONHECIDO,2023,0,0,0,0,0,0,0,0,0,0,0,0,0,0,0,0,0,1,1,1,1,1,1,1,1,1,1,3,1,1,1,1,4,4,5,4,4,4,1,5,1,2,3,4,1,1
RA-876,ALFA,ALFA B - G2/G3,Aluno-876,Pública,Topázio,8.6492,DESCONHECIDO,DESCONHECIDO,DESCONHECIDO,DESCONHECIDO,DESCONHECIDO,ALFA (1° e 2° ano),0,DESCONHECIDO,DESCONHECIDO,DESCONHECIDO,2023,0,0,0,0,0,0,0,0,0,0,0,0,0,0,0,0,0,1,1,1,1,1,1,1,1,1,2,3,1,1,1,1,5,4,5,4,4,4,1,5,2,2,3,4,1,0
RA-877,ALFA,ALFA B - G2/G3,Aluno-877,Pública,Ametista,7.4722,DESCONHECIDO,DESCONHECIDO,DESCONHECIDO,DESCONHECIDO,DESCONHECIDO,Fase 1 (3° e 4° ano),-1,DESCONHECIDO,DESCONHECIDO,DESCONHECIDO,2023,0,0,0,0,0,0,0,0,0,0,0,0,0,0,0,0,0,1,1,1,1,1,1,1,1,1,1,3,1,1,1,1,4,4,5,3,4,2,1,3,1,1,2,3,1,1
RA-878,ALFA,ALFA B - G2/G3,Aluno-878,Pública,Agata,6.24,DESCONHECIDO,DESCONHECIDO,DESCONHECIDO,DESCONHECIDO,DESCONHECIDO,Fase 2 (5° e 6° ano),-2,DESCONHECIDO,DESCONHECIDO,DESCONHECIDO,2023,0,0,0,0,0,0,0,0,0,0,0,0,0,0,0,0,0,1,1,1,1,1,1,1,1,0,1,3,1,1,1,1,1,4,1,5,4,4,1,2,1,1,1,4,1,1
RA-879,ALFA,ALFA B - G2/G3,Aluno-879,Pública,Agata,6.8225,DESCONHECIDO,DESCONHECIDO,DESCONHECIDO,DESCONHECIDO,DESCONHECIDO,Fase 1 (3° e 4° ano),-1,DESCONHECIDO,DESCONHECIDO,DESCONHECIDO,2023,0,0,0,0,0,0,0,0,0,0,0,0,0,0,0,0,0,1,1,1,1,1,1,1,1,0,2,3,1,1,1,1,1,5,1,5,4,4,1,5,1,1,1,4,1,1
RA-880,ALFA,ALFA B - G2/G3,Aluno-880,Pública,Agata,6.724,DESCONHECIDO,DESCONHECIDO,DESCONHECIDO,DESCONHECIDO,DESCONHECIDO,ALFA (1° e 2° ano),0,DESCONHECIDO,DESCONHECIDO,DESCONHECIDO,2023,0,0,0,0,0,0,0,0,0,0,0,0,0,0,0,0,0,1,1,1,1,1,1,1,1,0,1,3,1,1,1,1,1,4,1,3,3,2,1,5,2,1,1,3,1,0
RA-881,ALFA,ALFA B - G2/G3,Aluno-881,Pública,Ametista,7.7322,DESCONHECIDO,DESCONHECIDO,DESCONHECIDO,DESCONHECIDO,DESCONHECIDO,ALFA (1° e 2° ano),0,DESCONHECIDO,DESCONHECIDO,DESCONHECIDO,2023,0,0,0,0,0,0,0,0,0,0,0,0,0,0,0,0,0,1,1,1,1,1,1,1,1,1,1,3,1,1,1,1,5,3,5,4,4,3,1,1,2,1,2,4,1,0
RA-882,ALFA,ALFA C - G0/G1,Aluno-882,Pública,Agata,6.0092,DESCONHECIDO,DESCONHECIDO,DESCONHECIDO,DESCONHECIDO,DESCONHECIDO,ALFA (1° e 2° ano),0,DESCONHECIDO,DESCONHECIDO,DESCONHECIDO,2023,0,0,0,0,0,0,0,0,0,0,0,0,0,0,0,0,0,1,1,1,1,1,1,1,1,0,1,3,1,1,1,1,3,3,1,1,2,1,1,1,2,1,1,2,1,0
RA-883,ALFA,ALFA C - G0/G1,Aluno-883,Pública,Topázio,8.5082,DESCONHECIDO,DESCONHECIDO,DESCONHECIDO,DESCONHECIDO,DESCONHECIDO,ALFA (1° e 2° ano),0,DESCONHECIDO,DESCONHECIDO,DESCONHECIDO,2023,0,0,0,0,0,0,0,0,0,0,0,0,0,0,0,0,0,1,1,1,1,1,1,1,1,1,2,3,1,1,1,1,4,5,3,5,4,5,1,4,2,1,3,5,1,0
RA-884,ALFA,ALFA C - G0/G1,Aluno-884,Pública,Topázio,8.4587,DESCONHECIDO,DESCONHECIDO,DESCONHECIDO,DESCONHECIDO,DESCONHECIDO,ALFA (1° e 2° ano),0,DESCONHECIDO,DESCONHECIDO,DESCONHECIDO,2023,0,0,0,0,0,0,0,0,0,0,0,0,0,0,0,0,0,1,1,1,1,1,1,1,1,1,2,3,1,1,1,1,3,5,1,5,5,5,1,5,2,1,3,5,1,0
RA-885,ALFA,ALFA C - G0/G1,Aluno-885,Pública,Topázio,8.8252,DESCONHECIDO,DESCONHECIDO,DESCONHECIDO,DESCONHECIDO,DESCONHECIDO,ALFA (1° e 2° ano),0,DESCONHECIDO,DESCONHECIDO,DESCONHECIDO,2023,0,0,0,0,0,0,0,0,0,0,0,0,0,0,0,0,0,1,1,1,1,1,1,1,1,1,1,3,1,1,1,1,3,5,5,5,5,5,1,5,2,2,3,5,1,0
RA-886,ALFA,ALFA C - G0/G1,Aluno-886,Pública,Topázio,8.6422,DESCONHECIDO,DESCONHECIDO,DESCONHECIDO,DESCONHECIDO,DESCONHECIDO,ALFA (1° e 2° ano),0,DESCONHECIDO,DESCONHECIDO,DESCONHECIDO,2023,0,0,0,0,0,0,0,0,0,0,0,0,0,0,0,0,0,1,1,1,1,1,1,1,1,1,2,3,1,1,1,1,2,4,5,5,4,5,1,5,2,2,3,4,1,0
RA-887,ALFA,ALFA C - G0/G1,Aluno-887,Pública,Topázio,8.6718,DESCONHECIDO,DESCONHECIDO,DESCONHECIDO,DESCONHECIDO,DESCONHECIDO,ALFA (1° e 2° ano),0,DESCONHECIDO,DESCONHECIDO,DESCONHECIDO,2023,0,0,0,0,0,0,0,0,0,0,0,0,0,0,0,0,0,1,1,1,1,1,1,1,1,1,1,3,1,1,1,1,3,3,5,5,4,5,1,5,2,2,3,5,1,0
RA-888,ALFA,ALFA C - G0/G1,Aluno-888,Pública,Topázio,8.9182,DESCONHECIDO,DESCONHECIDO,DESCONHECIDO,DESCONHECIDO,DESCONHECIDO,ALFA (1° e 2° ano),0,DESCONHECIDO,DESCONHECIDO,DESCONHECIDO,2023,0,0,0,0,0,0,0,0,0,0,0,0,0,0,0,0,0,1,1,1,1,1,1,1,1,1,2,3,1,1,1,1,3,5,5,5,4,5,1,5,2,2,3,5,1,0
RA-889,ALFA,ALFA C - G0/G1,Aluno-889,Pública,Topázio,8.8092,DESCONHECIDO,DESCONHECIDO,DESCONHECIDO,DESCONHECIDO,DESCONHECIDO,ALFA (1° e 2° ano),0,DESCONHECIDO,DESCONHECIDO,DESCONHECIDO,2023,0,0,0,0,0,0,0,0,0,0,0,0,0,0,0,0,0,1,1,1,1,1,1,1,1,1,2,3,1,1,1,1,2,4,3,5,5,5,1,5,2,2,3,5,1,0
RA-890,ALFA,ALFA C - G0/G1,Aluno-890,Pública,Agata,6.989,DESCONHECIDO,DESCONHECIDO,DESCONHECIDO,DESCONHECIDO,DESCONHECIDO,ALFA (1° e 2° ano),0,DESCONHECIDO,DESCONHECIDO,DESCONHECIDO,2023,0,0,0,0,0,0,0,0,0,0,0,0,0,0,0,0,0,1,1,1,1,1,1,1,1,0,1,3,1,1,1,1,1,4,1,5,4,5,1,4,2,1,1,5,1,0
RA-891,ALFA,ALFA C - G0/G1,Aluno-891,Pública,Ametista,7.8882,DESCONHECIDO,DESCONHECIDO,DESCONHECIDO,DESCONHECIDO,DESCONHECIDO,Fase 1 (3° e 4° ano),-1,DESCONHECIDO,DESCONHECIDO,DESCONHECIDO,2023,0,0,0,0,0,0,0,0,0,0,0,0,0,0,0,0,0,1,1,1,1,1,1,1,1,1,2,3,1,1,1,1,4,4,3,4,3,5,1,4,1,2,2,4,1,1
RA-684,ALFA,ALFA D - G2/G3,Aluno-684,Privada,Ametista,7.4277,DESCONHECIDO,DESCONHECIDO,DESCONHECIDO,DESCONHECIDO,DESCONHECIDO,ALFA (1° e 2° ano),0,DESCONHECIDO,DESCONHECIDO,DESCONHECIDO,2023,0,0,0,0,0,0,0,0,0,0,0,0,0,0,0,0,0,1,1,1,1,1,1,1,1,1,1,2,1,1,1,1,3,2,5,3,5,1,1,1,2,1,2,3,1,0
RA-892,ALFA,ALFA D - G2/G3,Aluno-892,Pública,Topázio,8.8112,DESCONHECIDO,DESCONHECIDO,DESCONHECIDO,DESCONHECIDO,DESCONHECIDO,ALFA (1° e 2° ano),0,DESCONHECIDO,DESCONHECIDO,DESCONHECIDO,2023,0,0,0,0,0,0,0,0,0,0,0,0,0,0,0,0,0,1,1,1,1,1,1,1,1,1,1,3,1,1,1,1,2,5,3,5,5,4,1,5,2,2,3,4,1,0
RA-857,ALFA,ALFA D - G2/G3,Aluno-857,Pública,Topázio,8.1442,DESCONHECIDO,DESCONHECIDO,DESCONHECIDO,DESCONHECIDO,DESCONHECIDO,Fase 1 (3° e 4° ano),-1,DESCONHECIDO,DESCONHECIDO,DESCONHECIDO,2023,0,0,0,0,0,0,0,0,0,0,0,0,0,0,0,0,0,1,1,1,1,1,1,1,1,1,1,2,1,1,1,1,2,4,5,5,5,4,1,5,1,2,3,5,1,1
RA-893,ALFA,ALFA D - G2/G3,Aluno-893,Pública,Topázio,8.8042,DESCONHECIDO,DESCONHECIDO,DESCONHECIDO,DESCONHECIDO,DESCONHECIDO,Fase 1 (3° e 4° ano),-1,DESCONHECIDO,DESCONHECIDO,DESCONHECIDO,2023,0,0,0,0,0,0,0,0,0,0,0,0,0,0,0,0,0,1,1,1,1,1,1,1,1,1,2,3,1,1,1,1,4,5,5,5,5,5,1,5,1,2,3,5,1,1
RA-894,ALFA,ALFA D - G2/G3,Aluno-894,Pública,Topázio,8.8142,DESCONHECIDO,DESCONHECIDO,DESCONHECIDO,DESCONHECIDO,DESCONHECIDO,Fase 1 (3° e 4° ano),-1,DESCONHECIDO,DESCONHECIDO,DESCONHECIDO,2023,0,0,0,0,0,0,0,0,0,0,0,0,0,0,0,0,0,1,1,1,1,1,1,1,1,1,1,3,1,1,1,1,4,5,5,5,5,5,1,5,1,2,3,5,1,1
RA-690,ALFA,ALFA D - G2/G3,Aluno-690,Pública,Topázio,8.6112,DESCONHECIDO,DESCONHECIDO,DESCONHECIDO,DESCONHECIDO,DESCONHECIDO,Fase 2 (5° e 6° ano),-2,DESCONHECIDO,DESCONHECIDO,DESCONHECIDO,2023,0,0,0,0,0,0,0,0,0,0,0,0,0,0,0,0,0,1,1,1,1,1,1,1,1,1,2,2,1,1,1,1,3,5,3,5,5,5,1,5,1,2,3,5,1,1
RA-895,ALFA,ALFA D - G2/G3,Aluno-895,Pública,Topázio,8.5397,DESCONHECIDO,DESCONHECIDO,DESCONHECIDO,DESCONHECIDO,DESCONHECIDO,ALFA (1° e 2° ano),0,DESCONHECIDO,DESCONHECIDO,DESCONHECIDO,2023,0,0,0,0,0,0,0,0,0,0,0,0,0,0,0,0,0,1,1,1,1,1,1,1,1,1,1,3,1,1,1,1,4,4,5,3,3,3,1,5,2,1,3,3,1,0
RA-896,ALFA,ALFA D - G2/G3,Aluno-896,Pública,Topázio,9.0912,DESCONHECIDO,DESCONHECIDO,DESCONHECIDO,DESCONHECIDO,DESCONHECIDO,ALFA (1° e 2° ano),0,DESCONHECIDO,DESCONHECIDO,DESCONHECIDO,2023,0,0,0,0,0,0,0,0,0,0,0,0,0,0,0,0,0,1,1,1,1,1,1,1,1,1,1,3,1,1,1,1,4,5,3,5,5,4,1,5,2,2,3,5,1,0
RA-693,ALFA,ALFA D - G2/G3,Aluno-693,Pública,Topázio,9.0112,DESCONHECIDO,DESCONHECIDO,DESCONHECIDO,DESCONHECIDO,DESCONHECIDO,ALFA (1° e 2° ano),0,DESCONHECIDO,DESCONHECIDO,DESCONHECIDO,2023,0,0,0,0,0,0,0,0,0,0,0,0,0,0,0,0,0,1,1,1,1,1,1,1,1,1,2,2,1,1,1,1,5,4,3,5,4,5,1,5,2,2,3,5,1,0
RA-675,ALFA,ALFA D - G2/G3,Aluno-675,Pública,Topázio,8.3577,DESCONHECIDO,DESCONHECIDO,DESCONHECIDO,DESCONHECIDO,DESCONHECIDO,ALFA (1° e 2° ano),0,DESCONHECIDO,DESCONHECIDO,DESCONHECIDO,2023,0,0,0,0,0,0,0,0,0,0,0,0,0,0,0,0,0,1,1,1,1,1,1,1,1,1,2,2,1,1,1,1,5,2,5,5,5,4,1,4,2,1,3,4,1,0
RA-850,ALFA,ALFA D - G2/G3,Aluno-850,Pública,Agata,6.06525,DESCONHECIDO,DESCONHECIDO,DESCONHECIDO,DESCONHECIDO,DESCONHECIDO,Fase 1 (3° e 4° ano),-1,DESCONHECIDO,DESCONHECIDO,DESCONHECIDO,2023,0,0,0,0,0,0,0,0,0,0,0,0,0,0,0,0,0,1,1,1,1,1,1,1,1,0,1,2,1,1,1,1,1,2,2,4,3,4,1,1,1,1,1,4,1,1
RA-897,ALFA,ALFA D - G2/G3,Aluno-897,Pública,Quartzo,5.48225,DESCONHECIDO,DESCONHECIDO,DESCONHECIDO,DESCONHECIDO,DESCONHECIDO,Fase 1 (3° e 4° ano),-1,DESCONHECIDO,DESCONHECIDO,DESCONHECIDO,2023,0,0,0,0,0,0,0,0,0,0,0,0,0,0,0,0,0,1,1,1,1,1,1,1,1,0,2,3,1,1,1,1,1,2,5,3,4,2,1,1,1,1,1,3,1,1
RA-842,ALFA,ALFA E - G2/G3,Aluno-842,Pública,Ametista,7.2117,DESCONHECIDO,DESCONHECIDO,DESCONHECIDO,DESCONHECIDO,DESCONHECIDO,Fase 1 (3° e 4° ano),-1,DESCONHECIDO,DESCONHECIDO,DESCONHECIDO,2023,0,0,0,0,0,0,0,0,0,0,0,0,0,0,0,0,0,1,1,1,1,1,1,1,1,1,1,2,1,1,1,1,3,3,1,4,4,4,1,4,1,1,2,4,1,1
RA-898,ALFA,ALFA E - G2/G3,Aluno-898,Pública,Topázio,8.4217,DESCONHECIDO,DESCONHECIDO,DESCONHECIDO,DESCONHECIDO,DESCONHECIDO,Fase 1 (3° e 4° ano),-1,DESCONHECIDO,DESCONHECIDO,DESCONHECIDO,2023,0,0,0,0,0,0,0,0,0,0,0,0,0,0,0,0,0,1,1,1,1,1,1,1,1,1,2,3,1,1,1,1,3,5,1,5,5,5,1,5,1,3,3,5,1,1
RA-899,ALFA,ALFA E - G2/G3,Aluno-899,Pública,Topázio,8.8452,DESCONHECIDO,DESCONHECIDO,DESCONHECIDO,DESCONHECIDO,DESCONHECIDO,ALFA (1° e 2° ano),0,DESCONHECIDO,DESCONHECIDO,DESCONHECIDO,2023,0,0,0,0,0,0,0,0,0,0,0,0,0,0,0,0,0,1,1,1,1,1,1,1,1,1,1,3,1,1,1,1,5,5,1,5,5,5,1,5,2,2,3,5,1,0
RA-900,ALFA,ALFA E - G2/G3,Aluno-900,Pública,Topázio,8.8947,DESCONHECIDO,DESCONHECIDO,DESCONHECIDO,DESCONHECIDO,DESCONHECIDO,ALFA (1° e 2° ano),0,DESCONHECIDO,DESCONHECIDO,DESCONHECIDO,2023,0,0,0,0,0,0,0,0,0,0,0,0,0,0,0,0,0,1,1,1,1,1,1,1,1,1,1,3,1,1,1,1,3,5,5,4,4,4,1,5,2,3,3,4,1,0
RA-846,ALFA,ALFA E - G2/G3,Aluno-846,Pública,Ametista,7.4637,DESCONHECIDO,DESCONHECIDO,DESCONHECIDO,DESCONHECIDO,DESCONHECIDO,ALFA (1° e 2° ano),0,DESCONHECIDO,DESCONHECIDO,DESCONHECIDO,2023,0,0,0,0,0,0,0,0,0,0,0,0,0,0,0,0,0,1,1,1,1,1,1,1,1,1,1,2,1,1,1,1,4,2,1,2,3,2,1,5,2,1,2,2,1,0
RA-901,ALFA,ALFA E - G2/G3,Aluno-901,Pública,Ametista,7.3112,DESCONHECIDO,DESCONHECIDO,DESCONHECIDO,DESCONHECIDO,DESCONHECIDO,Fase 2 (5° e 6° ano),-2,DESCONHECIDO,DESCONHECIDO,DESCONHECIDO,2023,0,0,0,0,0,0,0,0,0,0,0,0,0,0,0,0,0,1,1,1,1,1,1,1,1,1,1,3,1,1,1,1,2,3,1,4,4,4,1,5,1,1,2,4,1,1
RA-743,ALFA,ALFA E - G2/G3,Aluno-743,Pública,Agata,6.659,DESCONHECIDO,DESCONHECIDO,DESCONHECIDO,DESCONHECIDO,DESCONHECIDO,Fase 2 (5° e 6° ano),-2,DESCONHECIDO,DESCONHECIDO,DESCONHECIDO,2023,0,0,0,0,0,0,0,0,0,0,0,0,0,0,0,0,0,1,1,1,1,1,1,1,1,0,1,2,1,1,1,1,1,4,1,4,4,3,1,5,1,2,1,4,1,1
RA-681,ALFA,ALFA E - G2/G3,Aluno-681,Pública,Agata,6.2955,DESCONHECIDO,DESCONHECIDO,DESCONHECIDO,DESCONHECIDO,DESCONHECIDO,Fase 2 (5° e 6° ano),-2,DESCONHECIDO,DESCONHECIDO,DESCONHECIDO,2023,0,0,0,0,0,0,0,0,0,0,0,0,0,0,0,0,0,1,1,1,1,1,1,1,1,0,1,2,1,1,1,1,1,2,1,5,5,4,1,4,1,1,1,5,1,1
RA-902,ALFA,ALFA E - G2/G3,Aluno-902,Pública,Quartzo,5.97345,DESCONHECIDO,DESCONHECIDO,DESCONHECIDO,DESCONHECIDO,DESCONHECIDO,Fase 3 (7° e 8° ano),-3,DESCONHECIDO,DESCONHECIDO,DESCONHECIDO,2023,0,0,0,0,0,0,0,0,0,0,0,0,0,0,0,0,0,1,1,1,1,1,1,1,1,0,2,3,1,1,1,1,5,4,1,1,1,1,1,1,1,1,1,1,1,1
RA-903,ALFA,ALFA E - G2/G3,Aluno-903,Pública,Topázio,8.5242,DESCONHECIDO,DESCONHECIDO,DESCONHECIDO,DESCONHECIDO,DESCONHECIDO,ALFA (1° e 2° ano),0,DESCONHECIDO,DESCONHECIDO,DESCONHECIDO,2023,0,0,0,0,0,0,0,0,0,0,0,0,0,0,0,0,0,1,1,1,1,1,1,1,1,1,2,3,1,1,1,1,5,5,2,4,4,4,1,5,2,2,3,4,1,0
RA-851,ALFA,ALFA E - G2/G3,Aluno-851,Pública,Agata,6.1683,DESCONHECIDO,DESCONHECIDO,DESCONHECIDO,DESCONHECIDO,DESCONHECIDO,Fase 1 (3° e 4° ano),-1,DESCONHECIDO,DESCONHECIDO,DESCONHECIDO,2023,0,0,0,0,0,0,0,0,0,0,0,0,0,0,0,0,0,1,1,1,1,1,1,1,1,0,2,2,1,1,1,1,2,2,1,3,3,2,1,1,1,1,1,3,1,1
RA-847,ALFA,ALFA E - G2/G3,Aluno-847,Pública,Agata,6.5418,DESCONHECIDO,DESCONHECIDO,DESCONHECIDO,DESCONHECIDO,DESCONHECIDO,Fase 2 (5° e 6° ano),-2,DESCONHECIDO,DESCONHECIDO,DESCONHECIDO,2023,0,0,0,0,0,0,0,0,0,0,0,0,0,0,0,0,0,1,1,1,1,1,1,1,1,0,1,2,1,1,1,1,2,4,1,4,4,4,1,1,1,1,1,4,1,1
RA-904,ALFA,ALFA F - G0/G1,Aluno-904,Pública,Topázio,8.140783333,DESCONHECIDO,DESCONHECIDO,DESCONHECIDO,DESCONHECIDO,DESCONHECIDO,ALFA (1° e 2° ano),0,DESCONHECIDO,DESCONHECIDO,DESCONHECIDO,2023,0,0,0,0,0,0,0,0,0,0,0,0,0,0,0,0,0,1,1,1,1,1,1,1,1,1,2,3,1,1,1,1,3,4,5,3,2,3,1,4,2,3,3,3,1,0
RA-858,ALFA,ALFA F - G0/G1,Aluno-858,Pública,Ametista,7.248833333,DESCONHECIDO,DESCONHECIDO,DESCONHECIDO,DESCONHECIDO,DESCONHECIDO,ALFA (1° e 2° ano),0,DESCONHECIDO,DESCONHECIDO,DESCONHECIDO,2023,0,0,0,0,0,0,0,0,0,0,0,0,0,0,0,0,0,1,1,1,1,1,1,1,1,1,2,2,1,1,1,1,1,2,1,5,5,5,1,4,2,3,2,5,1,0
RA-905,ALFA,ALFA F - G0/G1,Aluno-905,Pública,Ametista,7.831033333,DESCONHECIDO,DESCONHECIDO,DESCONHECIDO,DESCONHECIDO,DESCONHECIDO,Fase 1 (3° e 4° ano),-1,DESCONHECIDO,DESCONHECIDO,DESCONHECIDO,2023,0,0,0,0,0,0,0,0,0,0,0,0,0,0,0,0,0,1,1,1,1,1,1,1,1,1,1,3,1,1,1,1,4,4,5,5,4,5,1,2,1,1,2,4,1,1
RA-702,ALFA,ALFA F - G0/G1,Aluno-702,Pública,Topázio,8.239866667,DESCONHECIDO,DESCONHECIDO,DESCONHECIDO,DESCONHECIDO,DESCONHECIDO,Fase 1 (3° e 4° ano),-1,DESCONHECIDO,DESCONHECIDO,DESCONHECIDO,2023,0,0,0,0,0,0,0,0,0,0,0,0,0,0,0,0,0,1,1,1,1,1,1,1,1,1,2,2,1,1,1,1,5,5,2,5,5,5,1,4,1,2,3,5,1,1
RA-725,ALFA,ALFA F - G0/G1,Aluno-725,Pública,Topázio,8.117366667,DESCONHECIDO,DESCONHECIDO,DESCONHECIDO,DESCONHECIDO,DESCONHECIDO,Fase 1 (3° e 4° ano),-1,DESCONHECIDO,DESCONHECIDO,DESCONHECIDO,2023,0,0,0,0,0,0,0,0,0,0,0,0,0,0,0,0,0,1,1,1,1,1,1,1,1,1,1,2,1,1,1,1,4,4,5,5,4,5,1,4,1,3,3,5,1,1
RA-906,ALFA,ALFA F - G0/G1,Aluno-906,Pública,Topázio,8.1922,DESCONHECIDO,DESCONHECIDO,DESCONHECIDO,DESCONHECIDO,DESCONHECIDO,ALFA (1° e 2° ano),0,DESCONHECIDO,DESCONHECIDO,DESCONHECIDO,2023,0,0,0,0,0,0,0,0,0,0,0,0,0,0,0,0,0,1,1,1,1,1,1,1,1,1,2,3,1,1,1,1,1,4,5,5,4,5,1,2,2,2,3,5,1,0
RA-907,ALFA,ALFA F - G0/G1,Aluno-907,Privada,Topázio,8.962033333,DESCONHECIDO,DESCONHECIDO,DESCONHECIDO,DESCONHECIDO,DESCONHECIDO,ALFA (1° e 2° ano),0,DESCONHECIDO,DESCONHECIDO,DESCONHECIDO,2023,0,0,0,0,0,0,0,0,0,0,0,0,0,0,0,0,0,1,1,1,1,1,1,1,1,1,1,3,1,1,1,1,4,5,5,5,5,5,1,4,2,3,3,5,1,0
RA-908,ALFA,ALFA F - G0/G1,Aluno-908,Pública,Topázio,8.479366667,DESCONHECIDO,DESCONHECIDO,DESCONHECIDO,DESCONHECIDO,DESCONHECIDO,ALFA (1° e 2° ano),0,DESCONHECIDO,DESCONHECIDO,DESCONHECIDO,2023,0,0,0,0,0,0,0,0,0,0,0,0,0,0,0,0,0,1,1,1,1,1,1,1,1,1,2,3,1,1,1,1,3,4,5,4,3,5,1,4,2,3,3,4,1,0
RA-909,ALFA,ALFA F - G0/G1,Aluno-909,Pública,Topázio,8.486033333,DESCONHECIDO,DESCONHECIDO,DESCONHECIDO,DESCONHECIDO,DESCONHECIDO,Fase 2 (5° e 6° ano),-2,DESCONHECIDO,DESCONHECIDO,DESCONHECIDO,2023,0,0,0,0,0,0,0,0,0,0,0,0,0,0,0,0,0,1,1,1,1,1,1,1,1,1,1,3,1,1,1,1,5,5,5,5,5,5,1,4,1,3,3,5,1,1
RA-708,ALFA,ALFA F - G0/G1,Aluno-708,Pública,Ametista,7.5105,DESCONHECIDO,DESCONHECIDO,DESCONHECIDO,DESCONHECIDO,DESCONHECIDO,Fase 1 (3° e 4° ano),-1,DESCONHECIDO,DESCONHECIDO,DESCONHECIDO,2023,0,0,0,0,0,0,0,0,0,0,0,0,0,0,0,0,0,1,1,1,1,1,1,1,1,1,1,2,1,1,1,1,1,5,5,5,5,5,1,4,1,3,2,5,1,1
RA-910,ALFA,ALFA F - G0/G1,Aluno-910,Pública,Ametista,7.801,DESCONHECIDO,DESCONHECIDO,DESCONHECIDO,DESCONHECIDO,DESCONHECIDO,ALFA (1° e 2° ano),0,DESCONHECIDO,DESCONHECIDO,DESCONHECIDO,2023,0,0,0,0,0,0,0,0,0,0,0,0,0,0,0,0,0,1,1,1,1,1,1,1,1,1,1,3,1,1,1,1,1,3,5,5,5,5,1,4,2,4,2,5,1,0
RA-671,ALFA,ALFA G - G2/G3,Aluno-671,Pública,Agata,6.5143,DESCONHECIDO,DESCONHECIDO,DESCONHECIDO,DESCONHECIDO,DESCONHECIDO,Fase 2 (5° e 6° ano),-2,DESCONHECIDO,DESCONHECIDO,DESCONHECIDO,2023,0,0,0,0,0,0,0,0,0,0,0,0,0,0,0,0,0,1,1,1,1,1,1,1,1,0,2,1,1,1,1,1,2,3,1,4,4,4,1,1,1,1,1,4,2,1
RA-836,ALFA,ALFA G - G2/G3,Aluno-836,Pública,Ametista,7.6417,DESCONHECIDO,DESCONHECIDO,DESCONHECIDO,DESCONHECIDO,DESCONHECIDO,Fase 2 (5° e 6° ano),-2,DESCONHECIDO,DESCONHECIDO,DESCONHECIDO,2023,0,0,0,0,0,0,0,0,0,0,0,0,0,0,0,0,0,1,1,1,1,1,1,1,1,1,2,2,1,1,1,1,4,5,2,3,3,3,1,4,1,1,2,3,1,1
RA-911,ALFA,ALFA G - G2/G3,Aluno-911,Pública,Quartzo,5.59545,DESCONHECIDO,DESCONHECIDO,DESCONHECIDO,DESCONHECIDO,DESCONHECIDO,Fase 2 (5° e 6° ano),-2,DESCONHECIDO,DESCONHECIDO,DESCONHECIDO,2023,0,0,0,0,0,0,0,0,0,0,0,0,0,0,0,0,0,1,1,1,1,1,1,1,1,0,2,3,1,1,1,1,3,1,1,1,1,1,1,2,1,1,1,1,1,1
RA-860,ALFA,ALFA G - G2/G3,Aluno-860,Pública,Topázio,8.2372,DESCONHECIDO,DESCONHECIDO,DESCONHECIDO,DESCONHECIDO,DESCONHECIDO,ALFA (1° e 2° ano),0,DESCONHECIDO,DESCONHECIDO,DESCONHECIDO,2023,0,0,0,0,0,0,0,0,0,0,0,0,0,0,0,0,0,1,1,1,1,1,1,1,1,1,2,2,1,1,1,1,1,5,3,4,4,4,1,4,2,2,3,4,1,0
RA-727,ALFA,ALFA G - G2/G3,Aluno-727,Pública,Ametista,7.6802,DESCONHECIDO,DESCONHECIDO,DESCONHECIDO,DESCONHECIDO,DESCONHECIDO,Fase 1 (3° e 4° ano),-1,DESCONHECIDO,DESCONHECIDO,DESCONHECIDO,2023,0,0,0,0,0,0,0,0,0,0,0,0,0,0,0,0,0,1,1,1,1,1,1,1,1,1,2,2,1,1,1,1,4,3,1,4,5,4,1,5,1,2,2,4,1,1
RA-739,ALFA,ALFA G - G2/G3,Aluno-739,Pública,Ametista,7.5972,DESCONHECIDO,DESCONHECIDO,DESCONHECIDO,DESCONHECIDO,DESCONHECIDO,Fase 1 (3° e 4° ano),-1,DESCONHECIDO,DESCONHECIDO,DESCONHECIDO,2023,0,0,0,0,0,0,0,0,0,0,0,0,0,0,0,0,0,1,1,1,1,1,1,1,1,1,1,2,1,1,1,1,3,3,5,4,4,4,1,4,1,1,2,4,1,1
RA-740,ALFA,ALFA G - G2/G3,Aluno-740,Privada,Ametista,7.2845,DESCONHECIDO,DESCONHECIDO,DESCONHECIDO,DESCONHECIDO,DESCONHECIDO,Fase 2 (5° e 6° ano),-2,DESCONHECIDO,DESCONHECIDO,DESCONHECIDO,2023,0,0,0,0,0,0,0,0,0,0,0,0,0,0,0,0,0,1,1,1,1,1,1,1,1,1,1,2,1,1,1,1,1,3,5,5,5,5,1,5,1,1,2,5,1,1
RA-912,ALFA,ALFA G - G2/G3,Aluno-912,Pública,Ametista,7.0797,DESCONHECIDO,DESCONHECIDO,DESCONHECIDO,DESCONHECIDO,DESCONHECIDO,Fase 1 (3° e 4° ano),-1,DESCONHECIDO,DESCONHECIDO,DESCONHECIDO,2023,0,0,0,0,0,0,0,0,0,0,0,0,0,0,0,0,0,1,1,1,1,1,1,1,1,1,1,3,1,1,1,1,1,4,5,3,3,2,1,2,1,1,2,3,1,1
RA-706,ALFA,ALFA G - G2/G3,Aluno-706,Pública,Ametista,7.1527,DESCONHECIDO,DESCONHECIDO,DESCONHECIDO,DESCONHECIDO,DESCONHECIDO,Fase 2 (5° e 6° ano),-2,DESCONHECIDO,DESCONHECIDO,DESCONHECIDO,2023,0,0,0,0,0,0,0,0,0,0,0,0,0,0,0,0,0,1,1,1,1,1,1,1,1,1,2,1,1,1,1,1,3,2,1,4,3,4,1,4,1,1,2,4,2,1
RA-840,ALFA,ALFA G - G2/G3,Aluno-840,Pública,Ametista,7.7862,DESCONHECIDO,DESCONHECIDO,DESCONHECIDO,DESCONHECIDO,DESCONHECIDO,Fase 1 (3° e 4° ano),-1,DESCONHECIDO,DESCONHECIDO,DESCONHECIDO,2023,0,0,0,0,0,0,0,0,0,0,0,0,0,0,0,0,0,1,1,1,1,1,1,1,1,1,2,2,1,1,1,1,4,4,1,5,5,4,1,5,1,2,2,4,1,1
RA-841,ALFA,ALFA G - G2/G3,Aluno-841,Pública,Agata,6.78,DESCONHECIDO,DESCONHECIDO,DESCONHECIDO,DESCONHECIDO,DESCONHECIDO,Fase 2 (5° e 6° ano),-2,DESCONHECIDO,DESCONHECIDO,DESCONHECIDO,2023,0,0,0,0,0,0,0,0,0,0,0,0,0,0,0,0,0,1,1,1,1,1,1,1,1,0,2,2,1,1,1,1,1,2,5,3,3,3,1,5,1,2,1,3,1,1
RA-709,ALFA,ALFA G - G2/G3,Aluno-709,Pública,Agata,6.6927,DESCONHECIDO,DESCONHECIDO,DESCONHECIDO,DESCONHECIDO,DESCONHECIDO,Fase 2 (5° e 6° ano),-2,DESCONHECIDO,DESCONHECIDO,DESCONHECIDO,2023,0,0,0,0,0,0,0,0,0,0,0,0,0,0,0,0,0,1,1,1,1,1,1,1,1,0,2,2,1,1,1,1,5,2,5,2,2,1,1,1,1,1,1,2,1,1
RA-913,ALFA,ALFA H - G0/G1,Aluno-913,Pública,Ametista,7.7432,DESCONHECIDO,DESCONHECIDO,DESCONHECIDO,DESCONHECIDO,DESCONHECIDO,Fase 2 (5° e 6° ano),-2,DESCONHECIDO,DESCONHECIDO,DESCONHECIDO,2023,0,0,0,0,0,0,0,0,0,0,0,0,0,0,0,0,0,1,1,1,1,1,1,1,1,1,2,3,1,1,1,1,2,3,3,4,5,2,1,5,1,1,2,4,1,1
RA-726,ALFA,ALFA H - G0/G1,Aluno-726,Pública,Ametista,7.3687,DESCONHECIDO,DESCONHECIDO,DESCONHECIDO,DESCONHECIDO,DESCONHECIDO,ALFA (1° e 2° ano),0,DESCONHECIDO,DESCONHECIDO,DESCONHECIDO,2023,0,0,0,0,0,0,0,0,0,0,0,0,0,0,0,0,0,1,1,1,1,1,1,1,1,1,1,2,1,1,1,1,5,1,5,2,3,2,1,4,2,1,2,2,1,0
RA-914,ALFA,ALFA H - G0/G1,Aluno-914,Pública,Topázio,8.6912,DESCONHECIDO,DESCONHECIDO,DESCONHECIDO,DESCONHECIDO,DESCONHECIDO,ALFA (1° e 2° ano),0,DESCONHECIDO,DESCONHECIDO,DESCONHECIDO,2023,0,0,0,0,0,0,0,0,0,0,0,0,0,0,0,0,0,1,1,1,1,1,1,1,1,1,1,3,1,1,1,1,5,4,5,5,5,5,1,5,2,1,3,5,1,0
RA-915,ALFA,ALFA H - G0/G1,Aluno-915,Pública,Topázio,8.5962,DESCONHECIDO,DESCONHECIDO,DESCONHECIDO,DESCONHECIDO,DESCONHECIDO,ALFA (1° e 2° ano),0,DESCONHECIDO,DESCONHECIDO,DESCONHECIDO,2023,0,0,0,0,0,0,0,0,0,0,0,0,0,0,0,0,0,1,1,1,1,1,1,1,1,1,2,3,1,1,1,1,5,3,5,5,4,5,1,5,2,2,3,5,1,0
RA-916,ALFA,ALFA H - G0/G1,Aluno-916,Pública,Ametista,7.3882,DESCONHECIDO,DESCONHECIDO,DESCONHECIDO,DESCONHECIDO,DESCONHECIDO,Fase 1 (3° e 4° ano),-1,DESCONHECIDO,DESCONHECIDO,DESCONHECIDO,2023,0,0,0,0,0,0,0,0,0,0,0,0,0,0,0,0,0,1,1,1,1,1,1,1,1,1,1,3,1,1,1,1,4,5,1,3,4,2,1,5,1,1,2,3,1,1
RA-917,ALFA,ALFA H - G0/G1,Aluno-917,Pública,Quartzo,5.987,DESCONHECIDO,DESCONHECIDO,DESCONHECIDO,DESCONHECIDO,DESCONHECIDO,ALFA (1° e 2° ano),0,DESCONHECIDO,DESCONHECIDO,DESCONHECIDO,2023,0,0,0,0,0,0,0,0,0,0,0,0,0,0,0,0,0,1,1,1,1,1,1,1,1,0,1,3,1,1,1,1,1,2,1,3,2,5,1,1,2,1,1,3,1,0
RA-918,ALFA,ALFA H - G0/G1,Aluno-918,Pública,Ametista,7.4967,DESCONHECIDO,DESCONHECIDO,DESCONHECIDO,DESCONHECIDO,DESCONHECIDO,ALFA (1° e 2° ano),0,DESCONHECIDO,DESCONHECIDO,DESCONHECIDO,2023,0,0,0,0,0,0,0,0,0,0,0,0,0,0,0,0,0,1,1,1,1,1,1,1,1,1,1,3,1,1,1,1,5,3,1,4,4,5,1,2,2,1,2,4,1,0
RA-919,ALFA,ALFA H - G0/G1,Aluno-919,Pública,Agata,6.225,DESCONHECIDO,DESCONHECIDO,DESCONHECIDO,DESCONHECIDO,DESCONHECIDO,Fase 1 (3° e 4° ano),-1,DESCONHECIDO,DESCONHECIDO,DESCONHECIDO,2023,0,0,0,0,0,0,0,0,0,0,0,0,0,0,0,0,0,1,1,1,1,1,1,1,1,0,1,3,1,1,1,1,1,3,5,2,2,1,1,4,1,1,1,2,1,1
RA-920,ALFA,ALFA H - G0/G1,Aluno-920,Pública,Agata,6.9647,DESCONHECIDO,DESCONHECIDO,DESCONHECIDO,DESCONHECIDO,DESCONHECIDO,ALFA (1° e 2° ano),0,DESCONHECIDO,DESCONHECIDO,DESCONHECIDO,2023,0,0,0,0,0,0,0,0,0,0,0,0,0,0,0,0,0,1,1,1,1,1,1,1,1,0,1,3,1,1,1,1,3,1,5,2,2,2,1,1,2,1,1,2,1,0
RA-921,ALFA,ALFA I - G2/G3,Aluno-921,Pública,Ametista,7.7407,DESCONHECIDO,DESCONHECIDO,DESCONHECIDO,DESCONHECIDO,DESCONHECIDO,ALFA (1° e 2° ano),0,DESCONHECIDO,DESCONHECIDO,DESCONHECIDO,2023,0,0,0,0,0,0,0,0,0,0,0,0,0,0,0,0,0,1,1,1,1,1,1,1,1,1,1,3,1,1,1,1,3,5,5,3,3,2,1,1,2,1,2,3,1,0
RA-922,ALFA,ALFA I - G2/G3,Aluno-922,Pública,Topázio,8.5262,DESCONHECIDO,DESCONHECIDO,DESCONHECIDO,DESCONHECIDO,DESCONHECIDO,ALFA (1° e 2° ano),0,DESCONHECIDO,DESCONHECIDO,DESCONHECIDO,2023,0,0,0,0,0,0,0,0,0,0,0,0,0,0,0,0,0,1,1,1,1,1,1,1,1,1,2,3,1,1,1,1,2,5,1,5,5,4,1,5,2,2,3,5,1,0
RA-715,ALFA,ALFA I - G2/G3,Aluno-715,Pública,Quartzo,5.8915,DESCONHECIDO,DESCONHECIDO,DESCONHECIDO,DESCONHECIDO,DESCONHECIDO,Fase 2 (5° e 6° ano),-2,DESCONHECIDO,DESCONHECIDO,DESCONHECIDO,2023,0,0,0,0,0,0,0,0,0,0,0,0,0,0,0,0,0,1,1,1,1,1,1,1,1,0,2,2,1,1,1,1,1,4,1,2,1,2,1,3,1,1,1,2,1,1
RA-822,ALFA,ALFA I - G2/G3,Aluno-822,Pública,Agata,6.4497,DESCONHECIDO,DESCONHECIDO,DESCONHECIDO,DESCONHECIDO,DESCONHECIDO,Fase 2 (5° e 6° ano),-2,DESCONHECIDO,DESCONHECIDO,DESCONHECIDO,2023,0,0,0,0,0,0,0,0,0,0,0,0,0,0,0,0,0,1,1,1,1,1,1,1,1,0,2,2,1,1,1,1,2,3,1,4,4,2,1,1,1,1,1,4,1,1
RA-923,ALFA,ALFA I - G2/G3,Aluno-923,Pública,Topázio,8.8842,DESCONHECIDO,DESCONHECIDO,DESCONHECIDO,DESCONHECIDO,DESCONHECIDO,ALFA (1° e 2° ano),0,DESCONHECIDO,DESCONHECIDO,DESCONHECIDO,2023,0,0,0,0,0,0,0,0,0,0,0,0,0,0,0,0,0,1,1,1,1,1,1,1,1,1,2,3,1,1,1,1,4,5,5,4,4,3,1,5,2,2,3,4,1,0
RA-742,ALFA,ALFA I - G2/G3,Aluno-742,Pública,Ametista,7.024,DESCONHECIDO,DESCONHECIDO,DESCONHECIDO,DESCONHECIDO,DESCONHECIDO,Fase 2 (5° e 6° ano),-2,DESCONHECIDO,DESCONHECIDO,DESCONHECIDO,2023,0,0,0,0,0,0,0,0,0,0,0,0,0,0,0,0,0,1,1,1,1,1,1,1,1,1,1,2,1,1,1,1,1,2,5,4,3,5,1,5,1,2,2,4,1,1
RA-924,ALFA,ALFA I - G2/G3,Aluno-924,Pública,Agata,6.5207,DESCONHECIDO,DESCONHECIDO,DESCONHECIDO,DESCONHECIDO,DESCONHECIDO,ALFA (1° e 2° ano),0,DESCONHECIDO,DESCONHECIDO,DESCONHECIDO,2023,0,0,0,0,0,0,0,0,0,0,0,0,0,0,0,0,0,1,1,1,1,1,1,1,1,0,2,3,1,1,1,1,3,1,5,2,2,1,1,1,2,1,1,2,1,0
RA-925,ALFA,ALFA I - G2/G3,Aluno-925,Pública,Ametista,7.1837,DESCONHECIDO,DESCONHECIDO,DESCONHECIDO,DESCONHECIDO,DESCONHECIDO,ALFA (1° e 2° ano),0,DESCONHECIDO,DESCONHECIDO,DESCONHECIDO,2023,0,0,0,0,0,0,0,0,0,0,0,0,0,0,0,0,0,1,1,1,1,1,1,1,1,1,2,3,1,1,1,1,3,3,5,2,2,2,1,1,2,1,2,2,1,0
RA-853,ALFA,ALFA J - G2/G3,Aluno-853,Pública,Ametista,7.8402,DESCONHECIDO,DESCONHECIDO,DESCONHECIDO,DESCONHECIDO,DESCONHECIDO,Fase 1 (3° e 4° ano),-1,DESCONHECIDO,DESCONHECIDO,DESCONHECIDO,2023,0,0,0,0,0,0,0,0,0,0,0,0,0,0,0,0,0,1,1,1,1,1,1,1,1,1,1,2,1,1,1,1,5,4,1,4,4,4,1,5,1,1,2,4,1,1
RA-854,ALFA,ALFA J - G2/G3,Aluno-854,Pública,Agata,6.6415,DESCONHECIDO,DESCONHECIDO,DESCONHECIDO,DESCONHECIDO,DESCONHECIDO,ALFA (1° e 2° ano),0,DESCONHECIDO,DESCONHECIDO,DESCONHECIDO,2023,0,0,0,0,0,0,0,0,0,0,0,0,0,0,0,0,0,1,1,1,1,1,1,1,1,0,2,2,1,1,1,1,1,4,1,2,4,1,1,4,2,1,1,2,1,0
RA-700,ALFA,ALFA J - G2/G3,Aluno-700,Pública,Topázio,8.2852,DESCONHECIDO,DESCONHECIDO,DESCONHECIDO,DESCONHECIDO,DESCONHECIDO,Fase 1 (3° e 4° ano),-1,DESCONHECIDO,DESCONHECIDO,DESCONHECIDO,2023,0,0,0,0,0,0,0,0,0,0,0,0,0,0,0,0,0,1,1,1,1,1,1,1,1,1,1,2,1,1,1,1,4,5,5,4,4,4,1,5,1,1,3,4,1,1
RA-701,ALFA,ALFA J - G2/G3,Aluno-701,Pública,Ametista,7.3982,DESCONHECIDO,DESCONHECIDO,DESCONHECIDO,DESCONHECIDO,DESCONHECIDO,Fase 2 (5° e 6° ano),-2,DESCONHECIDO,DESCONHECIDO,DESCONHECIDO,2023,0,0,0,0,0,0,0,0,0,0,0,0,0,0,0,0,0,1,1,1,1,1,1,1,1,1,2,1,1,1,1,1,4,5,1,4,4,3,1,3,1,1,2,4,2,1
RA-856,ALFA,ALFA J - G2/G3,Aluno-856,Pública,Ametista,7.3355,DESCONHECIDO,DESCONHECIDO,DESCONHECIDO,DESCONHECIDO,DESCONHECIDO,ALFA (1° e 2° ano),0,DESCONHECIDO,DESCONHECIDO,DESCONHECIDO,2023,0,0,0,0,0,0,0,0,0,0,0,0,0,0,0,0,0,1,1,1,1,1,1,1,1,1,2,2,1,1,1,1,1,5,5,4,4,3,1,4,2,1,2,4,1,0
RA-672,ALFA,ALFA J - G2/G3,Aluno-672,Pública,Agata,6.5623,DESCONHECIDO,DESCONHECIDO,DESCONHECIDO,DESCONHECIDO,DESCONHECIDO,Fase 2 (5° e 6° ano),-2,DESCONHECIDO,DESCONHECIDO,DESCONHECIDO,2023,0,0,0,0,0,0,0,0,0,0,0,0,0,0,0,0,0,1,1,1,1,1,1,1,1,0,1,1,1,1,1,1,2,4,1,3,2,3,1,1,1,1,1,3,2,1
RA-859,ALFA,ALFA J - G2/G3,Aluno-859,Pública,Topázio,8.6042,DESCONHECIDO,DESCONHECIDO,DESCONHECIDO,DESCONHECIDO,DESCONHECIDO,ALFA (1° e 2° ano),0,DESCONHECIDO,DESCONHECIDO,DESCONHECIDO,2023,0,0,0,0,0,0,0,0,0,0,0,0,0,0,0,0,0,1,1,1,1,1,1,1,1,1,1,2,1,1,1,1,2,4,5,4,3,4,1,5,2,2,3,4,1,0
RA-704,ALFA,ALFA J - G2/G3,Aluno-704,Pública,Agata,6.8297,DESCONHECIDO,DESCONHECIDO,DESCONHECIDO,DESCONHECIDO,DESCONHECIDO,Fase 2 (5° e 6° ano),-2,DESCONHECIDO,DESCONHECIDO,DESCONHECIDO,2023,0,0,0,0,0,0,0,0,0,0,0,0,0,0,0,0,0,1,1,1,1,1,1,1,1,0,2,2,1,1,1,1,5,5,1,2,3,2,1,1,1,1,1,2,1,1
RA-741,ALFA,ALFA J - G2/G3,Aluno-741,Pública,Agata,6.2707,DESCONHECIDO,DESCONHECIDO,DESCONHECIDO,DESCONHECIDO,DESCONHECIDO,Fase 2 (5° e 6° ano),-2,DESCONHECIDO,DESCONHECIDO,DESCONHECIDO,2023,0,0,0,0,0,0,0,0,0,0,0,0,0,0,0,0,0,1,1,1,1,1,1,1,1,0,2,2,1,1,1,1,4,1,1,2,1,2,1,2,1,1,1,2,1,1
RA-719,ALFA,ALFA J - G2/G3,Aluno-719,Pública,Agata,6.4137,DESCONHECIDO,DESCONHECIDO,DESCONHECIDO,DESCONHECIDO,DESCONHECIDO,Fase 2 (5° e 6° ano),-2,DESCONHECIDO,DESCONHECIDO,DESCONHECIDO,2023,0,0,0,0,0,0,0,0,0,0,0,0,0,0,0,0,0,1,1,1,1,1,1,1,1,0,2,1,1,1,1,1,4,1,5,2,4,1,1,2,1,1,1,2,2,1
RA-926,ALFA,ALFA J - G2/G3,Aluno-926,Pública,Ametista,7.7792,DESCONHECIDO,DESCONHECIDO,DESCONHECIDO,DESCONHECIDO,DESCONHECIDO,Fase 1 (3° e 4° ano),-1,DESCONHECIDO,DESCONHECIDO,DESCONHECIDO,2023,0,0,0,0,0,0,0,0,0,0,0,0,0,0,0,0,0,1,1,1,1,1,1,1,1,1,1,3,1,1,1,1,3,5,1,3,3,3,1,5,1,2,2,3,1,1
RA-927,ALFA,ALFA J - G2/G3,Aluno-927,Pública,Ametista,7.5982,DESCONHECIDO,DESCONHECIDO,DESCONHECIDO,DESCONHECIDO,DESCONHECIDO,Fase 1 (3° e 4° ano),-1,DESCONHECIDO,DESCONHECIDO,DESCONHECIDO,2023,0,0,0,0,0,0,0,0,0,0,0,0,0,0,0,0,0,1,1,1,1,1,1,1,1,1,2,3,1,1,1,1,3,5,1,3,4,2,1,5,1,2,2,3,1,1
RA-928,ALFA,ALFA K - G0/G1,Aluno-928,Pública,Topázio,9.3712,DESCONHECIDO,DESCONHECIDO,DESCONHECIDO,DESCONHECIDO,DESCONHECIDO,ALFA (1° e 2° ano),0,DESCONHECIDO,DESCONHECIDO,DESCONHECIDO,2023,0,0,0,0,0,0,0,0,0,0,0,0,0,0,0,0,0,1,1,1,1,1,1,1,1,1,1,3,1,1,1,1,2,5,5,5,5,5,1,5,2,4,3,5,1,0
RA-929,ALFA,ALFA K - G0/G1,Aluno-929,Pública,Topázio,9.1312,DESCONHECIDO,DESCONHECIDO,DESCONHECIDO,DESCONHECIDO,DESCONHECIDO,ALFA (1° e 2° ano),0,DESCONHECIDO,DESCONHECIDO,DESCONHECIDO,2023,0,0,0,0,0,0,0,0,0,0,0,0,0,0,0,0,0,1,1,1,1,1,1,1,1,1,1,3,1,1,1,1,2,5,5,5,5,5,1,5,2,4,3,5,1,0
RA-930,ALFA,ALFA K - G0/G1,Aluno-930,Pública,Topázio,8.8872,DESCONHECIDO,DESCONHECIDO,DESCONHECIDO,DESCONHECIDO,DESCONHECIDO,ALFA (1° e 2° ano),0,DESCONHECIDO,DESCONHECIDO,DESCONHECIDO,2023,0,0,0,0,0,0,0,0,0,0,0,0,0,0,0,0,0,1,1,1,1,1,1,1,1,1,1,3,1,1,1,1,3,3,5,5,5,5,1,5,2,4,3,5,1,0
RA-931,ALFA,ALFA K - G0/G1,Aluno-931,Pública,Ametista,7.3747,DESCONHECIDO,DESCONHECIDO,DESCONHECIDO,DESCONHECIDO,DESCONHECIDO,ALFA (1° e 2° ano),0,DESCONHECIDO,DESCONHECIDO,DESCONHECIDO,2023,0,0,0,0,0,0,0,0,0,0,0,0,0,0,0,0,0,1,1,1,1,1,1,1,1,1,2,3,1,1,1,1,2,2,1,4,4,5,1,3,2,1,2,4,1,0
RA-932,ALFA,ALFA K - G0/G1,Aluno-932,Pública,Topázio,8.3847,DESCONHECIDO,DESCONHECIDO,DESCONHECIDO,DESCONHECIDO,DESCONHECIDO,ALFA (1° e 2° ano),0,DESCONHECIDO,DESCONHECIDO,DESCONHECIDO,2023,0,0,0,0,0,0,0,0,0,0,0,0,0,0,0,0,0,1,1,1,1,1,1,1,1,1,1,3,1,1,1,1,4,2,5,4,3,5,1,5,2,3,3,4,1,0
RA-933,ALFA,ALFA K - G0/G1,Aluno-933,Pública,Topázio,8.6712,DESCONHECIDO,DESCONHECIDO,DESCONHECIDO,DESCONHECIDO,DESCONHECIDO,ALFA (1° e 2° ano),0,DESCONHECIDO,DESCONHECIDO,DESCONHECIDO,2023,0,0,0,0,0,0,0,0,0,0,0,0,0,0,0,0,0,1,1,1,1,1,1,1,1,1,1,3,1,1,1,1,3,3,5,4,4,4,1,5,2,4,3,4,1,0
RA-934,ALFA,ALFA K - G0/G1,Aluno-934,Pública,Topázio,9.1737,DESCONHECIDO,DESCONHECIDO,DESCONHECIDO,DESCONHECIDO,DESCONHECIDO,ALFA (1° e 2° ano),0,DESCONHECIDO,DESCONHECIDO,DESCONHECIDO,2023,0,0,0,0,0,0,0,0,0,0,0,0,0,0,0,0,0,1,1,1,1,1,1,1,1,1,1,3,1,1,1,1,3,5,5,5,5,5,1,5,2,4,3,5,1,0
RA-935,ALFA,ALFA K - G0/G1,Aluno-935,Pública,Ametista,7.9535,DESCONHECIDO,DESCONHECIDO,DESCONHECIDO,DESCONHECIDO,DESCONHECIDO,Fase 1 (3° e 4° ano),-1,DESCONHECIDO,DESCONHECIDO,DESCONHECIDO,2023,0,0,0,0,0,0,0,0,0,0,0,0,0,0,0,0,0,1,1,1,1,1,1,1,1,1,1,3,1,1,1,1,1,5,5,5,5,5,1,5,1,4,2,5,1,1
RA-936,ALFA,ALFA K - G0/G1,Aluno-936,Pública,Topázio,8.5477,DESCONHECIDO,DESCONHECIDO,DESCONHECIDO,DESCONHECIDO,DESCONHECIDO,ALFA (1° e 2° ano),0,DESCONHECIDO,DESCONHECIDO,DESCONHECIDO,2023,0,0,0,0,0,0,0,0,0,0,0,0,0,0,0,0,0,1,1,1,1,1,1,1,1,1,2,3,1,1,1,1,3,5,5,3,2,4,1,5,2,3,3,3,1,0
RA-937,ALFA,ALFA K - G0/G1,Aluno-937,Pública,Topázio,9.3237,DESCONHECIDO,DESCONHECIDO,DESCONHECIDO,DESCONHECIDO,DESCONHECIDO,ALFA (1° e 2° ano),0,DESCONHECIDO,DESCONHECIDO,DESCONHECIDO,2023,0,0,0,0,0,0,0,0,0,0,0,0,0,0,0,0,0,1,1,1,1,1,1,1,1,1,2,3,1,1,1,1,4,5,5,5,5,5,1,5,2,4,3,5,1,0
RA-756,ALFA,ALFA K - G0/G1,Aluno-756,Pública,Ametista,7.0927,DESCONHECIDO,DESCONHECIDO,DESCONHECIDO,DESCONHECIDO,DESCONHECIDO,Fase 2 (5° e 6° ano),-2,DESCONHECIDO,DESCONHECIDO,DESCONHECIDO,2023,0,0,0,0,0,0,0,0,0,0,0,0,0,0,0,0,0,1,1,1,1,1,1,1,1,1,2,2,1,1,1,1,5,3,5,2,2,3,1,1,1,1,2,2,1,1
RA-938,ALFA,ALFA K - G0/G1,Aluno-938,Pública,Agata,6.7372,DESCONHECIDO,DESCONHECIDO,DESCONHECIDO,DESCONHECIDO,DESCONHECIDO,Fase 1 (3° e 4° ano),-1,DESCONHECIDO,DESCONHECIDO,DESCONHECIDO,2023,0,0,0,0,0,0,0,0,0,0,0,0,0,0,0,0,0,1,1,1,1,1,1,1,1,0,2,3,1,1,1,1,2,3,5,1,1,5,1,3,1,1,1,1,1,1
RA-939,ALFA,ALFA L - G2/G3,Aluno-939,Pública,Ametista,7.9742,DESCONHECIDO,DESCONHECIDO,DESCONHECIDO,DESCONHECIDO,DESCONHECIDO,Fase 2 (5° e 6° ano),-2,DESCONHECIDO,DESCONHECIDO,DESCONHECIDO,2023,0,0,0,0,0,0,0,0,0,0,0,0,0,0,0,0,0,1,1,1,1,1,1,1,1,1,2,3,1,1,1,1,3,5,5,2,2,2,1,5,1,2,2,2,1,1
RA-789,ALFA,ALFA L - G2/G3,Aluno-789,Pública,Ametista,7.974,DESCONHECIDO,DESCONHECIDO,DESCONHECIDO,DESCONHECIDO,DESCONHECIDO,ALFA (1° e 2° ano),0,DESCONHECIDO,DESCONHECIDO,DESCONHECIDO,2023,0,0,0,0,0,0,0,0,0,0,0,0,0,0,0,0,0,1,1,1,1,1,1,1,1,1,1,2,1,1,1,1,1,4,5,4,5,4,1,5,2,2,2,4,1,0
RA-792,ALFA,ALFA L - G2/G3,Aluno-792,Pública,Ametista,7.6267,DESCONHECIDO,DESCONHECIDO,DESCONHECIDO,DESCONHECIDO,DESCONHECIDO,Fase 2 (5° e 6° ano),-2,DESCONHECIDO,DESCONHECIDO,DESCONHECIDO,2023,0,0,0,0,0,0,0,0,0,0,0,0,0,0,0,0,0,1,1,1,1,1,1,1,1,1,1,2,1,1,1,1,3,2,5,4,3,4,1,5,1,1,2,4,1,1
RA-940,ALFA,ALFA L - G2/G3,Aluno-940,Pública,Agata,6.6112,DESCONHECIDO,DESCONHECIDO,DESCONHECIDO,DESCONHECIDO,DESCONHECIDO,Fase 2 (5° e 6° ano),-2,DESCONHECIDO,DESCONHECIDO,DESCONHECIDO,2023,0,0,0,0,0,0,0,0,0,0,0,0,0,0,0,0,0,1,1,1,1,1,1,1,1,0,2,3,1,1,1,1,3,3,1,3,3,2,1,2,1,1,1,3,1,1
RA-941,ALFA,ALFA L - G2/G3,Aluno-941,Pública,Ametista,7.6872,DESCONHECIDO,DESCONHECIDO,DESCONHECIDO,DESCONHECIDO,DESCONHECIDO,ALFA (1° e 2° ano),0,DESCONHECIDO,DESCONHECIDO,DESCONHECIDO,2023,0,0,0,0,0,0,0,0,0,0,0,0,0,0,0,0,0,1,1,1,1,1,1,1,1,1,2,3,1,1,1,1,2,5,5,2,2,1,1,4,2,1,2,2,1,0
RA-942,ALFA,ALFA L - G2/G3,Aluno-942,Pública,Agata,6.8547,DESCONHECIDO,DESCONHECIDO,DESCONHECIDO,DESCONHECIDO,DESCONHECIDO,Fase 2 (5° e 6° ano),-2,DESCONHECIDO,DESCONHECIDO,DESCONHECIDO,2023,0,0,0,0,0,0,0,0,0,0,0,0,0,0,0,0,0,1,1,1,1,1,1,1,1,0,1,3,1,1,1,1,4,3,1,4,4,3,1,2,1,1,1,4,1,1
RA-943,ALFA,ALFA L - G2/G3,Aluno-943,Pública,Topázio,8.9172,DESCONHECIDO,DESCONHECIDO,DESCONHECIDO,DESCONHECIDO,DESCONHECIDO,ALFA (1° e 2° ano),0,DESCONHECIDO,DESCONHECIDO,DESCONHECIDO,2023,0,0,0,0,0,0,0,0,0,0,0,0,0,0,0,0,0,1,1,1,1,1,1,1,1,1,2,3,1,1,1,1,4,4,5,4,4,4,1,5,2,2,3,4,1,0
RA-782,ALFA,ALFA L - G2/G3,Aluno-782,Pública,Ametista,7.6812,DESCONHECIDO,DESCONHECIDO,DESCONHECIDO,DESCONHECIDO,DESCONHECIDO,Fase 1 (3° e 4° ano),-1,DESCONHECIDO,DESCONHECIDO,DESCONHECIDO,2023,0,0,0,0,0,0,0,0,0,0,0,0,0,0,0,0,0,1,1,1,1,1,1,1,1,1,1,2,1,1,1,1,2,5,1,4,5,3,1,5,1,2,2,4,1,1
RA-768,ALFA,ALFA L - G2/G3,Aluno-768,Pública,Topázio,8.4042,DESCONHECIDO,DESCONHECIDO,DESCONHECIDO,DESCONHECIDO,DESCONHECIDO,Fase 2 (5° e 6° ano),-2,DESCONHECIDO,DESCONHECIDO,DESCONHECIDO,2023,0,0,0,0,0,0,0,0,0,0,0,0,0,0,0,0,0,1,1,1,1,1,1,1,1,1,2,1,1,1,1,1,5,4,5,4,4,4,1,5,1,2,3,4,2,1
RA-794,ALFA,ALFA L - G2/G3,Aluno-794,Pública,Ametista,7.9842,DESCONHECIDO,DESCONHECIDO,DESCONHECIDO,DESCONHECIDO,DESCONHECIDO,Fase 1 (3° e 4° ano),-1,DESCONHECIDO,DESCONHECIDO,DESCONHECIDO,2023,0,0,0,0,0,0,0,0,0,0,0,0,0,0,0,0,0,1,1,1,1,1,1,1,1,1,2,2,1,1,1,1,3,4,5,2,2,4,1,5,1,2,2,3,1,1
RA-795,ALFA,ALFA L - G2/G3,Aluno-795,Pública,Topázio,8.4642,DESCONHECIDO,DESCONHECIDO,DESCONHECIDO,DESCONHECIDO,DESCONHECIDO,Fase 1 (3° e 4° ano),-1,DESCONHECIDO,DESCONHECIDO,DESCONHECIDO,2023,0,0,0,0,0,0,0,0,0,0,0,0,0,0,0,0,0,1,1,1,1,1,1,1,1,1,1,2,1,1,1,1,3,5,5,5,5,4,1,5,1,2,3,4,1,1
RA-944,ALFA,ALFA M - G0/G1,Aluno-944,Pública,Ametista,7.0687,DESCONHECIDO,DESCONHECIDO,DESCONHECIDO,DESCONHECIDO,DESCONHECIDO,Fase 1 (3° e 4° ano),-1,DESCONHECIDO,DESCONHECIDO,DESCONHECIDO,2023,0,0,0,0,0,0,0,0,0,0,0,0,0,0,0,0,0,1,1,1,1,1,1,1,1,1,1,3,1,1,1,1,3,2,5,4,5,2,1,1,1,1,2,4,1,1
RA-945,ALFA,ALFA M - G0/G1,Aluno-945,Pública,Topázio,8.0777,DESCONHECIDO,DESCONHECIDO,DESCONHECIDO,DESCONHECIDO,DESCONHECIDO,ALFA (1° e 2° ano),0,DESCONHECIDO,DESCONHECIDO,DESCONHECIDO,2023,0,0,0,0,0,0,0,0,0,0,0,0,0,0,0,0,0,1,1,1,1,1,1,1,1,1,2,3,1,1,1,1,2,4,5,4,4,4,1,2,2,1,3,4,1,0
RA-946,ALFA,ALFA M - G0/G1,Aluno-946,Pública,Topázio,8.5822,DESCONHECIDO,DESCONHECIDO,DESCONHECIDO,DESCONHECIDO,DESCONHECIDO,ALFA (1° e 2° ano),0,DESCONHECIDO,DESCONHECIDO,DESCONHECIDO,2023,0,0,0,0,0,0,0,0,0,0,0,0,0,0,0,0,0,1,1,1,1,1,1,1,1,1,2,3,1,1,1,1,4,4,5,5,5,5,1,2,2,2,3,5,1,0
RA-754,ALFA,ALFA M - G0/G1,Aluno-754,Pública,Agata,6.0537,DESCONHECIDO,DESCONHECIDO,DESCONHECIDO,DESCONHECIDO,DESCONHECIDO,Fase 2 (5° e 6° ano),-2,DESCONHECIDO,DESCONHECIDO,DESCONHECIDO,2023,0,0,0,0,0,0,0,0,0,0,0,0,0,0,0,0,0,1,1,1,1,1,1,1,1,0,2,2,1,1,1,1,4,1,1,2,2,2,1,1,1,1,1,2,1,1
RA-947,ALFA,ALFA M - G0/G1,Aluno-947,Pública,Agata,6.3457,DESCONHECIDO,DESCONHECIDO,DESCONHECIDO,DESCONHECIDO,DESCONHECIDO,ALFA (1° e 2° ano),0,DESCONHECIDO,DESCONHECIDO,DESCONHECIDO,2023,0,0,0,0,0,0,0,0,0,0,0,0,0,0,0,0,0,1,1,1,1,1,1,1,1,0,2,3,1,1,1,1,3,2,5,1,1,1,1,1,2,1,1,1,1,0
RA-948,ALFA,ALFA M - G0/G1,Aluno-948,Pública,Agata,6.5277,DESCONHECIDO,DESCONHECIDO,DESCONHECIDO,DESCONHECIDO,DESCONHECIDO,ALFA (1° e 2° ano),0,DESCONHECIDO,DESCONHECIDO,DESCONHECIDO,2023,0,0,0,0,0,0,0,0,0,0,0,0,0,0,0,0,0,1,1,1,1,1,1,1,1,0,1,3,1,1,1,1,3,2,5,1,1,1,1,4,2,1,1,1,1,0
RA-949,ALFA,ALFA M - G0/G1,Aluno-949,Pública,Topázio,8.0172,DESCONHECIDO,DESCONHECIDO,DESCONHECIDO,DESCONHECIDO,DESCONHECIDO,ALFA (1° e 2° ano),0,DESCONHECIDO,DESCONHECIDO,DESCONHECIDO,2023,0,0,0,0,0,0,0,0,0,0,0,0,0,0,0,0,0,1,1,1,1,1,1,1,1,1,2,3,1,1,1,1,4,2,5,5,5,5,1,1,2,1,3,5,1,0
RA-950,ALFA,ALFA M - G0/G1,Aluno-950,Pública,Topázio,8.8862,DESCONHECIDO,DESCONHECIDO,DESCONHECIDO,DESCONHECIDO,DESCONHECIDO,ALFA (1° e 2° ano),0,DESCONHECIDO,DESCONHECIDO,DESCONHECIDO,2023,0,0,0,0,0,0,0,0,0,0,0,0,0,0,0,0,0,1,1,1,1,1,1,1,1,1,1,3,1,1,1,1,3,5,5,5,5,5,1,4,2,2,3,5,1,0
RA-773,ALFA,ALFA M - G0/G1,Aluno-773,Pública,Agata,6.9287,DESCONHECIDO,DESCONHECIDO,DESCONHECIDO,DESCONHECIDO,DESCONHECIDO,Fase 1 (3° e 4° ano),-1,DESCONHECIDO,DESCONHECIDO,DESCONHECIDO,2023,0,0,0,0,0,0,0,0,0,0,0,0,0,0,0,0,0,1,1,1,1,1,1,1,1,0,1,2,1,1,1,1,5,2,1,4,4,4,1,3,1,1,1,4,1,1
RA-951,ALFA,ALFA M - G0/G1,Aluno-951,Pública,Topázio,8.8902,DESCONHECIDO,DESCONHECIDO,DESCONHECIDO,DESCONHECIDO,DESCONHECIDO,ALFA (1° e 2° ano),0,DESCONHECIDO,DESCONHECIDO,DESCONHECIDO,2023,0,0,0,0,0,0,0,0,0,0,0,0,0,0,0,0,0,1,1,1,1,1,1,1,1,1,1,3,1,1,1,1,4,5,5,5,5,5,1,5,2,2,3,5,1,0
RA-769,ALFA,ALFA N - G2/G3,Aluno-769,Pública,Ametista,7.85345,DESCONHECIDO,DESCONHECIDO,DESCONHECIDO,DESCONHECIDO,DESCONHECIDO,Fase 2 (5° e 6° ano),-2,DESCONHECIDO,DESCONHECIDO,DESCONHECIDO,2023,0,0,0,0,0,0,0,0,0,0,0,0,0,0,0,0,0,1,1,1,1,1,1,1,1,1,1,2,1,1,1,1,5,4,1,4,4,4,1,5,1,3,2,4,1,1
RA-952,ALFA,ALFA N - G2/G3,Aluno-952,Pública,Topázio,8.37095,DESCONHECIDO,DESCONHECIDO,DESCONHECIDO,DESCONHECIDO,DESCONHECIDO,ALFA (1° e 2° ano),0,DESCONHECIDO,DESCONHECIDO,DESCONHECIDO,2023,0,0,0,0,0,0,0,0,0,0,0,0,0,0,0,0,0,1,1,1,1,1,1,1,1,1,1,3,1,1,1,1,4,4,1,5,5,5,1,5,2,1,3,5,1,0
RA-826,ALFA,ALFA N - G2/G3,Aluno-826,Pública,Ametista,7.77645,DESCONHECIDO,DESCONHECIDO,DESCONHECIDO,DESCONHECIDO,DESCONHECIDO,Fase 1 (3° e 4° ano),-1,DESCONHECIDO,DESCONHECIDO,DESCONHECIDO,2023,0,0,0,0,0,0,0,0,0,0,0,0,0,0,0,0,0,1,1,1,1,1,1,1,1,1,2,2,1,1,1,1,5,5,1,4,4,4,1,4,1,3,2,4,1,1
RA-953,ALFA,ALFA N - G2/G3,Aluno-953,Pública,Ametista,7.54005,DESCONHECIDO,DESCONHECIDO,DESCONHECIDO,DESCONHECIDO,DESCONHECIDO,ALFA (1° e 2° ano),0,DESCONHECIDO,DESCONHECIDO,DESCONHECIDO,2023,0,0,0,0,0,0,0,0,0,0,0,0,0,0,0,0,0,1,1,1,1,1,1,1,1,1,2,3,1,1,1,1,1,3,1,5,5,4,1,2,2,1,2,4,1,0
RA-954,ALFA,ALFA N - G2/G3,Aluno-954,Pública,Agata,6.82375,DESCONHECIDO,DESCONHECIDO,DESCONHECIDO,DESCONHECIDO,DESCONHECIDO,ALFA (1° e 2° ano),0,DESCONHECIDO,DESCONHECIDO,DESCONHECIDO,2023,0,0,0,0,0,0,0,0,0,0,0,0,0,0,0,0,0,1,1,1,1,1,1,1,1,0,1,3,1,1,1,1,1,3,1,4,4,4,1,4,2,1,1,4,1,0
RA-780,ALFA,ALFA N - G2/G3,Aluno-780,Pública,Ametista,7.7842,DESCONHECIDO,DESCONHECIDO,DESCONHECIDO,DESCONHECIDO,DESCONHECIDO,Fase 2 (5° e 6° ano),-2,DESCONHECIDO,DESCONHECIDO,DESCONHECIDO,2023,0,0,0,0,0,0,0,0,0,0,0,0,0,0,0,0,0,1,1,1,1,1,1,1,1,1,1,2,1,1,1,1,4,3,1,5,4,5,1,5,1,4,2,4,1,1
RA-955,ALFA,ALFA N - G2/G3,Aluno-955,Pública,Ametista,7.1297,DESCONHECIDO,DESCONHECIDO,DESCONHECIDO,DESCONHECIDO,DESCONHECIDO,Fase 2 (5° e 6° ano),-2,DESCONHECIDO,DESCONHECIDO,DESCONHECIDO,2023,0,0,0,0,0,0,0,0,0,0,0,0,0,0,0,0,0,1,1,1,1,1,1,1,1,1,1,3,1,1,1,1,3,3,1,4,4,4,1,2,1,1,2,4,1,1
RA-831,ALFA,ALFA N - G2/G3,Aluno-831,Pública,Ametista,7.71645,DESCONHECIDO,DESCONHECIDO,DESCONHECIDO,DESCONHECIDO,DESCONHECIDO,Fase 1 (3° e 4° ano),-1,DESCONHECIDO,DESCONHECIDO,DESCONHECIDO,2023,0,0,0,0,0,0,0,0,0,0,0,0,0,0,0,0,0,1,1,1,1,1,1,1,1,1,1,2,1,1,1,1,2,4,1,5,5,4,1,5,1,3,2,5,1,1
RA-783,ALFA,ALFA N - G2/G3,Aluno-783,Pública,Ametista,7.2922,DESCONHECIDO,DESCONHECIDO,DESCONHECIDO,DESCONHECIDO,DESCONHECIDO,Fase 1 (3° e 4° ano),-1,DESCONHECIDO,DESCONHECIDO,DESCONHECIDO,2023,0,0,0,0,0,0,0,0,0,0,0,0,0,0,0,0,0,1,1,1,1,1,1,1,1,1,2,1,1,1,1,1,4,1,1,5,5,5,1,4,1,2,2,5,2,1
RA-774,ALFA,ALFA N - G2/G3,Aluno-774,Pública,Quartzo,5.852,DESCONHECIDO,DESCONHECIDO,DESCONHECIDO,DESCONHECIDO,DESCONHECIDO,Fase 1 (3° e 4° ano),-1,DESCONHECIDO,DESCONHECIDO,DESCONHECIDO,2023,0,0,0,0,0,0,0,0,0,0,0,0,0,0,0,0,0,1,1,1,1,1,1,1,1,0,2,2,1,1,1,1,1,4,1,3,4,2,1,1,1,1,1,3,1,1
RA-748,ALFA,ALFA O - G2/G3,Aluno-748,Pública,Topázio,8.7142,DESCONHECIDO,DESCONHECIDO,DESCONHECIDO,DESCONHECIDO,DESCONHECIDO,Fase 2 (5° e 6° ano),-2,DESCONHECIDO,DESCONHECIDO,DESCONHECIDO,2023,0,0,0,0,0,0,0,0,0,0,0,0,0,0,0,0,0,1,1,1,1,1,1,1,1,1,2,2,1,1,1,1,4,5,5,5,5,5,1,5,1,2,3,5,1,1
RA-749,ALFA,ALFA O - G2/G3,Aluno-749,Pública,Ametista,7.7597,DESCONHECIDO,DESCONHECIDO,DESCONHECIDO,DESCONHECIDO,DESCONHECIDO,Fase 1 (3° e 4° ano),-1,DESCONHECIDO,DESCONHECIDO,DESCONHECIDO,2023,0,0,0,0,0,0,0,0,0,0,0,0,0,0,0,0,0,1,1,1,1,1,1,1,1,1,1,2,1,1,1,1,5,4,5,4,4,4,1,5,1,1,2,4,1,1
RA-956,ALFA,ALFA O - G2/G3,Aluno-956,Pública,Ametista,7.7312,DESCONHECIDO,DESCONHECIDO,DESCONHECIDO,DESCONHECIDO,DESCONHECIDO,Fase 2 (5° e 6° ano),-2,DESCONHECIDO,DESCONHECIDO,DESCONHECIDO,2023,0,0,0,0,0,0,0,0,0,0,0,0,0,0,0,0,0,1,1,1,1,1,1,1,1,1,2,3,1,1,1,1,2,2,5,4,4,4,1,5,1,2,2,4,1,1
RA-787,ALFA,ALFA O - G2/G3,Aluno-787,Pública,Ametista,7.5227,DESCONHECIDO,DESCONHECIDO,DESCONHECIDO,DESCONHECIDO,DESCONHECIDO,Fase 1 (3° e 4° ano),-1,DESCONHECIDO,DESCONHECIDO,DESCONHECIDO,2023,0,0,0,0,0,0,0,0,0,0,0,0,0,0,0,0,0,1,1,1,1,1,1,1,1,1,2,2,1,1,1,1,3,5,5,2,2,2,1,4,1,1,2,2,1,1
RA-957,ALFA,ALFA O - G2/G3,Aluno-957,Pública,Topázio,9.1672,DESCONHECIDO,DESCONHECIDO,DESCONHECIDO,DESCONHECIDO,DESCONHECIDO,ALFA (1° e 2° ano),0,DESCONHECIDO,DESCONHECIDO,DESCONHECIDO,2023,0,0,0,0,0,0,0,0,0,0,0,0,0,0,0,0,0,1,1,1,1,1,1,1,1,1,2,3,1,1,1,1,5,4,5,5,5,5,1,5,2,2,3,5,1,0
RA-753,ALFA,ALFA O - G2/G3,Aluno-753,Pública,Topázio,8.6672,DESCONHECIDO,DESCONHECIDO,DESCONHECIDO,DESCONHECIDO,DESCONHECIDO,Fase 1 (3° e 4° ano),-1,DESCONHECIDO,DESCONHECIDO,DESCONHECIDO,2023,0,0,0,0,0,0,0,0,0,0,0,0,0,0,0,0,0,1,1,1,1,1,1,1,1,1,2,2,1,1,1,1,3,5,5,5,5,5,1,5,1,2,3,5,1,1
RA-958,ALFA,ALFA O - G2/G3,Aluno-958,Pública,Topázio,9.2902,DESCONHECIDO,DESCONHECIDO,DESCONHECIDO,DESCONHECIDO,DESCONHECIDO,ALFA (1° e 2° ano),0,DESCONHECIDO,DESCONHECIDO,DESCONHECIDO,2023,0,0,0,0,0,0,0,0,0,0,0,0,0,0,0,0,0,1,1,1,1,1,1,1,1,1,2,3,1,1,1,1,5,5,5,5,5,5,1,5,2,2,3,5,1,0
RA-755,ALFA,ALFA O - G2/G3,Aluno-755,Pública,Topázio,8.7442,DESCONHECIDO,DESCONHECIDO,DESCONHECIDO,DESCONHECIDO,DESCONHECIDO,Fase 1 (3° e 4° ano),-1,DESCONHECIDO,DESCONHECIDO,DESCONHECIDO,2023,0,0,0,0,0,0,0,0,0,0,0,0,0,0,0,0,0,1,1,1,1,1,1,1,1,1,1,2,1,1,1,1,5,4,5,5,5,5,1,5,1,2,3,5,1,1
RA-763,ALFA,ALFA O - G2/G3,Aluno-763,Pública,Agata,6.7215,DESCONHECIDO,DESCONHECIDO,DESCONHECIDO,DESCONHECIDO,DESCONHECIDO,Fase 2 (5° e 6° ano),-2,DESCONHECIDO,DESCONHECIDO,DESCONHECIDO,2023,0,0,0,0,0,0,0,0,0,0,0,0,0,0,0,0,0,1,1,1,1,1,1,1,1,0,1,1,1,1,1,1,1,4,1,4,4,4,1,5,1,1,1,4,2,1
RA-757,ALFA,ALFA O - G2/G3,Aluno-757,Pública,Topázio,8.6742,DESCONHECIDO,DESCONHECIDO,DESCONHECIDO,DESCONHECIDO,DESCONHECIDO,Fase 2 (5° e 6° ano),-2,DESCONHECIDO,DESCONHECIDO,DESCONHECIDO,2023,0,0,0,0,0,0,0,0,0,0,0,0,0,0,0,0,0,1,1,1,1,1,1,1,1,1,1,2,1,1,1,1,3,5,5,5,5,5,1,5,1,2,3,5,1,1
RA-959,ALFA,ALFA O - G2/G3,Aluno-959,Pública,Topázio,8.6677,DESCONHECIDO,DESCONHECIDO,DESCONHECIDO,DESCONHECIDO,DESCONHECIDO,ALFA (1° e 2° ano),0,DESCONHECIDO,DESCONHECIDO,DESCONHECIDO,2023,0,0,0,0,0,0,0,0,0,0,0,0,0,0,0,0,0,1,1,1,1,1,1,1,1,1,1,3,1,1,1,1,5,5,5,4,4,4,1,5,2,1,3,4,1,0
RA-960,ALFA,ALFA O - G2/G3,Aluno-960,Pública,Ametista,7.0847,DESCONHECIDO,DESCONHECIDO,DESCONHECIDO,DESCONHECIDO,DESCONHECIDO,Fase 2 (5° e 6° ano),-2,DESCONHECIDO,DESCONHECIDO,DESCONHECIDO,2023,0,0,0,0,0,0,0,0,0,0,0,0,0,0,0,0,0,1,1,1,1,1,1,1,1,1,1,3,1,1,1,1,2,5,5,3,3,2,1,1,1,1,2,3,1,1
RA-961,ALFA,ALFA O - G2/G3,Aluno-961,Pública,Quartzo,5.99625,DESCONHECIDO,DESCONHECIDO,DESCONHECIDO,DESCONHECIDO,DESCONHECIDO,Fase 1 (3° e 4° ano),-1,DESCONHECIDO,DESCONHECIDO,DESCONHECIDO,2023,0,0,0,0,0,0,0,0,0,0,0,0,0,0,0,0,0,1,1,1,1,1,1,1,1,0,1,3,1,1,1,1,1,3,1,2,3,2,1,5,1,1,1,3,1,1
RA-962,ALFA,ALFA Q - G2/G3,Aluno-962,Pública,Topázio,8.4742,DESCONHECIDO,DESCONHECIDO,DESCONHECIDO,DESCONHECIDO,DESCONHECIDO,Fase 1 (3° e 4° ano),-1,DESCONHECIDO,DESCONHECIDO,DESCONHECIDO,2023,0,0,0,0,0,0,0,0,0,0,0,0,0,0,0,0,0,1,1,1,1,1,1,1,1,1,2,3,1,1,1,1,3,4,5,5,5,4,1,5,1,2,3,5,1,1
RA-805,ALFA,ALFA Q - G2/G3,Aluno-805,Pública,Agata,6.492,DESCONHECIDO,DESCONHECIDO,DESCONHECIDO,DESCONHECIDO,DESCONHECIDO,Fase 1 (3° e 4° ano),-1,DESCONHECIDO,DESCONHECIDO,DESCONHECIDO,2023,0,0,0,0,0,0,0,0,0,0,0,0,0,0,0,0,0,1,1,1,1,1,1,1,1,0,1,1,1,1,1,1,1,4,5,3,3,3,1,2,1,1,1,3,2,1
RA-806,ALFA,ALFA Q - G2/G3,Aluno-806,Pública,Ametista,7.2937,DESCONHECIDO,DESCONHECIDO,DESCONHECIDO,DESCONHECIDO,DESCONHECIDO,Fase 1 (3° e 4° ano),-1,DESCONHECIDO,DESCONHECIDO,DESCONHECIDO,2023,0,0,0,0,0,0,0,0,0,0,0,0,0,0,0,0,0,1,1,1,1,1,1,1,1,1,1,2,1,1,1,1,2,3,2,4,4,4,1,2,1,1,2,4,1,1
RA-807,ALFA,ALFA Q - G2/G3,Aluno-807,Pública,Ametista,7.8632,DESCONHECIDO,DESCONHECIDO,DESCONHECIDO,DESCONHECIDO,DESCONHECIDO,Fase 1 (3° e 4° ano),-1,DESCONHECIDO,DESCONHECIDO,DESCONHECIDO,2023,0,0,0,0,0,0,0,0,0,0,0,0,0,0,0,0,0,1,1,1,1,1,1,1,1,1,1,2,1,1,1,1,4,4,5,4,5,4,1,4,1,1,2,4,1,1
RA-963,ALFA,ALFA Q - G2/G3,Aluno-963,Pública,Topázio,8.6142,DESCONHECIDO,DESCONHECIDO,DESCONHECIDO,DESCONHECIDO,DESCONHECIDO,Fase 1 (3° e 4° ano),-1,DESCONHECIDO,DESCONHECIDO,DESCONHECIDO,2023,0,0,0,0,0,0,0,0,0,0,0,0,0,0,0,0,0,1,1,1,1,1,1,1,1,1,2,3,1,1,1,1,4,5,5,5,5,5,1,5,1,2,3,5,1,1
RA-964,ALFA,ALFA Q - G2/G3,Aluno-964,Pública,Ametista,7.7997,DESCONHECIDO,DESCONHECIDO,DESCONHECIDO,DESCONHECIDO,DESCONHECIDO,Fase 1 (3° e 4° ano),-1,DESCONHECIDO,DESCONHECIDO,DESCONHECIDO,2023,0,0,0,0,0,0,0,0,0,0,0,0,0,0,0,0,0,1,1,1,1,1,1,1,1,1,1,3,1,1,1,1,2,4,5,4,4,3,1,5,1,1,2,4,1,1
RA-965,ALFA,ALFA Q - G2/G3,Aluno-965,Pública,Agata,6.4832,DESCONHECIDO,DESCONHECIDO,DESCONHECIDO,DESCONHECIDO,DESCONHECIDO,Fase 1 (3° e 4° ano),-1,DESCONHECIDO,DESCONHECIDO,DESCONHECIDO,2023,0,0,0,0,0,0,0,0,0,0,0,0,0,0,0,0,0,1,1,1,1,1,1,1,1,0,1,3,1,1,1,1,2,2,2,1,2,1,1,2,1,1,1,2,1,1
RA-966,ALFA,ALFA Q - G2/G3,Aluno-966,Pública,Ametista,7.44345,DESCONHECIDO,DESCONHECIDO,DESCONHECIDO,DESCONHECIDO,DESCONHECIDO,Fase 1 (3° e 4° ano),-1,DESCONHECIDO,DESCONHECIDO,DESCONHECIDO,2023,0,0,0,0,0,0,0,0,0,0,0,0,0,0,0,0,0,1,1,1,1,1,1,1,1,1,2,3,1,1,1,1,5,5,5,2,2,1,1,3,1,1,2,2,1,1
RA-967,ALFA,ALFA Q - G2/G3,Aluno-967,Pública,Ametista,7.1347,DESCONHECIDO,DESCONHECIDO,DESCONHECIDO,DESCONHECIDO,DESCONHECIDO,Fase 2 (5° e 6° ano),-2,DESCONHECIDO,DESCONHECIDO,DESCONHECIDO,2023,0,0,0,0,0,0,0,0,0,0,0,0,0,0,0,0,0,1,1,1,1,1,1,1,1,1,2,3,1,1,1,1,4,2,5,3,3,3,1,2,1,1,2,3,1,1
RA-968,ALFA,ALFA Q - G2/G3,Aluno-968,Pública,Topázio,8.4942,DESCONHECIDO,DESCONHECIDO,DESCONHECIDO,DESCONHECIDO,DESCONHECIDO,Fase 1 (3° e 4° ano),-1,DESCONHECIDO,DESCONHECIDO,DESCONHECIDO,2023,0,0,0,0,0,0,0,0,0,0,0,0,0,0,0,0,0,1,1,1,1,1,1,1,1,1,2,3,1,1,1,1,3,5,5,5,4,5,1,5,1,2,3,4,1,1
RA-812,ALFA,ALFA Q - G2/G3,Aluno-812,Pública,Topázio,8.0357,DESCONHECIDO,DESCONHECIDO,DESCONHECIDO,DESCONHECIDO,DESCONHECIDO,ALFA (1° e 2° ano),0,DESCONHECIDO,DESCONHECIDO,DESCONHECIDO,2023,0,0,0,0,0,0,0,0,0,0,0,0,0,0,0,0,0,1,1,1,1,1,1,1,1,1,1,2,1,1,1,1,4,4,5,2,3,2,1,4,2,1,3,2,1,0
RA-969,ALFA,ALFA Q - G2/G3,Aluno-969,Pública,Ametista,7.7692,DESCONHECIDO,DESCONHECIDO,DESCONHECIDO,DESCONHECIDO,DESCONHECIDO,ALFA (1° e 2° ano),0,DESCONHECIDO,DESCONHECIDO,DESCONHECIDO,2023,0,0,0,0,0,0,0,0,0,0,0,0,0,0,0,0,0,1,1,1,1,1,1,1,1,1,1,3,1,1,1,1,2,5,5,2,2,1,1,3,2,1,2,2,1,0
RA-970,ALFA,ALFA R - G0/G1,Aluno-970,Pública,Topázio,8.9977,DESCONHECIDO,DESCONHECIDO,DESCONHECIDO,DESCONHECIDO,DESCONHECIDO,ALFA (1° e 2° ano),0,DESCONHECIDO,DESCONHECIDO,DESCONHECIDO,2023,0,0,0,0,0,0,0,0,0,0,0,0,0,0,0,0,0,1,1,1,1,1,1,1,1,1,2,3,1,1,1,1,2,2,5,5,5,5,1,5,2,4,3,5,1,0
RA-971,ALFA,ALFA R - G0/G1,Aluno-971,Pública,Ametista,7.0169,DESCONHECIDO,DESCONHECIDO,DESCONHECIDO,DESCONHECIDO,DESCONHECIDO,ALFA (1° e 2° ano),0,DESCONHECIDO,DESCONHECIDO,DESCONHECIDO,2023,0,0,0,0,0,0,0,0,0,0,0,0,0,0,0,0,0,1,1,1,1,1,1,1,1,1,2,3,1,1,1,1,2,1,1,3,2,5,1,4,2,1,2,3,1,0
RA-972,ALFA,ALFA R - G0/G1,Aluno-972,Pública,Ametista,7.5427,DESCONHECIDO,DESCONHECIDO,DESCONHECIDO,DESCONHECIDO,DESCONHECIDO,ALFA (1° e 2° ano),0,DESCONHECIDO,DESCONHECIDO,DESCONHECIDO,2023,0,0,0,0,0,0,0,0,0,0,0,0,0,0,0,0,0,1,1,1,1,1,1,1,1,1,1,3,1,1,1,1,3,4,1,2,3,2,1,4,2,1,2,2,1,0
RA-973,ALFA,ALFA R - G0/G1,Aluno-973,Pública,Quartzo,5.82875,DESCONHECIDO,DESCONHECIDO,DESCONHECIDO,DESCONHECIDO,DESCONHECIDO,Fase 1 (3° e 4° ano),-1,DESCONHECIDO,DESCONHECIDO,DESCONHECIDO,2023,0,0,0,0,0,0,0,0,0,0,0,0,0,0,0,0,0,1,1,1,1,1,1,1,1,0,2,3,1,1,1,1,1,3,1,2,3,1,1,2,1,1,1,2,1,1
RA-974,ALFA,ALFA R - G0/G1,Aluno-974,Pública,Topázio,8.4752,DESCONHECIDO,DESCONHECIDO,DESCONHECIDO,DESCONHECIDO,DESCONHECIDO,ALFA (1° e 2° ano),0,DESCONHECIDO,DESCONHECIDO,DESCONHECIDO,2023,0,0,0,0,0,0,0,0,0,0,0,0,0,0,0,0,0,1,1,1,1,1,1,1,1,1,2,3,1,1,1,1,3,4,1,5,5,5,1,5,2,2,3,5,1,0
RA-975,ALFA,ALFA R - G0/G1,Aluno-975,Pública,Ametista,7.7803,DESCONHECIDO,DESCONHECIDO,DESCONHECIDO,DESCONHECIDO,DESCONHECIDO,ALFA (1° e 2° ano),0,DESCONHECIDO,DESCONHECIDO,DESCONHECIDO,2023,0,0,0,0,0,0,0,0,0,0,0,0,0,0,0,0,0,1,1,1,1,1,1,1,1,1,2,3,1,1,1,1,2,4,5,3,4,2,1,3,2,1,2,3,1,0
RA-976,ALFA,ALFA R - G0/G1,Aluno-976,Pública,Topázio,8.39895,DESCONHECIDO,DESCONHECIDO,DESCONHECIDO,DESCONHECIDO,DESCONHECIDO,ALFA (1° e 2° ano),0,DESCONHECIDO,DESCONHECIDO,DESCONHECIDO,2023,0,0,0,0,0,0,0,0,0,0,0,0,0,0,0,0,0,1,1,1,1,1,1,1,1,1,2,3,1,1,1,1,4,4,2,5,5,4,1,4,2,1,3,5,1,0
RA-977,ALFA,ALFA R - G0/G1,Aluno-977,Pública,Ametista,7.1717,DESCONHECIDO,DESCONHECIDO,DESCONHECIDO,DESCONHECIDO,DESCONHECIDO,ALFA (1° e 2° ano),0,DESCONHECIDO,DESCONHECIDO,DESCONHECIDO,2023,0,0,0,0,0,0,0,0,0,0,0,0,0,0,0,0,0,1,1,1,1,1,1,1,1,1,1,3,1,1,1,1,2,2,2,2,2,2,1,4,2,1,2,2,1,0
RA-978,ALFA,ALFA R - G0/G1,Aluno-978,Pública,Topázio,8.3877,DESCONHECIDO,DESCONHECIDO,DESCONHECIDO,DESCONHECIDO,DESCONHECIDO,ALFA (1° e 2° ano),0,DESCONHECIDO,DESCONHECIDO,DESCONHECIDO,2023,0,0,0,0,0,0,0,0,0,0,0,0,0,0,0,0,0,1,1,1,1,1,1,1,1,1,2,3,1,1,1,1,3,5,1,5,5,5,1,5,2,1,3,5,1,0
RA-979,ALFA,ALFA S - G2/G3,Aluno-979,Pública,Topázio,8.1617,DESCONHECIDO,DESCONHECIDO,DESCONHECIDO,DESCONHECIDO,DESCONHECIDO,ALFA (1° e 2° ano),0,DESCONHECIDO,DESCONHECIDO,DESCONHECIDO,2023,0,0,0,0,0,0,0,0,0,0,0,0,0,0,0,0,0,1,1,1,1,1,1,1,1,1,1,3,1,1,1,1,4,5,2,2,2,2,1,5,2,1,3,2,1,0
RA-980,ALFA,ALFA S - G2/G3,Aluno-980,Pública,Ametista,7.1425,DESCONHECIDO,DESCONHECIDO,DESCONHECIDO,DESCONHECIDO,DESCONHECIDO,ALFA (1° e 2° ano),0,DESCONHECIDO,DESCONHECIDO,DESCONHECIDO,2023,0,0,0,0,0,0,0,0,0,0,0,0,0,0,0,0,0,1,1,1,1,1,1,1,1,1,1,3,1,1,1,1,1,5,2,3,3,2,1,5,2,1,2,3,1,0
RA-808,ALFA,ALFA S - G2/G3,Aluno-808,Pública,Topázio,8.1932,DESCONHECIDO,DESCONHECIDO,DESCONHECIDO,DESCONHECIDO,DESCONHECIDO,Fase 1 (3° e 4° ano),-1,DESCONHECIDO,DESCONHECIDO,DESCONHECIDO,2023,0,0,0,0,0,0,0,0,0,0,0,0,0,0,0,0,0,1,1,1,1,1,1,1,1,1,1,2,1,1,1,1,5,5,1,5,5,5,1,5,1,2,3,5,1,1
RA-981,ALFA,ALFA S - G2/G3,Aluno-981,Pública,Ametista,7.5367,DESCONHECIDO,DESCONHECIDO,DESCONHECIDO,DESCONHECIDO,DESCONHECIDO,ALFA (1° e 2° ano),0,DESCONHECIDO,DESCONHECIDO,DESCONHECIDO,2023,0,0,0,0,0,0,0,0,0,0,0,0,0,0,0,0,0,1,1,1,1,1,1,1,1,1,1,3,1,1,1,1,4,4,1,2,2,2,1,5,2,1,2,2,1,0
RA-982,ALFA,ALFA S - G2/G3,Aluno-982,Pública,Ametista,7.1215,DESCONHECIDO,DESCONHECIDO,DESCONHECIDO,DESCONHECIDO,DESCONHECIDO,ALFA (1° e 2° ano),0,DESCONHECIDO,DESCONHECIDO,DESCONHECIDO,2023,0,0,0,0,0,0,0,0,0,0,0,0,0,0,0,0,0,1,1,1,1,1,1,1,1,1,1,3,1,1,1,1,1,4,1,5,5,5,1,5,2,1,2,5,1,0
RA-983,ALFA,ALFA S - G2/G3,Aluno-983,Pública,Topázio,8.3502,DESCONHECIDO,DESCONHECIDO,DESCONHECIDO,DESCONHECIDO,DESCONHECIDO,ALFA (1° e 2° ano),0,DESCONHECIDO,DESCONHECIDO,DESCONHECIDO,2023,0,0,0,0,0,0,0,0,0,0,0,0,0,0,0,0,0,1,1,1,1,1,1,1,1,1,1,3,1,1,1,1,2,5,1,5,5,5,1,5,2,1,3,5,1,0
RA-984,ALFA,ALFA S - G2/G3,Aluno-984,Pública,Topázio,8.8177,DESCONHECIDO,DESCONHECIDO,DESCONHECIDO,DESCONHECIDO,DESCONHECIDO,ALFA (1° e 2° ano),0,DESCONHECIDO,DESCONHECIDO,DESCONHECIDO,2023,0,0,0,0,0,0,0,0,0,0,0,0,0,0,0,0,0,1,1,1,1,1,1,1,1,1,1,3,1,1,1,1,2,5,5,5,5,4,1,5,2,1,3,4,1,0
RA-985,ALFA,ALFA S - G2/G3,Aluno-985,Pública,Ametista,7.6247,DESCONHECIDO,DESCONHECIDO,DESCONHECIDO,DESCONHECIDO,DESCONHECIDO,ALFA (1° e 2° ano),0,DESCONHECIDO,DESCONHECIDO,DESCONHECIDO,2023,0,0,0,0,0,0,0,0,0,0,0,0,0,0,0,0,0,1,1,1,1,1,1,1,1,1,1,3,1,1,1,1,3,4,1,3,4,2,1,5,2,1,2,3,1,0
RA-986,ALFA,ALFA S - G2/G3,Aluno-986,Pública,Topázio,8.0107,DESCONHECIDO,DESCONHECIDO,DESCONHECIDO,DESCONHECIDO,DESCONHECIDO,ALFA (1° e 2° ano),0,DESCONHECIDO,DESCONHECIDO,DESCONHECIDO,2023,0,0,0,0,0,0,0,0,0,0,0,0,0,0,0,0,0,1,1,1,1,1,1,1,1,1,1,3,1,1,1,1,4,4,1,5,5,5,1,5,2,1,3,5,1,0
RA-987,ALFA,ALFA S - G2/G3,Aluno-987,Pública,Ametista,7.6765,DESCONHECIDO,DESCONHECIDO,DESCONHECIDO,DESCONHECIDO,DESCONHECIDO,ALFA (1° e 2° ano),0,DESCONHECIDO,DESCONHECIDO,DESCONHECIDO,2023,0,0,0,0,0,0,0,0,0,0,0,0,0,0,0,0,0,1,1,1,1,1,1,1,1,1,1,3,1,1,1,1,1,5,2,4,4,3,1,5,2,1,2,4,1,0
RA-988,ALFA,ALFA S - G2/G3,Aluno-988,Pública,Ametista,7.9568,DESCONHECIDO,DESCONHECIDO,DESCONHECIDO,DESCONHECIDO,DESCONHECIDO,Fase 1 (3° e 4° ano),-1,DESCONHECIDO,DESCONHECIDO,DESCONHECIDO,2023,0,0,0,0,0,0,0,0,0,0,0,0,0,0,0,0,0,1,1,1,1,1,1,1,1,1,2,3,1,1,1,1,2,2,5,5,5,5,1,5,1,1,2,5,1,1
RA-989,ALFA,ALFA S - G2/G3,Aluno-989,Pública,Ametista,7.7242,DESCONHECIDO,DESCONHECIDO,DESCONHECIDO,DESCONHECIDO,DESCONHECIDO,Fase 1 (3° e 4° ano),-1,DESCONHECIDO,DESCONHECIDO,DESCONHECIDO,2023,0,0,0,0,0,0,0,0,0,0,0,0,0,0,0,0,0,1,1,1,1,1,1,1,1,1,1,3,1,1,1,1,4,2,1,5,5,4,1,5,1,2,2,4,1,1
RA-677,ALFA,ALFA T - G2/G3,Aluno-677,Pública,Topázio,8.5257,DESCONHECIDO,DESCONHECIDO,DESCONHECIDO,DESCONHECIDO,DESCONHECIDO,Fase 1 (3° e 4° ano),-1,DESCONHECIDO,DESCONHECIDO,DESCONHECIDO,2023,0,0,0,0,0,0,0,0,0,0,0,0,0,0,0,0,0,1,1,1,1,1,1,1,1,1,1,1,1,1,1,1,5,2,5,5,5,5,1,5,1,1,3,5,2,1
RA-990,ALFA,ALFA T - G2/G3,Aluno-990,Pública,Ametista,7.254,DESCONHECIDO,DESCONHECIDO,DESCONHECIDO,DESCONHECIDO,DESCONHECIDO,Fase 1 (3° e 4° ano),-1,DESCONHECIDO,DESCONHECIDO,DESCONHECIDO,2023,0,0,0,0,0,0,0,0,0,0,0,0,0,0,0,0,0,1,1,1,1,1,1,1,1,1,2,3,1,1,1,1,1,3,5,4,5,4,1,5,1,2,2,4,1,1
RA-991,ALFA,ALFA T - G2/G3,Aluno-991,Pública,Ametista,7.7687,DESCONHECIDO,DESCONHECIDO,DESCONHECIDO,DESCONHECIDO,DESCONHECIDO,Fase 1 (3° e 4° ano),-1,DESCONHECIDO,DESCONHECIDO,DESCONHECIDO,2023,0,0,0,0,0,0,0,0,0,0,0,0,0,0,0,0,0,1,1,1,1,1,1,1,1,1,1,3,1,1,1,1,5,4,1,4,4,4,1,5,1,1,2,4,1,1
RA-992,ALFA,ALFA T - G2/G3,Aluno-992,Pública,Ametista,7.2722,DESCONHECIDO,DESCONHECIDO,DESCONHECIDO,DESCONHECIDO,DESCONHECIDO,Fase 2 (5° e 6° ano),-2,DESCONHECIDO,DESCONHECIDO,DESCONHECIDO,2023,0,0,0,0,0,0,0,0,0,0,0,0,0,0,0,0,0,1,1,1,1,1,1,1,1,1,1,3,1,1,1,1,4,2,1,4,4,4,1,5,1,1,2,4,1,1
RA-703,ALFA,ALFA T - G2/G3,Aluno-703,Pública,Agata,6.2737,DESCONHECIDO,DESCONHECIDO,DESCONHECIDO,DESCONHECIDO,DESCONHECIDO,Fase 2 (5° e 6° ano),-2,DESCONHECIDO,DESCONHECIDO,DESCONHECIDO,2023,0,0,0,0,0,0,0,0,0,0,0,0,0,0,0,0,0,1,1,1,1,1,1,1,1,0,2,1,1,1,1,1,4,3,1,1,2,1,1,1,1,1,1,2,2,1
RA-993,ALFA,ALFA T - G2/G3,Aluno-993,Pública,Topázio,8.7592,DESCONHECIDO,DESCONHECIDO,DESCONHECIDO,DESCONHECIDO,DESCONHECIDO,ALFA (1° e 2° ano),0,DESCONHECIDO,DESCONHECIDO,DESCONHECIDO,2023,0,0,0,0,0,0,0,0,0,0,0,0,0,0,0,0,0,1,1,1,1,1,1,1,1,1,1,3,1,1,1,1,4,5,1,5,5,5,1,5,2,2,3,5,1,0
RA-674,ALFA,ALFA T - G2/G3,Aluno-674,Pública,Agata,6.6328,DESCONHECIDO,DESCONHECIDO,DESCONHECIDO,DESCONHECIDO,DESCONHECIDO,Fase 1 (3° e 4° ano),-1,DESCONHECIDO,DESCONHECIDO,DESCONHECIDO,2023,0,0,0,0,0,0,0,0,0,0,0,0,0,0,0,0,0,1,1,1,1,1,1,1,1,0,1,2,1,1,1,1,2,3,1,2,2,1,1,5,1,1,1,2,1,1
RA-994,ALFA,ALFA T - G2/G3,Aluno-994,Pública,Ametista,7.4127,DESCONHECIDO,DESCONHECIDO,DESCONHECIDO,DESCONHECIDO,DESCONHECIDO,ALFA (1° e 2° ano),0,DESCONHECIDO,DESCONHECIDO,DESCONHECIDO,2023,0,0,0,0,0,0,0,0,0,0,0,0,0,0,0,0,0,1,1,1,1,1,1,1,1,1,1,3,1,1,1,1,4,4,1,2,3,2,1,2,2,1,2,2,1,0
RA-995,ALFA,ALFA T - G2/G3,Aluno-995,Pública,Agata,6.4782,DESCONHECIDO,DESCONHECIDO,DESCONHECIDO,DESCONHECIDO,DESCONHECIDO,Fase 2 (5° e 6° ano),-2,DESCONHECIDO,DESCONHECIDO,DESCONHECIDO,2023,0,0,0,0,0,0,0,0,0,0,0,0,0,0,0,0,0,1,1,1,1,1,1,1,1,0,2,3,1,1,1,1,4,2,1,2,2,1,1,2,1,1,1,2,1,1
RA-996,ALFA,ALFA T - G2/G3,Aluno-996,Pública,Topázio,8.1892,DESCONHECIDO,DESCONHECIDO,DESCONHECIDO,DESCONHECIDO,DESCONHECIDO,Fase 1 (3° e 4° ano),-1,DESCONHECIDO,DESCONHECIDO,DESCONHECIDO,2023,0,0,0,0,0,0,0,0,0,0,0,0,0,0,0,0,0,1,1,1,1,1,1,1,1,1,1,3,1,1,1,1,5,4,1,5,5,5,1,5,1,2,3,5,1,1
RA-997,ALFA,ALFA T - G2/G3,Aluno-997,Pública,Ametista,7.5687,DESCONHECIDO,DESCONHECIDO,DESCONHECIDO,DESCONHECIDO,DESCONHECIDO,ALFA (1° e 2° ano),0,DESCONHECIDO,DESCONHECIDO,DESCONHECIDO,2023,0,0,0,0,0,0,0,0,0,0,0,0,0,0,0,0,0,1,1,1,1,1,1,1,1,1,1,3,1,1,1,1,1,3,1,4,4,3,1,5,2,1,2,4,1,0
RA-998,ALFA,ALFA U - G2/G3,Aluno-998,Pública,Ametista,7.9752,DESCONHECIDO,DESCONHECIDO,DESCONHECIDO,DESCONHECIDO,DESCONHECIDO,Fase 2 (5° e 6° ano),-2,DESCONHECIDO,DESCONHECIDO,DESCONHECIDO,2023,0,0,0,0,0,0,0,0,0,0,0,0,0,0,0,0,0,1,1,1,1,1,1,1,1,1,2,3,1,1,1,1,4,4,1,4,4,4,1,5,1,2,2,4,1,1
RA-999,ALFA,ALFA U - G2/G3,Aluno-999,Pública,Topázio,8.0352,DESCONHECIDO,DESCONHECIDO,DESCONHECIDO,DESCONHECIDO,DESCONHECIDO,Fase 1 (3° e 4° ano),-1,DESCONHECIDO,DESCONHECIDO,DESCONHECIDO,2023,0,0,0,0,0,0,0,0,0,0,0,0,0,0,0,0,0,1,1,1,1,1,1,1,1,1,2,3,1,1,1,1,3,4,1,5,5,5,1,5,1,2,3,5,1,1
RA-750,ALFA,ALFA U - G2/G3,Aluno-750,Pública,Quartzo,5.6857,DESCONHECIDO,DESCONHECIDO,DESCONHECIDO,DESCONHECIDO,DESCONHECIDO,Fase 2 (5° e 6° ano),-2,DESCONHECIDO,DESCONHECIDO,DESCONHECIDO,2023,0,0,0,0,0,0,0,0,0,0,0,0,0,0,0,0,0,1,1,1,1,1,1,1,1,0,2,1,1,1,1,1,4,2,1,1,1,1,1,1,1,1,1,1,4,1
RA-770,ALFA,ALFA U - G2/G3,Aluno-770,Pública,Agata,6.6785,DESCONHECIDO,DESCONHECIDO,DESCONHECIDO,DESCONHECIDO,DESCONHECIDO,ALFA (1° e 2° ano),0,DESCONHECIDO,DESCONHECIDO,DESCONHECIDO,2023,0,0,0,0,0,0,0,0,0,0,0,0,0,0,0,0,0,1,1,1,1,1,1,1,1,0,2,2,1,1,1,1,1,3,1,2,2,2,1,5,2,1,1,2,1,0
RA-771,ALFA,ALFA U - G2/G3,Aluno-771,Pública,Ametista,7.056,DESCONHECIDO,DESCONHECIDO,DESCONHECIDO,DESCONHECIDO,DESCONHECIDO,ALFA (1° e 2° ano),0,DESCONHECIDO,DESCONHECIDO,DESCONHECIDO,2023,0,0,0,0,0,0,0,0,0,0,0,0,0,0,0,0,0,1,1,1,1,1,1,1,1,1,2,2,1,1,1,1,1,3,1,5,4,4,1,5,2,1,2,4,1,0
RA-1000,ALFA,ALFA U - G2/G3,Aluno-1000,Pública,Ametista,7.9162,DESCONHECIDO,DESCONHECIDO,DESCONHECIDO,DESCONHECIDO,DESCONHECIDO,ALFA (1° e 2° ano),0,DESCONHECIDO,DESCONHECIDO,DESCONHECIDO,2023,0,0,0,0,0,0,0,0,0,0,0,0,0,0,0,0,0,1,1,1,1,1,1,1,1,1,1,3,1,1,1,1,2,4,1,3,4,3,1,5,2,1,2,3,1,0
RA-830,ALFA,ALFA U - G2/G3,Aluno-830,Pública,Agata,6.78,DESCONHECIDO,DESCONHECIDO,DESCONHECIDO,DESCONHECIDO,DESCONHECIDO,Fase 1 (3° e 4° ano),-1,DESCONHECIDO,DESCONHECIDO,DESCONHECIDO,2023,0,0,0,0,0,0,0,0,0,0,0,0,0,0,0,0,0,1,1,1,1,1,1,1,1,0,1,2,1,1,1,1,1,3,1,5,5,5,1,5,1,1,1,5,1,1
RA-1001,ALFA,ALFA U - G2/G3,Aluno-1001,Pública,Topázio,8.1162,DESCONHECIDO,DESCONHECIDO,DESCONHECIDO,DESCONHECIDO,DESCONHECIDO,Fase 1 (3° e 4° ano),-1,DESCONHECIDO,DESCONHECIDO,DESCONHECIDO,2023,0,0,0,0,0,0,0,0,0,0,0,0,0,0,0,0,0,1,1,1,1,1,1,1,1,1,1,3,1,1,1,1,3,4,5,4,5,4,1,5,1,2,3,4,1,1
RA-1002,ALFA,ALFA U - G2/G3,Aluno-1002,Pública,Ametista,7.9012,DESCONHECIDO,DESCONHECIDO,DESCONHECIDO,DESCONHECIDO,DESCONHECIDO,Fase 1 (3° e 4° ano),-1,DESCONHECIDO,DESCONHECIDO,DESCONHECIDO,2023,0,0,0,0,0,0,0,0,0,0,0,0,0,0,0,0,0,1,1,1,1,1,1,1,1,1,1,3,1,1,1,1,3,5,5,3,4,3,1,5,1,1,2,3,1,1
RA-1003,ALFA,ALFA V - G0/G1,Aluno-1003,Pública,Ametista,7.6522,DESCONHECIDO,DESCONHECIDO,DESCONHECIDO,DESCONHECIDO,DESCONHECIDO,ALFA (1° e 2° ano),0,DESCONHECIDO,DESCONHECIDO,DESCONHECIDO,2023,0,0,0,0,0,0,0,0,0,0,0,0,0,0,0,0,0,1,1,1,1,1,1,1,1,1,1,3,1,1,1,1,3,3,5,1,4,1,1,5,2,2,2,1,1,0
RA-835,ALFA,ALFA V - G0/G1,Aluno-835,Pública,Topázio,8.2467,DESCONHECIDO,DESCONHECIDO,DESCONHECIDO,DESCONHECIDO,DESCONHECIDO,ALFA (1° e 2° ano),0,DESCONHECIDO,DESCONHECIDO,DESCONHECIDO,2023,0,0,0,0,0,0,0,0,0,0,0,0,0,0,0,0,0,1,1,1,1,1,1,1,1,1,1,2,1,1,1,1,2,3,5,5,5,5,1,4,2,1,3,5,1,0
RA-1004,ALFA,ALFA V - G0/G1,Aluno-1004,Pública,Topázio,8.3137,DESCONHECIDO,DESCONHECIDO,DESCONHECIDO,DESCONHECIDO,DESCONHECIDO,ALFA (1° e 2° ano),0,DESCONHECIDO,DESCONHECIDO,DESCONHECIDO,2023,0,0,0,0,0,0,0,0,0,0,0,0,0,0,0,0,0,1,1,1,1,1,1,1,1,1,1,3,1,1,1,1,3,5,5,4,3,5,1,2,2,1,3,4,1,0
RA-1005,ALFA,ALFA V - G0/G1,Aluno-1005,Pública,Topázio,8.4252,DESCONHECIDO,DESCONHECIDO,DESCONHECIDO,DESCONHECIDO,DESCONHECIDO,ALFA (1° e 2° ano),0,DESCONHECIDO,DESCONHECIDO,DESCONHECIDO,2023,0,0,0,0,0,0,0,0,0,0,0,0,0,0,0,0,0,1,1,1,1,1,1,1,1,1,1,3,1,1,1,1,4,2,5,5,5,5,1,4,2,2,3,5,1,0
RA-1006,ALFA,ALFA V - G0/G1,Aluno-1006,Pública,Topázio,8.5922,DESCONHECIDO,DESCONHECIDO,DESCONHECIDO,DESCONHECIDO,DESCONHECIDO,ALFA (1° e 2° ano),0,DESCONHECIDO,DESCONHECIDO,DESCONHECIDO,2023,0,0,0,0,0,0,0,0,0,0,0,0,0,0,0,0,0,1,1,1,1,1,1,1,1,1,1,3,1,1,1,1,3,4,5,5,5,5,1,4,2,2,3,5,1,0
RA-705,ALFA,ALFA V - G0/G1,Aluno-705,Pública,Agata,6.982,DESCONHECIDO,DESCONHECIDO,DESCONHECIDO,DESCONHECIDO,DESCONHECIDO,Fase 2 (5° e 6° ano),-2,DESCONHECIDO,DESCONHECIDO,DESCONHECIDO,2023,0,0,0,0,0,0,0,0,0,0,0,0,0,0,0,0,0,1,1,1,1,1,1,1,1,0,1,2,1,1,1,1,1,3,3,5,5,5,1,4,1,2,1,5,1,1
RA-1007,ALFA,ALFA V - G0/G1,Aluno-1007,Pública,Topázio,8.0782,DESCONHECIDO,DESCONHECIDO,DESCONHECIDO,DESCONHECIDO,DESCONHECIDO,ALFA (1° e 2° ano),0,DESCONHECIDO,DESCONHECIDO,DESCONHECIDO,2023,0,0,0,0,0,0,0,0,0,0,0,0,0,0,0,0,0,1,1,1,1,1,1,1,1,1,2,3,1,1,1,1,3,2,5,5,4,5,1,3,2,2,3,5,1,0
RA-1008,ALFA,ALFA V - G0/G1,Aluno-1008,Pública,Topázio,8.13595,DESCONHECIDO,DESCONHECIDO,DESCONHECIDO,DESCONHECIDO,DESCONHECIDO,ALFA (1° e 2° ano),0,DESCONHECIDO,DESCONHECIDO,DESCONHECIDO,2023,0,0,0,0,0,0,0,0,0,0,0,0,0,0,0,0,0,1,1,1,1,1,1,1,1,1,1,3,1,1,1,1,3,3,5,5,4,5,1,3,2,1,3,5,1,0
RA-729,ALFA,ALFA V - G0/G1,Aluno-729,Pública,Ametista,7.26545,DESCONHECIDO,DESCONHECIDO,DESCONHECIDO,DESCONHECIDO,DESCONHECIDO,Fase 1 (3° e 4° ano),-1,DESCONHECIDO,DESCONHECIDO,DESCONHECIDO,2023,0,0,0,0,0,0,0,0,0,0,0,0,0,0,0,0,0,1,1,1,1,1,1,1,1,1,2,2,1,1,1,1,2,4,1,5,4,5,1,2,1,1,2,5,1,1
RA-1009,ALFA,ALFA Y - G0/G1,Aluno-1009,Pública,Ametista,7.245,DESCONHECIDO,DESCONHECIDO,DESCONHECIDO,DESCONHECIDO,DESCONHECIDO,ALFA (1° e 2° ano),0,DESCONHECIDO,DESCONHECIDO,DESCONHECIDO,2023,0,0,0,0,0,0,0,0,0,0,0,0,0,0,0,0,0,1,1,1,1,1,1,1,1,1,1,3,1,1,1,1,1,4,1,5,5,5,1,4,2,2,2,5,1,0
RA-1010,ALFA,ALFA Y - G0/G1,Aluno-1010,Pública,Topázio,8.70645,DESCONHECIDO,DESCONHECIDO,DESCONHECIDO,DESCONHECIDO,DESCONHECIDO,ALFA (1° e 2° ano),0,DESCONHECIDO,DESCONHECIDO,DESCONHECIDO,2023,0,0,0,0,0,0,0,0,0,0,0,0,0,0,0,0,0,1,1,1,1,1,1,1,1,1,1,3,1,1,1,1,4,5,1,5,5,5,1,5,2,3,3,5,1,0
RA-1011,ALFA,ALFA Y - G0/G1,Aluno-1011,Pública,Ametista,7.33095,DESCONHECIDO,DESCONHECIDO,DESCONHECIDO,DESCONHECIDO,DESCONHECIDO,ALFA (1° e 2° ano),0,DESCONHECIDO,DESCONHECIDO,DESCONHECIDO,2023,0,0,0,0,0,0,0,0,0,0,0,0,0,0,0,0,0,1,1,1,1,1,1,1,1,1,2,3,1,1,1,1,4,3,1,2,2,1,1,3,2,1,2,2,1,0
RA-1012,ALFA,ALFA Y - G0/G1,Aluno-1012,Pública,Ametista,7.96495,DESCONHECIDO,DESCONHECIDO,DESCONHECIDO,DESCONHECIDO,DESCONHECIDO,ALFA (1° e 2° ano),0,DESCONHECIDO,DESCONHECIDO,DESCONHECIDO,2023,0,0,0,0,0,0,0,0,0,0,0,0,0,0,0,0,0,1,1,1,1,1,1,1,1,1,1,3,1,1,1,1,5,5,1,3,4,2,1,4,2,1,2,3,1,0
RA-1013,ALFA,ALFA Y - G0/G1,Aluno-1013,Pública,Ametista,7.6237,DESCONHECIDO,DESCONHECIDO,DESCONHECIDO,DESCONHECIDO,DESCONHECIDO,ALFA (1° e 2° ano),0,DESCONHECIDO,DESCONHECIDO,DESCONHECIDO,2023,0,0,0,0,0,0,0,0,0,0,0,0,0,0,0,0,0,1,1,1,1,1,1,1,1,1,1,3,1,1,1,1,3,5,1,5,4,5,1,1,2,1,2,4,1,0
RA-1014,ALFA,ALFA Y - G0/G1,Aluno-1014,Pública,Topázio,8.2582,DESCONHECIDO,DESCONHECIDO,DESCONHECIDO,DESCONHECIDO,DESCONHECIDO,ALFA (1° e 2° ano),0,DESCONHECIDO,DESCONHECIDO,DESCONHECIDO,2023,0,0,0,0,0,0,0,0,0,0,0,0,0,0,0,0,0,1,1,1,1,1,1,1,1,1,2,3,1,1,1,1,3,5,1,5,4,5,1,4,2,2,3,4,1,0
RA-1015,FASE 1,1A,Aluno-1015,Pública,Ametista,7.538908333,DESCONHECIDO,DESCONHECIDO,DESCONHECIDO,DESCONHECIDO,DESCONHECIDO,Fase 2 (5° e 6° ano),-1,DESCONHECIDO,DESCONHECIDO,DESCONHECIDO,2023,0,0,0,0,0,0,0,0,0,0,0,0,0,0,0,0,0,1,1,1,1,1,1,1,1,1,1,3,1,1,1,2,5,4,2,3,2,4,1,4,1,2,2,3,1,1
RA-734,FASE 1,1A,Aluno-734,Pública,Ametista,7.305908333,DESCONHECIDO,DESCONHECIDO,DESCONHECIDO,DESCONHECIDO,DESCONHECIDO,Fase 2 (5° e 6° ano),-1,DESCONHECIDO,DESCONHECIDO,DESCONHECIDO,2023,0,0,0,0,0,0,0,0,0,0,0,0,0,0,0,0,0,1,1,1,1,1,1,1,1,1,2,2,1,1,1,2,2,2,5,3,3,3,1,2,1,2,2,3,1,1
RA-687,FASE 1,1A,Aluno-687,Pública,Ametista,7.617533333,DESCONHECIDO,DESCONHECIDO,DESCONHECIDO,DESCONHECIDO,DESCONHECIDO,Fase 2 (5° e 6° ano),-1,DESCONHECIDO,DESCONHECIDO,DESCONHECIDO,2023,0,0,0,0,0,0,0,0,0,0,0,0,0,0,0,0,0,1,1,1,1,1,1,1,1,1,1,2,1,1,1,2,2,4,5,3,3,3,1,4,1,2,2,3,1,1
RA-1016,FASE 1,1A,Aluno-1016,Pública,Ametista,7.762575,DESCONHECIDO,DESCONHECIDO,DESCONHECIDO,DESCONHECIDO,DESCONHECIDO,Fase 2 (5° e 6° ano),-1,DESCONHECIDO,DESCONHECIDO,DESCONHECIDO,2023,0,0,0,0,0,0,0,0,0,0,0,0,0,0,0,0,0,1,1,1,1,1,1,1,1,1,1,3,1,1,1,2,5,4,5,3,2,4,1,3,1,2,2,3,1,1
RA-1017,FASE 1,1A,Aluno-1017,Pública,Agata,6.505333333,DESCONHECIDO,DESCONHECIDO,DESCONHECIDO,DESCONHECIDO,DESCONHECIDO,Fase 2 (5° e 6° ano),-1,DESCONHECIDO,DESCONHECIDO,DESCONHECIDO,2023,0,0,0,0,0,0,0,0,0,0,0,0,0,0,0,0,0,1,1,1,1,1,1,1,1,0,2,3,1,1,1,2,1,2,2,4,4,5,1,4,1,2,1,4,1,1
RA-688,FASE 1,1A,Aluno-688,Pública,Topázio,8.0442,DESCONHECIDO,DESCONHECIDO,DESCONHECIDO,DESCONHECIDO,DESCONHECIDO,Fase 2 (5° e 6° ano),-1,DESCONHECIDO,DESCONHECIDO,DESCONHECIDO,2023,0,0,0,0,0,0,0,0,0,0,0,0,0,0,0,0,0,1,1,1,1,1,1,1,1,1,1,2,1,1,1,2,2,4,5,5,4,5,1,4,1,2,3,5,1,1
RA-1018,FASE 1,1A,Aluno-1018,Pública,Agata,6.824,DESCONHECIDO,DESCONHECIDO,DESCONHECIDO,DESCONHECIDO,DESCONHECIDO,Fase 1 (3° e 4° ano),0,DESCONHECIDO,DESCONHECIDO,DESCONHECIDO,2023,0,0,0,0,0,0,0,0,0,0,0,0,0,0,0,0,0,1,1,1,1,1,1,1,1,0,2,3,1,1,1,2,1,3,2,3,2,3,1,4,2,2,1,3,1,0
RA-696,FASE 1,1A,Aluno-696,Pública,Ametista,7.172666667,DESCONHECIDO,DESCONHECIDO,DESCONHECIDO,DESCONHECIDO,DESCONHECIDO,Fase 1 (3° e 4° ano),0,DESCONHECIDO,DESCONHECIDO,DESCONHECIDO,2023,0,0,0,0,0,0,0,0,0,0,0,0,0,0,0,0,0,1,1,1,1,1,1,1,1,1,2,1,1,1,1,2,1,4,2,3,2,4,1,5,2,2,2,3,2,0
RA-1019,FASE 1,1A,Aluno-1019,Pública,Ametista,7.177033333,DESCONHECIDO,DESCONHECIDO,DESCONHECIDO,DESCONHECIDO,DESCONHECIDO,ALFA (1° e 2° ano),1,DESCONHECIDO,DESCONHECIDO,DESCONHECIDO,2023,0,0,0,0,0,0,0,0,0,0,0,0,0,0,0,0,0,1,1,1,1,1,1,1,1,1,1,3,1,1,1,2,1,4,2,1,1,4,1,4,2,1,2,1,1,0
RA-514,FASE 1,1A,Aluno-514,Pública,Quartzo,5.823133333,DESCONHECIDO,DESCONHECIDO,DESCONHECIDO,DESCONHECIDO,DESCONHECIDO,Fase 2 (5° e 6° ano),-1,DESCONHECIDO,DESCONHECIDO,DESCONHECIDO,2023,0,0,0,0,0,0,0,0,0,0,0,0,0,0,0,0,0,1,1,1,1,1,1,1,1,0,2,2,1,1,1,2,2,2,1,2,1,3,1,1,1,1,1,2,1,1
RA-1020,FASE 1,1A,Aluno-1020,Pública,Ametista,7.612283333,DESCONHECIDO,DESCONHECIDO,DESCONHECIDO,DESCONHECIDO,DESCONHECIDO,Fase 1 (3° e 4° ano),0,DESCONHECIDO,DESCONHECIDO,DESCONHECIDO,2023,0,0,0,0,0,0,0,0,0,0,0,0,0,0,0,0,0,1,1,1,1,1,1,1,1,1,1,3,1,1,1,2,5,4,1,2,1,4,1,4,2,1,2,2,1,0
RA-1021,FASE 1,1A,Aluno-1021,Pública,Agata,6.964616667,DESCONHECIDO,DESCONHECIDO,DESCONHECIDO,DESCONHECIDO,DESCONHECIDO,Fase 1 (3° e 4° ano),0,DESCONHECIDO,DESCONHECIDO,DESCONHECIDO,2023,0,0,0,0,0,0,0,0,0,0,0,0,0,0,0,0,0,1,1,1,1,1,1,1,1,0,2,3,1,1,1,2,2,4,1,1,1,1,1,4,2,1,1,1,1,0
RA-1022,FASE 1,1A,Aluno-1022,Pública,Ametista,7.164616667,DESCONHECIDO,DESCONHECIDO,DESCONHECIDO,DESCONHECIDO,DESCONHECIDO,Fase 1 (3° e 4° ano),0,DESCONHECIDO,DESCONHECIDO,DESCONHECIDO,2023,0,0,0,0,0,0,0,0,0,0,0,0,0,0,0,0,0,1,1,1,1,1,1,1,1,1,1,3,1,1,1,2,2,3,1,1,2,1,1,4,2,1,2,2,1,0
RA-1023,FASE 1,1A,Aluno-1023,Pública,Topázio,9.1342,DESCONHECIDO,DESCONHECIDO,DESCONHECIDO,DESCONHECIDO,DESCONHECIDO,Fase 1 (3° e 4° ano),0,DESCONHECIDO,DESCONHECIDO,DESCONHECIDO,2023,0,0,0,0,0,0,0,0,0,0,0,0,0,0,0,0,0,1,1,1,1,1,1,1,1,1,2,3,1,1,1,2,5,5,2,5,5,5,1,5,2,4,3,5,1,0
RA-699,FASE 1,1A,Aluno-699,Pública,Agata,6.389991667,DESCONHECIDO,DESCONHECIDO,DESCONHECIDO,DESCONHECIDO,DESCONHECIDO,Fase 2 (5° e 6° ano),-1,DESCONHECIDO,DESCONHECIDO,DESCONHECIDO,2023,0,0,0,0,0,0,0,0,0,0,0,0,0,0,0,0,0,1,1,1,1,1,1,1,1,0,1,2,1,1,1,2,2,3,1,2,2,2,1,1,1,1,1,2,1,1
RA-480,FASE 1,1B,Aluno-480,Pública,Topázio,8.226408333,DESCONHECIDO,DESCONHECIDO,DESCONHECIDO,DESCONHECIDO,DESCONHECIDO,Fase 2 (5° e 6° ano),-1,DESCONHECIDO,DESCONHECIDO,DESCONHECIDO,2023,0,0,0,0,0,0,0,0,0,0,0,0,0,0,0,0,0,1,1,1,1,1,1,1,1,1,2,1,1,1,1,2,5,5,5,4,4,5,1,4,1,3,3,4,2,1
RA-678,FASE 1,1B,Aluno-678,Pública,Ametista,7.570158333,DESCONHECIDO,DESCONHECIDO,DESCONHECIDO,DESCONHECIDO,DESCONHECIDO,Fase 2 (5° e 6° ano),-1,DESCONHECIDO,DESCONHECIDO,DESCONHECIDO,2023,0,0,0,0,0,0,0,0,0,0,0,0,0,0,0,0,0,1,1,1,1,1,1,1,1,1,1,2,1,1,1,2,2,3,2,4,3,4,1,4,1,3,2,4,1,1
RA-1024,FASE 1,1B,Aluno-1024,Pública,Ametista,7.788875,DESCONHECIDO,DESCONHECIDO,DESCONHECIDO,DESCONHECIDO,DESCONHECIDO,Fase 2 (5° e 6° ano),-1,DESCONHECIDO,DESCONHECIDO,DESCONHECIDO,2023,0,0,0,0,0,0,0,0,0,0,0,0,0,0,0,0,0,1,1,1,1,1,1,1,1,1,1,3,1,1,1,2,1,5,2,5,5,5,1,5,1,4,2,5,1,1
RA-502,FASE 1,1B,Aluno-502,Privada - Programa de Apadrinhamento,Topázio,8.749075,DESCONHECIDO,DESCONHECIDO,DESCONHECIDO,DESCONHECIDO,DESCONHECIDO,Fase 1 (3° e 4° ano),0,DESCONHECIDO,DESCONHECIDO,DESCONHECIDO,2023,0,0,0,0,0,0,0,0,0,0,0,0,0,0,0,0,0,1,1,1,1,1,1,1,1,1,1,1,1,1,1,2,2,5,5,4,3,5,1,5,2,3,3,4,2,0
RA-1025,FASE 1,1B,Aluno-1025,Pública,Topázio,8.215158333,DESCONHECIDO,DESCONHECIDO,DESCONHECIDO,DESCONHECIDO,DESCONHECIDO,Fase 1 (3° e 4° ano),0,DESCONHECIDO,DESCONHECIDO,DESCONHECIDO,2023,0,0,0,0,0,0,0,0,0,0,0,0,0,0,0,0,0,1,1,1,1,1,1,1,1,1,1,3,1,1,1,2,2,3,5,4,4,4,1,4,2,3,3,4,1,0
RA-680,FASE 1,1B,Aluno-680,Pública,Agata,6.5855,DESCONHECIDO,DESCONHECIDO,DESCONHECIDO,DESCONHECIDO,DESCONHECIDO,Fase 2 (5° e 6° ano),-1,DESCONHECIDO,DESCONHECIDO,DESCONHECIDO,2023,0,0,0,0,0,0,0,0,0,0,0,0,0,0,0,0,0,1,1,1,1,1,1,1,1,0,2,1,1,1,1,2,1,4,5,3,2,4,1,3,1,1,1,3,4,1
RA-1026,FASE 1,1B,Aluno-1026,Pública,Agata,6.494825,DESCONHECIDO,DESCONHECIDO,DESCONHECIDO,DESCONHECIDO,DESCONHECIDO,Fase 4 (9° ano),-3,DESCONHECIDO,DESCONHECIDO,DESCONHECIDO,2023,0,0,0,0,0,0,0,0,0,0,0,0,0,0,0,0,0,1,1,1,1,1,1,1,1,0,2,3,1,1,1,2,2,5,5,1,1,1,1,2,1,1,1,1,1,1
RA-698,FASE 1,1B,Aluno-698,Pública,Ametista,7.553616667,DESCONHECIDO,DESCONHECIDO,DESCONHECIDO,DESCONHECIDO,DESCONHECIDO,Fase 1 (3° e 4° ano),0,DESCONHECIDO,DESCONHECIDO,DESCONHECIDO,2023,0,0,0,0,0,0,0,0,0,0,0,0,0,0,0,0,0,1,1,1,1,1,1,1,1,1,1,1,1,1,1,2,2,5,1,2,1,3,1,4,2,1,2,2,2,0
RA-533,FASE 1,1B,Aluno-533,Pública,Ametista,7.434866667,DESCONHECIDO,DESCONHECIDO,DESCONHECIDO,DESCONHECIDO,DESCONHECIDO,Fase 2 (5° e 6° ano),-1,DESCONHECIDO,DESCONHECIDO,DESCONHECIDO,2023,0,0,0,0,0,0,0,0,0,0,0,0,0,0,0,0,0,1,1,1,1,1,1,1,1,1,2,2,1,1,1,2,3,4,5,2,2,3,1,3,1,2,2,2,1,1
RA-504,FASE 1,1B,Aluno-504,Pública,Topázio,8.299533333,DESCONHECIDO,DESCONHECIDO,DESCONHECIDO,DESCONHECIDO,DESCONHECIDO,Fase 1 (3° e 4° ano),0,DESCONHECIDO,DESCONHECIDO,DESCONHECIDO,2023,0,0,0,0,0,0,0,0,0,0,0,0,0,0,0,0,0,1,1,1,1,1,1,1,1,1,1,1,1,1,1,2,2,3,5,4,3,5,1,5,2,2,3,4,2,0
RA-1027,FASE 1,1B,Aluno-1027,Pública,Ametista,7.748866667,DESCONHECIDO,DESCONHECIDO,DESCONHECIDO,DESCONHECIDO,DESCONHECIDO,Fase 2 (5° e 6° ano),-1,DESCONHECIDO,DESCONHECIDO,DESCONHECIDO,2023,0,0,0,0,0,0,0,0,0,0,0,0,0,0,0,0,0,1,1,1,1,1,1,1,1,1,1,3,1,1,1,2,4,5,5,2,1,4,1,4,1,2,2,2,1,1
RA-529,FASE 1,1B,Aluno-529,Pública,Ametista,7.278991667,DESCONHECIDO,DESCONHECIDO,DESCONHECIDO,DESCONHECIDO,DESCONHECIDO,Fase 3 (7° e 8° ano),-2,DESCONHECIDO,DESCONHECIDO,DESCONHECIDO,2023,0,0,0,0,0,0,0,0,0,0,0,0,0,0,0,0,0,1,1,1,1,1,1,1,1,1,2,1,1,1,1,2,2,5,5,3,2,5,1,2,1,1,2,3,3,1
RA-1028,FASE 1,1B,Aluno-1028,Pública,Agata,6.415708333,DESCONHECIDO,DESCONHECIDO,DESCONHECIDO,DESCONHECIDO,DESCONHECIDO,Fase 2 (5° e 6° ano),-1,DESCONHECIDO,DESCONHECIDO,DESCONHECIDO,2023,0,0,0,0,0,0,0,0,0,0,0,0,0,0,0,0,0,1,1,1,1,1,1,1,1,0,2,3,1,1,1,2,1,4,5,2,2,1,1,4,1,2,1,2,1,1
RA-686,FASE 1,1C,Aluno-686,Pública,Ametista,7.9642,DESCONHECIDO,DESCONHECIDO,DESCONHECIDO,DESCONHECIDO,DESCONHECIDO,Fase 2 (5° e 6° ano),-1,DESCONHECIDO,DESCONHECIDO,DESCONHECIDO,2023,0,0,0,0,0,0,0,0,0,0,0,0,0,0,0,0,0,1,1,1,1,1,1,1,1,1,1,2,1,1,1,2,2,4,5,4,4,5,1,5,1,2,2,4,1,1
RA-1029,FASE 1,1C,Aluno-1029,Pública,Ametista,7.058533333,DESCONHECIDO,DESCONHECIDO,DESCONHECIDO,DESCONHECIDO,DESCONHECIDO,Fase 1 (3° e 4° ano),0,DESCONHECIDO,DESCONHECIDO,DESCONHECIDO,2023,0,0,0,0,0,0,0,0,0,0,0,0,0,0,0,0,0,1,1,1,1,1,1,1,1,1,1,3,1,1,1,2,5,1,1,2,1,4,1,4,2,2,2,2,1,0
RA-1030,FASE 1,1C,Aluno-1030,Pública,Ametista,7.4027,DESCONHECIDO,DESCONHECIDO,DESCONHECIDO,DESCONHECIDO,DESCONHECIDO,Fase 2 (5° e 6° ano),-1,DESCONHECIDO,DESCONHECIDO,DESCONHECIDO,2023,0,0,0,0,0,0,0,0,0,0,0,0,0,0,0,0,0,1,1,1,1,1,1,1,1,1,2,3,1,1,1,2,2,5,1,3,3,4,1,5,1,1,2,3,1,1
RA-522,FASE 1,1C,Aluno-522,Pública,Ametista,7.890533333,DESCONHECIDO,DESCONHECIDO,DESCONHECIDO,DESCONHECIDO,DESCONHECIDO,Fase 2 (5° e 6° ano),-1,DESCONHECIDO,DESCONHECIDO,DESCONHECIDO,2023,0,0,0,0,0,0,0,0,0,0,0,0,0,0,0,0,0,1,1,1,1,1,1,1,1,1,2,1,1,1,1,2,1,4,5,5,5,4,1,5,1,1,2,4,2,1
RA-501,FASE 1,1C,Aluno-501,Pública,Topázio,8.1357,DESCONHECIDO,DESCONHECIDO,DESCONHECIDO,DESCONHECIDO,DESCONHECIDO,Fase 2 (5° e 6° ano),-1,DESCONHECIDO,DESCONHECIDO,DESCONHECIDO,2023,0,0,0,0,0,0,0,0,0,0,0,0,0,0,0,0,0,1,1,1,1,1,1,1,1,1,1,1,1,1,1,2,1,3,5,5,5,5,1,5,1,4,3,5,2,1
RA-692,FASE 1,1C,Aluno-692,Privada,Agata,6.588466667,DESCONHECIDO,DESCONHECIDO,DESCONHECIDO,DESCONHECIDO,DESCONHECIDO,Fase 2 (5° e 6° ano),-1,DESCONHECIDO,DESCONHECIDO,DESCONHECIDO,2023,0,0,0,0,0,0,0,0,0,0,0,0,0,0,0,0,0,1,1,1,1,1,1,1,1,0,1,1,1,1,1,2,1,2,5,1,1,2,1,2,1,1,1,2,2,1
RA-527,FASE 1,1C,Aluno-527,Pública,Ametista,7.5682,DESCONHECIDO,DESCONHECIDO,DESCONHECIDO,DESCONHECIDO,DESCONHECIDO,Fase 2 (5° e 6° ano),-1,DESCONHECIDO,DESCONHECIDO,DESCONHECIDO,2023,0,0,0,0,0,0,0,0,0,0,0,0,0,0,0,0,0,1,1,1,1,1,1,1,1,1,2,2,1,1,1,2,3,4,5,3,2,4,1,3,1,2,2,3,1,1
RA-1031,FASE 1,1D,Aluno-1031,Pública,Ametista,7.0602,DESCONHECIDO,DESCONHECIDO,DESCONHECIDO,DESCONHECIDO,DESCONHECIDO,Fase 2 (5° e 6° ano),-1,DESCONHECIDO,DESCONHECIDO,DESCONHECIDO,2023,0,0,0,0,0,0,0,0,0,0,0,0,0,0,0,0,0,1,1,1,1,1,1,1,1,1,1,3,1,1,1,2,2,3,5,2,2,3,1,2,1,1,2,2,1,1
RA-1032,FASE 1,1D,Aluno-1032,Pública,Ametista,7.434033333,DESCONHECIDO,DESCONHECIDO,DESCONHECIDO,DESCONHECIDO,DESCONHECIDO,Fase 2 (5° e 6° ano),-1,DESCONHECIDO,DESCONHECIDO,DESCONHECIDO,2023,0,0,0,0,0,0,0,0,0,0,0,0,0,0,0,0,0,1,1,1,1,1,1,1,1,1,2,3,1,1,1,2,2,4,5,2,2,2,1,3,1,1,2,2,1,1
RA-1033,FASE 1,1D,Aluno-1033,Pública,Topázio,8.126033333,DESCONHECIDO,DESCONHECIDO,DESCONHECIDO,DESCONHECIDO,DESCONHECIDO,Fase 2 (5° e 6° ano),-1,DESCONHECIDO,DESCONHECIDO,DESCONHECIDO,2023,0,0,0,0,0,0,0,0,0,0,0,0,0,0,0,0,0,1,1,1,1,1,1,1,1,1,2,3,1,1,1,2,3,3,5,4,4,5,1,5,1,3,3,4,1,1
RA-1034,FASE 1,1D,Aluno-1034,Pública,Ametista,7.9642,DESCONHECIDO,DESCONHECIDO,DESCONHECIDO,DESCONHECIDO,DESCONHECIDO,Fase 2 (5° e 6° ano),-1,DESCONHECIDO,DESCONHECIDO,DESCONHECIDO,2023,0,0,0,0,0,0,0,0,0,0,0,0,0,0,0,0,0,1,1,1,1,1,1,1,1,1,1,3,1,1,1,2,1,4,5,5,4,5,1,5,1,4,2,4,1,1
RA-1035,FASE 1,1D,Aluno-1035,Pública,Agata,6.888833333,DESCONHECIDO,DESCONHECIDO,DESCONHECIDO,DESCONHECIDO,DESCONHECIDO,Fase 1 (3° e 4° ano),0,DESCONHECIDO,DESCONHECIDO,DESCONHECIDO,2023,0,0,0,0,0,0,0,0,0,0,0,0,0,0,0,0,0,1,1,1,1,1,1,1,1,0,1,3,1,1,1,2,1,3,5,2,1,4,1,3,2,3,1,2,1,0
RA-730,FASE 1,1F,Aluno-730,Privada,Ametista,7.979325,DESCONHECIDO,DESCONHECIDO,DESCONHECIDO,DESCONHECIDO,DESCONHECIDO,Fase 2 (5° e 6° ano),-1,DESCONHECIDO,DESCONHECIDO,DESCONHECIDO,2023,0,0,0,0,0,0,0,0,0,0,0,0,0,0,0,0,0,1,1,1,1,1,1,1,1,1,1,1,1,1,1,2,5,3,2,4,4,4,1,5,1,4,2,4,2,1
RA-855,FASE 1,1F,Aluno-855,Pública,Topázio,8.62995,DESCONHECIDO,DESCONHECIDO,DESCONHECIDO,DESCONHECIDO,DESCONHECIDO,Fase 1 (3° e 4° ano),0,DESCONHECIDO,DESCONHECIDO,DESCONHECIDO,2023,0,0,0,0,0,0,0,0,0,0,0,0,0,0,0,0,0,1,1,1,1,1,1,1,1,1,1,2,1,1,1,2,4,5,5,3,2,5,1,5,2,4,3,3,1,0
RA-820,FASE 1,1F,Aluno-820,Pública,Ametista,7.85605,DESCONHECIDO,DESCONHECIDO,DESCONHECIDO,DESCONHECIDO,DESCONHECIDO,Fase 2 (5° e 6° ano),-1,DESCONHECIDO,DESCONHECIDO,DESCONHECIDO,2023,0,0,0,0,0,0,0,0,0,0,0,0,0,0,0,0,0,1,1,1,1,1,1,1,1,1,1,2,1,1,1,2,2,2,5,5,5,5,1,4,1,4,2,5,1,1
RA-738,FASE 1,1F,Aluno-738,Pública,Topázio,8.123283333,DESCONHECIDO,DESCONHECIDO,DESCONHECIDO,DESCONHECIDO,DESCONHECIDO,Fase 1 (3° e 4° ano),0,DESCONHECIDO,DESCONHECIDO,DESCONHECIDO,2023,0,0,0,0,0,0,0,0,0,0,0,0,0,0,0,0,0,1,1,1,1,1,1,1,1,1,2,2,1,1,1,2,2,4,5,2,1,4,1,4,2,4,3,2,1,0
RA-1036,FASE 1,1F,Aluno-1036,Pública,Agata,6.970583333,DESCONHECIDO,DESCONHECIDO,DESCONHECIDO,DESCONHECIDO,DESCONHECIDO,Fase 2 (5° e 6° ano),-1,DESCONHECIDO,DESCONHECIDO,DESCONHECIDO,2023,0,0,0,0,0,0,0,0,0,0,0,0,0,0,0,0,0,1,1,1,1,1,1,1,1,0,2,3,1,1,1,2,1,5,1,4,5,3,1,4,1,4,1,4,1,1
RA-1037,FASE 1,1F,Aluno-1037,Pública,Ametista,7.655575,DESCONHECIDO,DESCONHECIDO,DESCONHECIDO,DESCONHECIDO,DESCONHECIDO,Fase 2 (5° e 6° ano),-1,DESCONHECIDO,DESCONHECIDO,DESCONHECIDO,2023,0,0,0,0,0,0,0,0,0,0,0,0,0,0,0,0,0,1,1,1,1,1,1,1,1,1,1,3,1,1,1,2,3,3,5,3,2,5,1,4,1,4,2,3,1,1
RA-576,FASE 1,1F,Aluno-576,Pública,Ametista,7.984741667,DESCONHECIDO,DESCONHECIDO,DESCONHECIDO,DESCONHECIDO,DESCONHECIDO,Fase 2 (5° e 6° ano),-1,DESCONHECIDO,DESCONHECIDO,DESCONHECIDO,2023,0,0,0,0,0,0,0,0,0,0,0,0,0,0,0,0,0,1,1,1,1,1,1,1,1,1,2,2,1,1,1,2,3,4,2,4,3,5,1,5,1,4,2,4,1,1
RA-1038,FASE 1,1F,Aluno-1038,Privada,Ametista,7.736825,DESCONHECIDO,DESCONHECIDO,DESCONHECIDO,DESCONHECIDO,DESCONHECIDO,Fase 2 (5° e 6° ano),-1,DESCONHECIDO,DESCONHECIDO,DESCONHECIDO,2023,0,0,0,0,0,0,0,0,0,0,0,0,0,0,0,0,0,1,1,1,1,1,1,1,1,1,1,3,1,1,1,2,2,4,5,3,4,2,1,4,1,4,2,3,1,1
RA-1039,FASE 1,1F,Aluno-1039,Pública,Ametista,7.686033333,DESCONHECIDO,DESCONHECIDO,DESCONHECIDO,DESCONHECIDO,DESCONHECIDO,Fase 3 (7° e 8° ano),-2,DESCONHECIDO,DESCONHECIDO,DESCONHECIDO,2023,0,0,0,0,0,0,0,0,0,0,0,0,0,0,0,0,0,1,1,1,1,1,1,1,1,1,2,3,1,1,1,2,2,5,5,2,2,2,1,4,1,3,2,2,1,1
RA-1040,FASE 1,1F,Aluno-1040,Pública,Ametista,7.81545,DESCONHECIDO,DESCONHECIDO,DESCONHECIDO,DESCONHECIDO,DESCONHECIDO,Fase 2 (5° e 6° ano),-1,DESCONHECIDO,DESCONHECIDO,DESCONHECIDO,2023,0,0,0,0,0,0,0,0,0,0,0,0,0,0,0,0,0,1,1,1,1,1,1,1,1,1,2,3,1,1,1,2,5,4,5,3,2,4,1,4,1,3,2,3,1,1
RA-1041,FASE 1,1F,Aluno-1041,Pública,Agata,6.724116667,DESCONHECIDO,DESCONHECIDO,DESCONHECIDO,DESCONHECIDO,DESCONHECIDO,Fase 2 (5° e 6° ano),-1,DESCONHECIDO,DESCONHECIDO,DESCONHECIDO,2023,0,0,0,0,0,0,0,0,0,0,0,0,0,0,0,0,0,1,1,1,1,1,1,1,1,0,1,3,1,1,1,2,5,2,5,1,1,1,1,4,1,3,1,1,1,1
RA-733,FASE 1,1G,Aluno-733,Pública,Topázio,8.3342,DESCONHECIDO,DESCONHECIDO,DESCONHECIDO,DESCONHECIDO,DESCONHECIDO,Fase 1 (3° e 4° ano),0,DESCONHECIDO,DESCONHECIDO,DESCONHECIDO,2023,0,0,0,0,0,0,0,0,0,0,0,0,0,0,0,0,0,1,1,1,1,1,1,1,1,1,1,2,1,1,1,2,5,3,5,2,1,4,1,5,2,4,3,2,1,0
RA-837,FASE 1,1G,Aluno-837,Pública,Topázio,8.2712,DESCONHECIDO,DESCONHECIDO,DESCONHECIDO,DESCONHECIDO,DESCONHECIDO,Fase 1 (3° e 4° ano),0,DESCONHECIDO,DESCONHECIDO,DESCONHECIDO,2023,0,0,0,0,0,0,0,0,0,0,0,0,0,0,0,0,0,1,1,1,1,1,1,1,1,1,2,2,1,1,1,2,3,4,5,3,3,4,1,4,2,3,3,3,1,0
RA-519,FASE 1,1G,Aluno-519,Pública,Topázio,8.0177,DESCONHECIDO,DESCONHECIDO,DESCONHECIDO,DESCONHECIDO,DESCONHECIDO,Fase 2 (5° e 6° ano),-1,DESCONHECIDO,DESCONHECIDO,DESCONHECIDO,2023,0,0,0,0,0,0,0,0,0,0,0,0,0,0,0,0,0,1,1,1,1,1,1,1,1,1,1,2,1,1,1,2,3,5,5,4,4,4,1,4,1,3,3,4,1,1
RA-521,FASE 1,1G,Aluno-521,Pública,Agata,6.768666667,DESCONHECIDO,DESCONHECIDO,DESCONHECIDO,DESCONHECIDO,DESCONHECIDO,Fase 2 (5° e 6° ano),-1,DESCONHECIDO,DESCONHECIDO,DESCONHECIDO,2023,0,0,0,0,0,0,0,0,0,0,0,0,0,0,0,0,0,1,1,1,1,1,1,1,1,0,2,2,1,1,1,2,1,5,1,4,4,5,1,4,1,1,1,4,1,1
RA-1042,FASE 1,1G,Aluno-1042,Pública,Quartzo,5.331166667,DESCONHECIDO,DESCONHECIDO,DESCONHECIDO,DESCONHECIDO,DESCONHECIDO,Fase 2 (5° e 6° ano),-1,DESCONHECIDO,DESCONHECIDO,DESCONHECIDO,2023,0,0,0,0,0,0,0,0,0,0,0,0,0,0,0,0,0,1,1,1,1,1,1,1,1,0,2,3,1,1,1,2,1,1,1,1,1,1,1,3,1,3,1,1,1,1
RA-713,FASE 1,1G,Aluno-713,Pública,Ametista,7.408033333,DESCONHECIDO,DESCONHECIDO,DESCONHECIDO,DESCONHECIDO,DESCONHECIDO,Fase 2 (5° e 6° ano),-1,DESCONHECIDO,DESCONHECIDO,DESCONHECIDO,2023,0,0,0,0,0,0,0,0,0,0,0,0,0,0,0,0,0,1,1,1,1,1,1,1,1,1,1,1,1,1,1,2,2,5,1,4,3,4,1,4,1,1,2,4,2,1
RA-736,FASE 1,1G,Aluno-736,Pública,Ametista,7.600033333,DESCONHECIDO,DESCONHECIDO,DESCONHECIDO,DESCONHECIDO,DESCONHECIDO,Fase 2 (5° e 6° ano),-1,DESCONHECIDO,DESCONHECIDO,DESCONHECIDO,2023,0,0,0,0,0,0,0,0,0,0,0,0,0,0,0,0,0,1,1,1,1,1,1,1,1,1,1,2,1,1,1,2,2,4,2,3,2,5,1,4,1,3,2,3,1,1
RA-1043,FASE 1,1G,Aluno-1043,Pública,Agata,6.5447,DESCONHECIDO,DESCONHECIDO,DESCONHECIDO,DESCONHECIDO,DESCONHECIDO,Fase 2 (5° e 6° ano),-1,DESCONHECIDO,DESCONHECIDO,DESCONHECIDO,2023,0,0,0,0,0,0,0,0,0,0,0,0,0,0,0,0,0,1,1,1,1,1,1,1,1,0,1,3,1,1,1,2,5,2,2,1,1,1,1,4,1,3,1,1,1,1
RA-716,FASE 1,1G,Aluno-716,Pública,Agata,6.813366667,DESCONHECIDO,DESCONHECIDO,DESCONHECIDO,DESCONHECIDO,DESCONHECIDO,Fase 2 (5° e 6° ano),-1,DESCONHECIDO,DESCONHECIDO,DESCONHECIDO,2023,0,0,0,0,0,0,0,0,0,0,0,0,0,0,0,0,0,1,1,1,1,1,1,1,1,0,1,2,1,1,1,2,3,3,1,2,2,2,1,2,1,1,1,2,1,1
RA-1044,FASE 1,1G,Aluno-1044,Pública,Ametista,7.629533333,DESCONHECIDO,DESCONHECIDO,DESCONHECIDO,DESCONHECIDO,DESCONHECIDO,Fase 2 (5° e 6° ano),-1,DESCONHECIDO,DESCONHECIDO,DESCONHECIDO,2023,0,0,0,0,0,0,0,0,0,0,0,0,0,0,0,0,0,1,1,1,1,1,1,1,1,1,1,3,1,1,1,2,2,5,5,2,1,4,1,4,1,2,2,2,1,1
RA-745,FASE 1,1G,Aluno-745,Privada - Programa de Apadrinhamento,Ametista,7.668366667,DESCONHECIDO,DESCONHECIDO,DESCONHECIDO,DESCONHECIDO,DESCONHECIDO,Fase 2 (5° e 6° ano),-1,DESCONHECIDO,DESCONHECIDO,DESCONHECIDO,2023,0,0,0,0,0,0,0,0,0,0,0,0,0,0,0,0,0,1,1,1,1,1,1,1,1,1,2,1,1,1,1,2,4,4,1,3,2,4,1,5,1,3,2,3,2,1
RA-717,FASE 1,1G,Aluno-717,Pública,Agata,6.633833333,DESCONHECIDO,DESCONHECIDO,DESCONHECIDO,DESCONHECIDO,DESCONHECIDO,Fase 2 (5° e 6° ano),-1,DESCONHECIDO,DESCONHECIDO,DESCONHECIDO,2023,0,0,0,0,0,0,0,0,0,0,0,0,0,0,0,0,0,1,1,1,1,1,1,1,1,0,2,1,1,1,1,2,1,3,5,2,2,2,1,5,1,3,1,2,2,1
RA-718,FASE 1,1G,Aluno-718,Pública,Topázio,8.166866667,DESCONHECIDO,DESCONHECIDO,DESCONHECIDO,DESCONHECIDO,DESCONHECIDO,Fase 1 (3° e 4° ano),0,DESCONHECIDO,DESCONHECIDO,DESCONHECIDO,2023,0,0,0,0,0,0,0,0,0,0,0,0,0,0,0,0,0,1,1,1,1,1,1,1,1,1,2,2,1,1,1,2,4,4,1,4,3,5,1,5,2,3,3,4,1,0
RA-721,FASE 1,1G,Aluno-721,Pública,Topázio,8.683366667,DESCONHECIDO,DESCONHECIDO,DESCONHECIDO,DESCONHECIDO,DESCONHECIDO,Fase 1 (3° e 4° ano),0,DESCONHECIDO,DESCONHECIDO,DESCONHECIDO,2023,0,0,0,0,0,0,0,0,0,0,0,0,0,0,0,0,0,1,1,1,1,1,1,1,1,1,1,1,1,1,1,2,2,4,5,5,4,5,1,5,2,3,3,5,2,0
RA-746,FASE 1,1G,Aluno-746,Pública,Agata,6.517166667,DESCONHECIDO,DESCONHECIDO,DESCONHECIDO,DESCONHECIDO,DESCONHECIDO,Fase 1 (3° e 4° ano),0,DESCONHECIDO,DESCONHECIDO,DESCONHECIDO,2023,0,0,0,0,0,0,0,0,0,0,0,0,0,0,0,0,0,1,1,1,1,1,1,1,1,0,2,2,1,1,1,2,1,2,1,4,2,5,1,2,2,1,1,4,1,0
RA-1045,FASE 1,1H,Aluno-1045,Pública,Topázio,8.089033333,DESCONHECIDO,DESCONHECIDO,DESCONHECIDO,DESCONHECIDO,DESCONHECIDO,Fase 2 (5° e 6° ano),-1,DESCONHECIDO,DESCONHECIDO,DESCONHECIDO,2023,0,0,0,0,0,0,0,0,0,0,0,0,0,0,0,0,0,1,1,1,1,1,1,1,1,1,2,3,1,1,1,2,4,4,5,4,3,5,1,4,1,3,3,4,1,1
RA-483,FASE 1,1H,Aluno-483,Pública,Agata,6.3972,DESCONHECIDO,DESCONHECIDO,DESCONHECIDO,DESCONHECIDO,DESCONHECIDO,Fase 3 (7° e 8° ano),-2,DESCONHECIDO,DESCONHECIDO,DESCONHECIDO,2023,0,0,0,0,0,0,0,0,0,0,0,0,0,0,0,0,0,1,1,1,1,1,1,1,1,0,2,1,1,1,1,2,3,1,1,2,2,2,1,4,1,3,1,2,4,1
RA-1046,FASE 1,1H,Aluno-1046,Pública,Agata,6.835833333,DESCONHECIDO,DESCONHECIDO,DESCONHECIDO,DESCONHECIDO,DESCONHECIDO,Fase 1 (3° e 4° ano),0,DESCONHECIDO,DESCONHECIDO,DESCONHECIDO,2023,0,0,0,0,0,0,0,0,0,0,0,0,0,0,0,0,0,1,1,1,1,1,1,1,1,0,1,3,1,1,1,2,1,3,1,3,3,2,1,4,2,4,1,3,1,0
RA-1047,FASE 1,1H,Aluno-1047,Pública,Ametista,7.848366667,DESCONHECIDO,DESCONHECIDO,DESCONHECIDO,DESCONHECIDO,DESCONHECIDO,Fase 1 (3° e 4° ano),0,DESCONHECIDO,DESCONHECIDO,DESCONHECIDO,2023,0,0,0,0,0,0,0,0,0,0,0,0,0,0,0,0,0,1,1,1,1,1,1,1,1,1,1,3,1,1,1,2,5,3,1,3,2,4,1,4,2,3,2,3,1,0
RA-570,FASE 1,1H,Aluno-570,Pública,Agata,6.781033333,DESCONHECIDO,DESCONHECIDO,DESCONHECIDO,DESCONHECIDO,DESCONHECIDO,Fase 2 (5° e 6° ano),-1,DESCONHECIDO,DESCONHECIDO,DESCONHECIDO,2023,0,0,0,0,0,0,0,0,0,0,0,0,0,0,0,0,0,1,1,1,1,1,1,1,1,0,2,1,1,1,1,2,2,2,1,2,2,2,1,4,1,3,1,2,4,1
RA-1048,FASE 1,1H,Aluno-1048,Privada,Ametista,7.811366667,DESCONHECIDO,DESCONHECIDO,DESCONHECIDO,DESCONHECIDO,DESCONHECIDO,Fase 2 (5° e 6° ano),-1,DESCONHECIDO,DESCONHECIDO,DESCONHECIDO,2023,0,0,0,0,0,0,0,0,0,0,0,0,0,0,0,0,0,1,1,1,1,1,1,1,1,1,1,3,1,1,1,2,2,4,1,5,4,5,1,5,1,4,2,4,1,1
RA-1049,FASE 1,1H,Aluno-1049,Pública,Ametista,7.443366667,DESCONHECIDO,DESCONHECIDO,DESCONHECIDO,DESCONHECIDO,DESCONHECIDO,Fase 2 (5° e 6° ano),-1,DESCONHECIDO,DESCONHECIDO,DESCONHECIDO,2023,0,0,0,0,0,0,0,0,0,0,0,0,0,0,0,0,0,1,1,1,1,1,1,1,1,1,1,3,1,1,1,2,5,2,5,3,2,3,1,4,1,3,2,3,1,1
RA-1050,FASE 1,1H,Aluno-1050,Pública,Ametista,7.764366667,DESCONHECIDO,DESCONHECIDO,DESCONHECIDO,DESCONHECIDO,DESCONHECIDO,Fase 2 (5° e 6° ano),-1,DESCONHECIDO,DESCONHECIDO,DESCONHECIDO,2023,0,0,0,0,0,0,0,0,0,0,0,0,0,0,0,0,0,1,1,1,1,1,1,1,1,1,2,3,1,1,1,2,3,4,2,4,3,4,1,4,1,3,2,4,1,1
RA-1051,FASE 1,1H,Aluno-1051,Pública,Topázio,8.534866667,DESCONHECIDO,DESCONHECIDO,DESCONHECIDO,DESCONHECIDO,DESCONHECIDO,Fase 1 (3° e 4° ano),0,DESCONHECIDO,DESCONHECIDO,DESCONHECIDO,2023,0,0,0,0,0,0,0,0,0,0,0,0,0,0,0,0,0,1,1,1,1,1,1,1,1,1,1,3,1,1,1,2,2,3,2,5,4,5,1,5,2,4,3,5,1,0
RA-707,FASE 1,1H,Aluno-707,Pública,Agata,6.518,DESCONHECIDO,DESCONHECIDO,DESCONHECIDO,DESCONHECIDO,DESCONHECIDO,Fase 2 (5° e 6° ano),-1,DESCONHECIDO,DESCONHECIDO,DESCONHECIDO,2023,0,0,0,0,0,0,0,0,0,0,0,0,0,0,0,0,0,1,1,1,1,1,1,1,1,0,2,1,1,1,1,2,1,5,1,3,2,4,1,4,1,3,1,3,3,1
RA-1052,FASE 1,1H,Aluno-1052,Pública,Agata,6.960333333,DESCONHECIDO,DESCONHECIDO,DESCONHECIDO,DESCONHECIDO,DESCONHECIDO,Fase 1 (3° e 4° ano),0,DESCONHECIDO,DESCONHECIDO,DESCONHECIDO,2023,0,0,0,0,0,0,0,0,0,0,0,0,0,0,0,0,0,1,1,1,1,1,1,1,1,0,2,3,1,1,1,2,1,4,5,2,2,2,1,4,2,3,1,2,1,0
RA-580,FASE 1,1H,Aluno-580,Pública,Topázio,8.4712,DESCONHECIDO,DESCONHECIDO,DESCONHECIDO,DESCONHECIDO,DESCONHECIDO,Fase 2 (5° e 6° ano),-1,DESCONHECIDO,DESCONHECIDO,DESCONHECIDO,2023,0,0,0,0,0,0,0,0,0,0,0,0,0,0,0,0,0,1,1,1,1,1,1,1,1,1,2,1,1,1,1,2,2,5,5,5,5,5,1,5,1,4,3,5,3,1
RA-581,FASE 1,1H,Aluno-581,Pública,Ametista,7.7167,DESCONHECIDO,DESCONHECIDO,DESCONHECIDO,DESCONHECIDO,DESCONHECIDO,Fase 2 (5° e 6° ano),-1,DESCONHECIDO,DESCONHECIDO,DESCONHECIDO,2023,0,0,0,0,0,0,0,0,0,0,0,0,0,0,0,0,0,1,1,1,1,1,1,1,1,1,2,1,1,1,1,2,2,5,5,4,4,5,1,2,1,1,2,4,4,1
RA-735,FASE 1,1J,Aluno-735,Pública,Ametista,7.184,DESCONHECIDO,DESCONHECIDO,DESCONHECIDO,DESCONHECIDO,DESCONHECIDO,Fase 2 (5° e 6° ano),-1,DESCONHECIDO,DESCONHECIDO,DESCONHECIDO,2023,0,0,0,0,0,0,0,0,0,0,0,0,0,0,0,0,0,1,1,1,1,1,1,1,1,1,2,1,1,1,1,2,1,4,5,5,4,5,1,5,1,4,2,4,2,1
RA-710,FASE 1,1J,Aluno-710,Pública,Ametista,7.0582,DESCONHECIDO,DESCONHECIDO,DESCONHECIDO,DESCONHECIDO,DESCONHECIDO,Fase 2 (5° e 6° ano),-1,DESCONHECIDO,DESCONHECIDO,DESCONHECIDO,2023,0,0,0,0,0,0,0,0,0,0,0,0,0,0,0,0,0,1,1,1,1,1,1,1,1,1,2,1,1,1,1,2,4,4,1,3,2,4,1,2,1,1,2,3,3,1
RA-712,FASE 1,1J,Aluno-712,Pública,Agata,6.331533333,DESCONHECIDO,DESCONHECIDO,DESCONHECIDO,DESCONHECIDO,DESCONHECIDO,Fase 3 (7° e 8° ano),-2,DESCONHECIDO,DESCONHECIDO,DESCONHECIDO,2023,0,0,0,0,0,0,0,0,0,0,0,0,0,0,0,0,0,1,1,1,1,1,1,1,1,0,2,1,1,1,1,2,4,1,1,3,2,4,1,2,1,2,1,3,4,1
RA-549,FASE 1,1J,Aluno-549,Pública,Ametista,7.0297,DESCONHECIDO,DESCONHECIDO,DESCONHECIDO,DESCONHECIDO,DESCONHECIDO,Fase 2 (5° e 6° ano),-1,DESCONHECIDO,DESCONHECIDO,DESCONHECIDO,2023,0,0,0,0,0,0,0,0,0,0,0,0,0,0,0,0,0,1,1,1,1,1,1,1,1,1,2,1,1,1,1,2,4,2,2,3,2,4,1,3,1,1,2,3,2,1
RA-679,FASE 1,1J,Aluno-679,Pública,Agata,6.138366667,DESCONHECIDO,DESCONHECIDO,DESCONHECIDO,DESCONHECIDO,DESCONHECIDO,Fase 2 (5° e 6° ano),-1,DESCONHECIDO,DESCONHECIDO,DESCONHECIDO,2023,0,0,0,0,0,0,0,0,0,0,0,0,0,0,0,0,0,1,1,1,1,1,1,1,1,0,2,1,1,1,1,2,1,2,2,1,1,2,1,2,1,1,1,1,3,1
RA-571,FASE 1,1J,Aluno-571,Privada,Agata,6.6097,DESCONHECIDO,DESCONHECIDO,DESCONHECIDO,DESCONHECIDO,DESCONHECIDO,Fase 3 (7° e 8° ano),-2,DESCONHECIDO,DESCONHECIDO,DESCONHECIDO,2023,0,0,0,0,0,0,0,0,0,0,0,0,0,0,0,0,0,1,1,1,1,1,1,1,1,0,2,1,1,1,1,2,3,2,1,2,1,2,1,3,1,1,1,2,4,1
RA-714,FASE 1,1J,Aluno-714,Pública,Agata,6.078666667,DESCONHECIDO,DESCONHECIDO,DESCONHECIDO,DESCONHECIDO,DESCONHECIDO,Fase 3 (7° e 8° ano),-2,DESCONHECIDO,DESCONHECIDO,DESCONHECIDO,2023,0,0,0,0,0,0,0,0,0,0,0,0,0,0,0,0,0,1,1,1,1,1,1,1,1,0,2,1,1,1,1,2,1,2,1,4,3,4,1,2,1,2,1,4,4,1
RA-737,FASE 1,1J,Aluno-737,Pública,Topázio,8.048033333,DESCONHECIDO,DESCONHECIDO,DESCONHECIDO,DESCONHECIDO,DESCONHECIDO,Fase 1 (3° e 4° ano),0,DESCONHECIDO,DESCONHECIDO,DESCONHECIDO,2023,0,0,0,0,0,0,0,0,0,0,0,0,0,0,0,0,0,1,1,1,1,1,1,1,1,1,1,2,1,1,1,2,4,2,5,4,4,4,1,4,2,1,3,4,1,0
RA-577,FASE 1,1J,Aluno-577,Pública,Ametista,7.219366667,DESCONHECIDO,DESCONHECIDO,DESCONHECIDO,DESCONHECIDO,DESCONHECIDO,Fase 2 (5° e 6° ano),-1,DESCONHECIDO,DESCONHECIDO,DESCONHECIDO,2023,0,0,0,0,0,0,0,0,0,0,0,0,0,0,0,0,0,1,1,1,1,1,1,1,1,1,2,2,1,1,1,2,5,2,1,4,3,5,1,3,1,1,2,4,1,1
RA-1053,FASE 1,1J,Aluno-1053,Pública,Ametista,7.776166667,DESCONHECIDO,DESCONHECIDO,DESCONHECIDO,DESCONHECIDO,DESCONHECIDO,Fase 1 (3° e 4° ano),0,DESCONHECIDO,DESCONHECIDO,DESCONHECIDO,2023,0,0,0,0,0,0,0,0,0,0,0,0,0,0,0,0,0,1,1,1,1,1,1,1,1,1,1,3,1,1,1,2,1,4,2,5,4,5,1,5,2,4,2,5,1,0
RA-731,FASE 1,1J,Aluno-731,Pública,Agata,6.7742,DESCONHECIDO,DESCONHECIDO,DESCONHECIDO,DESCONHECIDO,DESCONHECIDO,Fase 2 (5° e 6° ano),-1,DESCONHECIDO,DESCONHECIDO,DESCONHECIDO,2023,0,0,0,0,0,0,0,0,0,0,0,0,0,0,0,0,0,1,1,1,1,1,1,1,1,0,2,1,1,1,1,2,2,2,1,3,3,4,1,2,1,2,1,3,4,1
RA-552,FASE 1,1J,Aluno-552,Pública,Quartzo,5.248666667,DESCONHECIDO,DESCONHECIDO,DESCONHECIDO,DESCONHECIDO,DESCONHECIDO,Fase 3 (7° e 8° ano),-2,DESCONHECIDO,DESCONHECIDO,DESCONHECIDO,2023,0,0,0,0,0,0,0,0,0,0,0,0,0,0,0,0,0,1,1,1,1,1,1,1,1,0,2,2,1,1,1,2,1,1,1,3,3,2,1,2,1,1,1,3,1,1
RA-1054,FASE 1,1J,Aluno-1054,Pública,Ametista,7.459533333,DESCONHECIDO,DESCONHECIDO,DESCONHECIDO,DESCONHECIDO,DESCONHECIDO,Fase 3 (7° e 8° ano),-2,DESCONHECIDO,DESCONHECIDO,DESCONHECIDO,2023,0,0,0,0,0,0,0,0,0,0,0,0,0,0,0,0,0,1,1,1,1,1,1,1,1,1,2,3,1,1,1,2,2,3,5,3,2,4,1,4,1,2,2,3,1,1
RA-1055,FASE 1,1J,Aluno-1055,Pública,Quartzo,5.9765,DESCONHECIDO,DESCONHECIDO,DESCONHECIDO,DESCONHECIDO,DESCONHECIDO,Fase 2 (5° e 6° ano),-1,DESCONHECIDO,DESCONHECIDO,DESCONHECIDO,2023,0,0,0,0,0,0,0,0,0,0,0,0,0,0,0,0,0,1,1,1,1,1,1,1,1,0,2,3,1,1,1,2,1,2,5,2,2,1,1,2,1,1,1,2,1,1
RA-597,FASE 1,1K,Aluno-597,Pública,Topázio,8.49045,DESCONHECIDO,DESCONHECIDO,DESCONHECIDO,DESCONHECIDO,DESCONHECIDO,Fase 2 (5° e 6° ano),-1,DESCONHECIDO,DESCONHECIDO,DESCONHECIDO,2023,0,0,0,0,0,0,0,0,0,0,0,0,0,0,0,0,0,1,1,1,1,1,1,1,1,1,1,2,1,1,1,2,5,5,5,5,4,5,1,5,1,4,3,5,1,1
RA-624,FASE 1,1K,Aluno-624,Pública,Topázio,8.270825,DESCONHECIDO,DESCONHECIDO,DESCONHECIDO,DESCONHECIDO,DESCONHECIDO,Fase 2 (5° e 6° ano),-1,DESCONHECIDO,DESCONHECIDO,DESCONHECIDO,2023,0,0,0,0,0,0,0,0,0,0,0,0,0,0,0,0,0,1,1,1,1,1,1,1,1,1,2,2,1,1,1,2,3,4,5,5,5,5,1,5,1,4,3,5,1,1
RA-776,FASE 1,1K,Aluno-776,Privada - Programa de Apadrinhamento,Quartzo,5.567916667,DESCONHECIDO,DESCONHECIDO,DESCONHECIDO,DESCONHECIDO,DESCONHECIDO,Fase 2 (5° e 6° ano),-1,DESCONHECIDO,DESCONHECIDO,DESCONHECIDO,2023,0,0,0,0,0,0,0,0,0,0,0,0,0,0,0,0,0,1,1,1,1,1,1,1,1,0,2,2,1,1,1,2,1,2,5,1,1,1,1,2,1,3,1,1,1,1
RA-600,FASE 1,1K,Aluno-600,Pública,Ametista,7.651658333,DESCONHECIDO,DESCONHECIDO,DESCONHECIDO,DESCONHECIDO,DESCONHECIDO,Fase 2 (5° e 6° ano),-1,DESCONHECIDO,DESCONHECIDO,DESCONHECIDO,2023,0,0,0,0,0,0,0,0,0,0,0,0,0,0,0,0,0,1,1,1,1,1,1,1,1,1,1,1,1,1,1,2,2,3,5,4,3,4,1,4,1,4,2,4,2,1
RA-1056,FASE 1,1K,Aluno-1056,Pública,Topázio,8.551741667,DESCONHECIDO,DESCONHECIDO,DESCONHECIDO,DESCONHECIDO,DESCONHECIDO,Fase 1 (3° e 4° ano),0,DESCONHECIDO,DESCONHECIDO,DESCONHECIDO,2023,0,0,0,0,0,0,0,0,0,0,0,0,0,0,0,0,0,1,1,1,1,1,1,1,1,1,1,3,1,1,1,2,2,5,5,5,4,5,1,4,2,3,3,4,1,0
RA-791,FASE 1,1K,Aluno-791,Pública,Agata,6.247916667,DESCONHECIDO,DESCONHECIDO,DESCONHECIDO,DESCONHECIDO,DESCONHECIDO,Fase 3 (7° e 8° ano),-2,DESCONHECIDO,DESCONHECIDO,DESCONHECIDO,2023,0,0,0,0,0,0,0,0,0,0,0,0,0,0,0,0,0,1,1,1,1,1,1,1,1,0,2,2,1,1,1,2,1,2,5,2,2,1,1,3,1,3,1,2,1,1
RA-601,FASE 1,1K,Aluno-601,Pública,Topázio,8.955783333,DESCONHECIDO,DESCONHECIDO,DESCONHECIDO,DESCONHECIDO,DESCONHECIDO,Fase 1 (3° e 4° ano),0,DESCONHECIDO,DESCONHECIDO,DESCONHECIDO,2023,0,0,0,0,0,0,0,0,0,0,0,0,0,0,0,0,0,1,1,1,1,1,1,1,1,1,1,1,1,1,1,2,3,5,5,5,4,5,1,4,2,4,3,5,2,0
RA-762,FASE 1,1K,Aluno-762,Pública,Ametista,7.09945,DESCONHECIDO,DESCONHECIDO,DESCONHECIDO,DESCONHECIDO,DESCONHECIDO,Fase 3 (7° e 8° ano),-2,DESCONHECIDO,DESCONHECIDO,DESCONHECIDO,2023,0,0,0,0,0,0,0,0,0,0,0,0,0,0,0,0,0,1,1,1,1,1,1,1,1,1,3,2,1,1,1,2,5,4,1,2,3,2,1,3,1,3,2,2,1,1
RA-778,FASE 1,1K,Aluno-778,Pública,Ametista,7.926825,DESCONHECIDO,DESCONHECIDO,DESCONHECIDO,DESCONHECIDO,DESCONHECIDO,Fase 2 (5° e 6° ano),-1,DESCONHECIDO,DESCONHECIDO,DESCONHECIDO,2023,0,0,0,0,0,0,0,0,0,0,0,0,0,0,0,0,0,1,1,1,1,1,1,1,1,1,2,1,1,1,1,2,2,2,5,5,4,5,1,5,1,4,2,4,2,1
RA-628,FASE 1,1K,Aluno-628,Pública,Topázio,8.370325,DESCONHECIDO,DESCONHECIDO,DESCONHECIDO,DESCONHECIDO,DESCONHECIDO,Fase 3 (7° e 8° ano),-2,DESCONHECIDO,DESCONHECIDO,DESCONHECIDO,2023,0,0,0,0,0,0,0,0,0,0,0,0,0,0,0,0,0,1,1,1,1,1,1,1,1,1,2,2,1,1,1,2,4,3,5,5,5,5,1,5,1,4,3,5,1,1
RA-606,FASE 1,1K,Aluno-606,Pública,Ametista,7.402491667,DESCONHECIDO,DESCONHECIDO,DESCONHECIDO,DESCONHECIDO,DESCONHECIDO,Fase 2 (5° e 6° ano),-1,DESCONHECIDO,DESCONHECIDO,DESCONHECIDO,2023,0,0,0,0,0,0,0,0,0,0,0,0,0,0,0,0,0,1,1,1,1,1,1,1,1,1,1,2,1,1,1,2,2,3,5,2,2,4,1,4,1,3,2,2,1,1
RA-766,FASE 1,1K,Aluno-766,Pública,Topázio,8.008408333,DESCONHECIDO,DESCONHECIDO,DESCONHECIDO,DESCONHECIDO,DESCONHECIDO,Fase 2 (5° e 6° ano),-1,DESCONHECIDO,DESCONHECIDO,DESCONHECIDO,2023,0,0,0,0,0,0,0,0,0,0,0,0,0,0,0,0,0,1,1,1,1,1,1,1,1,1,2,1,1,1,1,2,5,3,1,5,5,4,1,4,1,4,3,5,3,1
RA-607,FASE 1,1K,Aluno-607,Pública,Ametista,7.333075,DESCONHECIDO,DESCONHECIDO,DESCONHECIDO,DESCONHECIDO,DESCONHECIDO,Fase 2 (5° e 6° ano),-1,DESCONHECIDO,DESCONHECIDO,DESCONHECIDO,2023,0,0,0,0,0,0,0,0,0,0,0,0,0,0,0,0,0,1,1,1,1,1,1,1,1,1,2,2,1,1,1,2,2,2,5,3,2,5,1,4,1,3,2,3,1,1
RA-608,FASE 1,1K,Aluno-608,Pública,Ametista,7.401741667,DESCONHECIDO,DESCONHECIDO,DESCONHECIDO,DESCONHECIDO,DESCONHECIDO,Fase 2 (5° e 6° ano),-1,DESCONHECIDO,DESCONHECIDO,DESCONHECIDO,2023,0,0,0,0,0,0,0,0,0,0,0,0,0,0,0,0,0,1,1,1,1,1,1,1,1,1,1,2,1,1,1,2,5,2,5,2,2,2,1,4,1,3,2,2,1,1
RA-788,FASE 1,1K,Aluno-788,Pública,Ametista,7.806091667,DESCONHECIDO,DESCONHECIDO,DESCONHECIDO,DESCONHECIDO,DESCONHECIDO,Fase 1 (3° e 4° ano),0,DESCONHECIDO,DESCONHECIDO,DESCONHECIDO,2023,0,0,0,0,0,0,0,0,0,0,0,0,0,0,0,0,0,1,1,1,1,1,1,1,1,1,2,1,1,1,1,2,2,5,1,3,2,4,1,4,2,3,2,3,2,0
RA-784,FASE 1,1L,Aluno-784,Pública,Topázio,8.171366667,DESCONHECIDO,DESCONHECIDO,DESCONHECIDO,DESCONHECIDO,DESCONHECIDO,Fase 2 (5° e 6° ano),-1,DESCONHECIDO,DESCONHECIDO,DESCONHECIDO,2023,0,0,0,0,0,0,0,0,0,0,0,0,0,0,0,0,0,1,1,1,1,1,1,1,1,1,1,2,1,1,1,2,5,4,5,4,3,4,1,5,1,3,3,4,1,1
RA-785,FASE 1,1L,Aluno-785,Pública,Topázio,8.137866667,DESCONHECIDO,DESCONHECIDO,DESCONHECIDO,DESCONHECIDO,DESCONHECIDO,Fase 2 (5° e 6° ano),-1,DESCONHECIDO,DESCONHECIDO,DESCONHECIDO,2023,0,0,0,0,0,0,0,0,0,0,0,0,0,0,0,0,0,1,1,1,1,1,1,1,1,1,1,2,1,1,1,2,3,3,5,5,4,5,1,5,1,3,3,5,1,1
RA-587,FASE 1,1L,Aluno-587,Pública,Agata,6.032033333,DESCONHECIDO,DESCONHECIDO,DESCONHECIDO,DESCONHECIDO,DESCONHECIDO,Fase 2 (5° e 6° ano),-1,DESCONHECIDO,DESCONHECIDO,DESCONHECIDO,2023,0,0,0,0,0,0,0,0,0,0,0,0,0,0,0,0,0,1,1,1,1,1,1,1,1,0,2,2,1,1,1,2,2,2,5,1,1,1,1,1,1,1,1,1,1,1
RA-790,FASE 1,1L,Aluno-790,Pública,Agata,6.707666667,DESCONHECIDO,DESCONHECIDO,DESCONHECIDO,DESCONHECIDO,DESCONHECIDO,Fase 3 (7° e 8° ano),-2,DESCONHECIDO,DESCONHECIDO,DESCONHECIDO,2023,0,0,0,0,0,0,0,0,0,0,0,0,0,0,0,0,0,1,1,1,1,1,1,1,1,0,2,2,1,1,1,2,1,2,5,4,4,4,1,4,1,1,1,4,1,1
RA-663,FASE 1,1L,Aluno-663,Pública,Agata,6.969133333,DESCONHECIDO,DESCONHECIDO,DESCONHECIDO,DESCONHECIDO,DESCONHECIDO,Fase 2 (5° e 6° ano),-1,DESCONHECIDO,DESCONHECIDO,DESCONHECIDO,2023,0,0,0,0,0,0,0,0,0,0,0,0,0,0,0,0,0,1,1,1,1,1,1,1,1,0,2,2,1,1,1,2,1,2,5,3,3,4,1,2,1,1,1,3,1,1
RA-664,FASE 1,1L,Aluno-664,Pública,Topázio,8.0872,DESCONHECIDO,DESCONHECIDO,DESCONHECIDO,DESCONHECIDO,DESCONHECIDO,Fase 2 (5° e 6° ano),-1,DESCONHECIDO,DESCONHECIDO,DESCONHECIDO,2023,0,0,0,0,0,0,0,0,0,0,0,0,0,0,0,0,0,1,1,1,1,1,1,1,1,1,2,2,1,1,1,2,3,5,5,4,4,4,1,4,1,3,3,4,1,1
RA-761,FASE 1,1L,Aluno-761,Pública,Topázio,8.219533333,DESCONHECIDO,DESCONHECIDO,DESCONHECIDO,DESCONHECIDO,DESCONHECIDO,Fase 2 (5° e 6° ano),-1,DESCONHECIDO,DESCONHECIDO,DESCONHECIDO,2023,0,0,0,0,0,0,0,0,0,0,0,0,0,0,0,0,0,1,1,1,1,1,1,1,1,1,1,2,1,1,1,2,3,5,5,5,5,4,1,4,1,4,3,5,1,1
RA-1057,FASE 1,1L,Aluno-1057,Pública,Topázio,8.4827,DESCONHECIDO,DESCONHECIDO,DESCONHECIDO,DESCONHECIDO,DESCONHECIDO,Fase 1 (3° e 4° ano),0,DESCONHECIDO,DESCONHECIDO,DESCONHECIDO,2023,0,0,0,0,0,0,0,0,0,0,0,0,0,0,0,0,0,1,1,1,1,1,1,1,1,1,1,3,1,1,1,2,5,5,5,3,3,2,1,4,2,3,3,3,1,0
RA-629,FASE 1,1L,Aluno-629,Pública,Topázio,8.013866667,DESCONHECIDO,DESCONHECIDO,DESCONHECIDO,DESCONHECIDO,DESCONHECIDO,Fase 2 (5° e 6° ano),-1,DESCONHECIDO,DESCONHECIDO,DESCONHECIDO,2023,0,0,0,0,0,0,0,0,0,0,0,0,0,0,0,0,0,1,1,1,1,1,1,1,1,1,1,2,1,1,1,2,5,4,5,4,4,4,1,4,1,3,3,4,1,1
RA-832,FASE 1,1L,Aluno-832,Pública,Topázio,8.2697,DESCONHECIDO,DESCONHECIDO,DESCONHECIDO,DESCONHECIDO,DESCONHECIDO,Fase 2 (5° e 6° ano),-1,DESCONHECIDO,DESCONHECIDO,DESCONHECIDO,2023,0,0,0,0,0,0,0,0,0,0,0,0,0,0,0,0,0,1,1,1,1,1,1,1,1,1,1,2,1,1,1,2,5,4,5,5,5,4,1,4,1,3,3,5,1,1
RA-594,FASE 1,1L,Aluno-594,Pública,Agata,6.702033333,DESCONHECIDO,DESCONHECIDO,DESCONHECIDO,DESCONHECIDO,DESCONHECIDO,Fase 2 (5° e 6° ano),-1,DESCONHECIDO,DESCONHECIDO,DESCONHECIDO,2023,0,0,0,0,0,0,0,0,0,0,0,0,0,0,0,0,0,1,1,1,1,1,1,1,1,0,2,2,1,1,1,2,2,2,2,2,3,2,1,2,1,1,1,2,1,1
RA-617,FASE 1,1L,Aluno-617,Pública,Agata,6.816166667,DESCONHECIDO,DESCONHECIDO,DESCONHECIDO,DESCONHECIDO,DESCONHECIDO,Fase 2 (5° e 6° ano),-1,DESCONHECIDO,DESCONHECIDO,DESCONHECIDO,2023,0,0,0,0,0,0,0,0,0,0,0,0,0,0,0,0,0,1,1,1,1,1,1,1,1,0,2,1,1,1,1,2,1,4,5,3,2,4,1,4,1,3,1,3,2,1
RA-767,FASE 1,1L,Aluno-767,Pública,Ametista,7.3807,DESCONHECIDO,DESCONHECIDO,DESCONHECIDO,DESCONHECIDO,DESCONHECIDO,Fase 2 (5° e 6° ano),-1,DESCONHECIDO,DESCONHECIDO,DESCONHECIDO,2023,0,0,0,0,0,0,0,0,0,0,0,0,0,0,0,0,0,1,1,1,1,1,1,1,1,1,2,1,1,1,1,2,5,3,5,3,3,2,1,2,1,1,2,3,2,1
RA-1058,FASE 1,1L,Aluno-1058,Pública,Ametista,7.356533333,DESCONHECIDO,DESCONHECIDO,DESCONHECIDO,DESCONHECIDO,DESCONHECIDO,Fase 1 (3° e 4° ano),0,DESCONHECIDO,DESCONHECIDO,DESCONHECIDO,2023,0,0,0,0,0,0,0,0,0,0,0,0,0,0,0,0,0,1,1,1,1,1,1,1,1,1,2,3,1,1,1,2,5,3,1,2,1,3,1,3,2,1,2,2,1,0
RA-747,FASE 1,1L,Aluno-747,Pública,Agata,6.026366667,DESCONHECIDO,DESCONHECIDO,DESCONHECIDO,DESCONHECIDO,DESCONHECIDO,Fase 2 (5° e 6° ano),-1,DESCONHECIDO,DESCONHECIDO,DESCONHECIDO,2023,0,0,0,0,0,0,0,0,0,0,0,0,0,0,0,0,0,1,1,1,1,1,1,1,1,0,2,2,1,1,1,2,5,2,1,1,1,1,1,2,1,1,1,1,1,1
RA-827,FASE 1,1M,Aluno-827,Pública,Ametista,7.419925,DESCONHECIDO,DESCONHECIDO,DESCONHECIDO,DESCONHECIDO,DESCONHECIDO,Fase 2 (5° e 6° ano),-1,DESCONHECIDO,DESCONHECIDO,DESCONHECIDO,2023,0,0,0,0,0,0,0,0,0,0,0,0,0,0,0,0,0,1,1,1,1,1,1,1,1,1,2,2,1,1,1,2,2,2,1,5,4,5,1,5,1,4,2,4,1,1
RA-1059,FASE 1,1M,Aluno-1059,Pública,Ametista,7.763741667,DESCONHECIDO,DESCONHECIDO,DESCONHECIDO,DESCONHECIDO,DESCONHECIDO,Fase 2 (5° e 6° ano),-1,DESCONHECIDO,DESCONHECIDO,DESCONHECIDO,2023,0,0,0,0,0,0,0,0,0,0,0,0,0,0,0,0,0,1,1,1,1,1,1,1,1,1,2,3,1,1,1,2,5,5,1,4,3,5,1,5,1,3,2,4,1,1
RA-612,FASE 1,1M,Aluno-612,Privada - Programa de Apadrinhamento,Topázio,8.410783333,DESCONHECIDO,DESCONHECIDO,DESCONHECIDO,DESCONHECIDO,DESCONHECIDO,Fase 2 (5° e 6° ano),-1,DESCONHECIDO,DESCONHECIDO,DESCONHECIDO,2023,0,0,0,0,0,0,0,0,0,0,0,0,0,0,0,0,0,1,1,1,1,1,1,1,1,1,2,1,1,1,1,2,3,5,1,5,5,5,1,5,1,4,3,5,2,1
RA-1060,FASE 1,1M,Aluno-1060,Pública,Ametista,7.095741667,DESCONHECIDO,DESCONHECIDO,DESCONHECIDO,DESCONHECIDO,DESCONHECIDO,Fase 2 (5° e 6° ano),-1,DESCONHECIDO,DESCONHECIDO,DESCONHECIDO,2023,0,0,0,0,0,0,0,0,0,0,0,0,0,0,0,0,0,1,1,1,1,1,1,1,1,1,2,3,1,1,1,2,3,3,1,2,1,3,1,5,1,3,2,2,1,1
RA-665,FASE 1,1M,Aluno-665,Pública,Agata,6.185658333,DESCONHECIDO,DESCONHECIDO,DESCONHECIDO,DESCONHECIDO,DESCONHECIDO,Fase 2 (5° e 6° ano),-1,DESCONHECIDO,DESCONHECIDO,DESCONHECIDO,2023,0,0,0,0,0,0,0,0,0,0,0,0,0,0,0,0,0,1,1,1,1,1,1,1,1,0,2,2,1,1,1,2,4,1,1,2,2,2,1,4,1,4,1,2,1,1
RA-829,FASE 1,1M,Aluno-829,Pública,Topázio,8.532075,DESCONHECIDO,DESCONHECIDO,DESCONHECIDO,DESCONHECIDO,DESCONHECIDO,Fase 1 (3° e 4° ano),0,DESCONHECIDO,DESCONHECIDO,DESCONHECIDO,2023,0,0,0,0,0,0,0,0,0,0,0,0,0,0,0,0,0,1,1,1,1,1,1,1,1,1,1,2,1,1,1,2,3,4,1,5,4,5,1,5,2,4,3,5,1,0
RA-1061,FASE 1,1M,Aluno-1061,Pública,Topázio,8.196533333,DESCONHECIDO,DESCONHECIDO,DESCONHECIDO,DESCONHECIDO,DESCONHECIDO,Fase 2 (5° e 6° ano),-1,DESCONHECIDO,DESCONHECIDO,DESCONHECIDO,2023,0,0,0,0,0,0,0,0,0,0,0,0,0,0,0,0,0,1,1,1,1,1,1,1,1,1,1,3,1,1,1,2,4,5,1,5,5,5,1,5,1,4,3,5,1,1
RA-1062,FASE 1,1M,Aluno-1062,Pública,Ametista,7.448841667,DESCONHECIDO,DESCONHECIDO,DESCONHECIDO,DESCONHECIDO,DESCONHECIDO,Fase 1 (3° e 4° ano),0,DESCONHECIDO,DESCONHECIDO,DESCONHECIDO,2023,0,0,0,0,0,0,0,0,0,0,0,0,0,0,0,0,0,1,1,1,1,1,1,1,1,1,2,3,1,1,1,2,1,2,1,2,2,4,1,5,2,4,2,2,1,0
RA-615,FASE 1,1M,Aluno-615,Pública,Ametista,7.815658333,DESCONHECIDO,DESCONHECIDO,DESCONHECIDO,DESCONHECIDO,DESCONHECIDO,Fase 2 (5° e 6° ano),-1,DESCONHECIDO,DESCONHECIDO,DESCONHECIDO,2023,0,0,0,0,0,0,0,0,0,0,0,0,0,0,0,0,0,1,1,1,1,1,1,1,1,1,2,1,1,1,1,2,5,5,1,4,3,5,1,5,1,4,2,4,3,1
RA-833,FASE 1,1M,Aluno-833,Pública,Ametista,7.81295,DESCONHECIDO,DESCONHECIDO,DESCONHECIDO,DESCONHECIDO,DESCONHECIDO,Fase 2 (5° e 6° ano),-1,DESCONHECIDO,DESCONHECIDO,DESCONHECIDO,2023,0,0,0,0,0,0,0,0,0,0,0,0,0,0,0,0,0,1,1,1,1,1,1,1,1,1,2,2,1,1,1,2,5,4,1,4,4,4,1,5,1,4,2,4,1,1
RA-630,FASE 1,1M,Aluno-630,Pública,Ametista,7.199991667,DESCONHECIDO,DESCONHECIDO,DESCONHECIDO,DESCONHECIDO,DESCONHECIDO,Fase 2 (5° e 6° ano),-1,DESCONHECIDO,DESCONHECIDO,DESCONHECIDO,2023,0,0,0,0,0,0,0,0,0,0,0,0,0,0,0,0,0,1,1,1,1,1,1,1,1,1,1,2,1,1,1,2,3,3,1,2,1,4,1,5,1,4,2,2,1,1
RA-752,FASE 1,1N,Aluno-752,Pública,Topázio,8.073825,DESCONHECIDO,DESCONHECIDO,DESCONHECIDO,DESCONHECIDO,DESCONHECIDO,Fase 2 (5° e 6° ano),-1,DESCONHECIDO,DESCONHECIDO,DESCONHECIDO,2023,0,0,0,0,0,0,0,0,0,0,0,0,0,0,0,0,0,1,1,1,1,1,1,1,1,1,2,2,1,1,1,2,4,5,5,3,2,4,1,5,1,3,3,3,1,1
RA-777,FASE 1,1N,Aluno-777,Pública,Ametista,7.468125,DESCONHECIDO,DESCONHECIDO,DESCONHECIDO,DESCONHECIDO,DESCONHECIDO,Fase 1 (3° e 4° ano),0,DESCONHECIDO,DESCONHECIDO,DESCONHECIDO,2023,0,0,0,0,0,0,0,0,0,0,0,0,0,0,0,0,0,1,1,1,1,1,1,1,1,1,2,2,1,1,1,2,1,4,5,3,2,4,1,5,2,4,2,3,1,0
RA-1063,FASE 1,1N,Aluno-1063,Privada - Programa de Apadrinhamento,Ametista,7.490825,DESCONHECIDO,DESCONHECIDO,DESCONHECIDO,DESCONHECIDO,DESCONHECIDO,Fase 2 (5° e 6° ano),-1,DESCONHECIDO,DESCONHECIDO,DESCONHECIDO,2023,0,0,0,0,0,0,0,0,0,0,0,0,0,0,0,0,0,1,1,1,1,1,1,1,1,1,2,3,1,1,1,2,4,4,5,2,2,3,1,4,1,1,2,2,1,1
RA-764,FASE 1,1N,Aluno-764,Pública,Ametista,7.682125,DESCONHECIDO,DESCONHECIDO,DESCONHECIDO,DESCONHECIDO,DESCONHECIDO,Fase 1 (3° e 4° ano),0,DESCONHECIDO,DESCONHECIDO,DESCONHECIDO,2023,0,0,0,0,0,0,0,0,0,0,0,0,0,0,0,0,0,1,1,1,1,1,1,1,1,1,2,2,1,1,1,2,1,4,5,4,2,5,1,5,2,4,2,4,1,0
RA-1064,FASE 1,1N,Aluno-1064,Pública,Topázio,8.4777,DESCONHECIDO,DESCONHECIDO,DESCONHECIDO,DESCONHECIDO,DESCONHECIDO,Fase 2 (5° e 6° ano),-1,DESCONHECIDO,DESCONHECIDO,DESCONHECIDO,2023,0,0,0,0,0,0,0,0,0,0,0,0,0,0,0,0,0,1,1,1,1,1,1,1,1,1,1,3,1,1,1,2,2,5,5,5,5,5,1,5,1,4,3,5,1,1
RA-1065,FASE 1,1N,Aluno-1065,Pública,Topázio,8.03395,DESCONHECIDO,DESCONHECIDO,DESCONHECIDO,DESCONHECIDO,DESCONHECIDO,Fase 2 (5° e 6° ano),-1,DESCONHECIDO,DESCONHECIDO,DESCONHECIDO,2023,0,0,0,0,0,0,0,0,0,0,0,0,0,0,0,0,0,1,1,1,1,1,1,1,1,1,2,3,1,1,1,2,2,5,5,3,4,2,1,5,1,4,3,3,1,1
RA-772,FASE 1,1N,Aluno-772,Pública,Quartzo,5.930166667,DESCONHECIDO,DESCONHECIDO,DESCONHECIDO,DESCONHECIDO,DESCONHECIDO,Fase 3 (7° e 8° ano),-2,DESCONHECIDO,DESCONHECIDO,DESCONHECIDO,2023,0,0,0,0,0,0,0,0,0,0,0,0,0,0,0,0,0,1,1,1,1,1,1,1,1,0,2,1,1,1,1,2,1,2,5,1,2,1,1,4,1,1,1,2,2,1
RA-781,FASE 1,1N,Aluno-781,Pública,Topázio,8.209283333,DESCONHECIDO,DESCONHECIDO,DESCONHECIDO,DESCONHECIDO,DESCONHECIDO,Fase 2 (5° e 6° ano),-1,DESCONHECIDO,DESCONHECIDO,DESCONHECIDO,2023,0,0,0,0,0,0,0,0,0,0,0,0,0,0,0,0,0,1,1,1,1,1,1,1,1,1,1,1,1,1,1,2,1,5,5,4,4,5,1,5,1,4,3,4,2,1
RA-1066,FASE 1,1N,Aluno-1066,Pública,Ametista,7.262616667,DESCONHECIDO,DESCONHECIDO,DESCONHECIDO,DESCONHECIDO,DESCONHECIDO,Fase 2 (5° e 6° ano),-1,DESCONHECIDO,DESCONHECIDO,DESCONHECIDO,2023,0,0,0,0,0,0,0,0,0,0,0,0,0,0,0,0,0,1,1,1,1,1,1,1,1,1,1,3,1,1,1,2,2,1,5,2,1,4,1,5,1,4,2,3,1,1
RA-1067,FASE 1,1N,Aluno-1067,Pública,Agata,6.541458333,DESCONHECIDO,DESCONHECIDO,DESCONHECIDO,DESCONHECIDO,DESCONHECIDO,Fase 2 (5° e 6° ano),-1,DESCONHECIDO,DESCONHECIDO,DESCONHECIDO,2023,0,0,0,0,0,0,0,0,0,0,0,0,0,0,0,0,0,1,1,1,1,1,1,1,1,0,1,3,1,1,1,2,1,2,5,2,1,2,1,5,1,4,1,2,1,1
RA-834,FASE 1,1N,Aluno-834,Pública,Topázio,8.662616667,DESCONHECIDO,DESCONHECIDO,DESCONHECIDO,DESCONHECIDO,DESCONHECIDO,Fase 2 (5° e 6° ano),-1,DESCONHECIDO,DESCONHECIDO,DESCONHECIDO,2023,0,0,0,0,0,0,0,0,0,0,0,0,0,0,0,0,0,1,1,1,1,1,1,1,1,1,2,2,1,1,1,2,3,5,2,5,5,5,1,5,1,4,3,5,1,1
RA-722,FASE 1,1N,Aluno-722,Pública,Ametista,7.3387,DESCONHECIDO,DESCONHECIDO,DESCONHECIDO,DESCONHECIDO,DESCONHECIDO,Fase 2 (5° e 6° ano),-1,DESCONHECIDO,DESCONHECIDO,DESCONHECIDO,2023,0,0,0,0,0,0,0,0,0,0,0,0,0,0,0,0,0,1,1,1,1,1,1,1,1,1,2,1,1,1,1,2,2,5,1,3,1,4,1,5,1,3,2,3,2,1
RA-1068,FASE 1,1P,Aluno-1068,Pública,Topázio,8.472533333,DESCONHECIDO,DESCONHECIDO,DESCONHECIDO,DESCONHECIDO,DESCONHECIDO,Fase 2 (5° e 6° ano),-1,DESCONHECIDO,DESCONHECIDO,DESCONHECIDO,2023,0,0,0,0,0,0,0,0,0,0,0,0,0,0,0,0,0,1,1,1,1,1,1,1,1,1,2,3,1,1,1,2,2,4,3,5,5,5,1,5,1,4,3,5,1,1
RA-796,FASE 1,1P,Aluno-796,Pública,Ametista,7.462866667,DESCONHECIDO,DESCONHECIDO,DESCONHECIDO,DESCONHECIDO,DESCONHECIDO,Fase 2 (5° e 6° ano),-1,DESCONHECIDO,DESCONHECIDO,DESCONHECIDO,2023,0,0,0,0,0,0,0,0,0,0,0,0,0,0,0,0,0,1,1,1,1,1,1,1,1,1,2,2,1,1,1,2,3,5,2,2,2,2,1,4,1,1,2,2,1,1
RA-1069,FASE 1,1P,Aluno-1069,Pública,Ametista,7.590033333,DESCONHECIDO,DESCONHECIDO,DESCONHECIDO,DESCONHECIDO,DESCONHECIDO,Fase 2 (5° e 6° ano),-1,DESCONHECIDO,DESCONHECIDO,DESCONHECIDO,2023,0,0,0,0,0,0,0,0,0,0,0,0,0,0,0,0,0,1,1,1,1,1,1,1,1,1,2,3,1,1,1,2,3,2,5,4,4,3,1,4,1,3,2,4,1,1
RA-797,FASE 1,1P,Aluno-797,Pública,Ametista,7.373033333,DESCONHECIDO,DESCONHECIDO,DESCONHECIDO,DESCONHECIDO,DESCONHECIDO,Fase 2 (5° e 6° ano),-1,DESCONHECIDO,DESCONHECIDO,DESCONHECIDO,2023,0,0,0,0,0,0,0,0,0,0,0,0,0,0,0,0,0,1,1,1,1,1,1,1,1,1,2,1,1,1,1,2,2,3,5,4,4,4,1,2,1,1,2,4,2,1
RA-647,FASE 1,1P,Aluno-647,Privada - Programa de Apadrinhamento,Ametista,7.100566667,DESCONHECIDO,DESCONHECIDO,DESCONHECIDO,DESCONHECIDO,DESCONHECIDO,Fase 2 (5° e 6° ano),-1,DESCONHECIDO,DESCONHECIDO,DESCONHECIDO,2023,0,0,0,0,0,0,0,0,0,0,0,0,0,0,0,0,0,1,1,1,1,1,1,1,1,1,2,2,1,1,1,2,1,3,2,2,2,2,1,5,1,3,2,2,1,1
RA-814,FASE 1,1P,Aluno-814,Pública,Topázio,8.367866667,DESCONHECIDO,DESCONHECIDO,DESCONHECIDO,DESCONHECIDO,DESCONHECIDO,Fase 2 (5° e 6° ano),-1,DESCONHECIDO,DESCONHECIDO,DESCONHECIDO,2023,0,0,0,0,0,0,0,0,0,0,0,0,0,0,0,0,0,1,1,1,1,1,1,1,1,1,1,2,1,1,1,2,4,5,3,5,4,5,1,5,1,4,3,4,1,1
RA-652,FASE 1,1P,Aluno-652,Pública,Ametista,7.871033333,DESCONHECIDO,DESCONHECIDO,DESCONHECIDO,DESCONHECIDO,DESCONHECIDO,Fase 2 (5° e 6° ano),-1,DESCONHECIDO,DESCONHECIDO,DESCONHECIDO,2023,0,0,0,0,0,0,0,0,0,0,0,0,0,0,0,0,0,1,1,1,1,1,1,1,1,1,2,2,1,1,1,2,3,4,3,3,3,4,1,5,1,3,2,3,1,1
RA-816,FASE 1,1P,Aluno-816,Pública,Topázio,8.5572,DESCONHECIDO,DESCONHECIDO,DESCONHECIDO,DESCONHECIDO,DESCONHECIDO,Fase 2 (5° e 6° ano),-1,DESCONHECIDO,DESCONHECIDO,DESCONHECIDO,2023,0,0,0,0,0,0,0,0,0,0,0,0,0,0,0,0,0,1,1,1,1,1,1,1,1,1,2,2,1,1,1,2,1,5,5,5,4,5,1,5,1,4,3,5,1,1
RA-640,FASE 1,1P,Aluno-640,Pública,Agata,6.1105,DESCONHECIDO,DESCONHECIDO,DESCONHECIDO,DESCONHECIDO,DESCONHECIDO,Fase 3 (7° e 8° ano),-2,DESCONHECIDO,DESCONHECIDO,DESCONHECIDO,2023,0,0,0,0,0,0,0,0,0,0,0,0,0,0,0,0,0,1,1,1,1,1,1,1,1,0,2,2,1,1,1,2,1,2,5,2,1,2,1,5,1,1,1,2,1,1
RA-810,FASE 1,1P,Aluno-810,Pública,Ametista,7.782866667,DESCONHECIDO,DESCONHECIDO,DESCONHECIDO,DESCONHECIDO,DESCONHECIDO,Fase 1 (3° e 4° ano),0,DESCONHECIDO,DESCONHECIDO,DESCONHECIDO,2023,0,0,0,0,0,0,0,0,0,0,0,0,0,0,0,0,0,1,1,1,1,1,1,1,1,1,1,1,1,1,1,2,2,3,5,3,3,4,1,4,2,1,2,3,2,0
RA-643,FASE 1,1P,Aluno-643,Pública,Ametista,7.389033333,DESCONHECIDO,DESCONHECIDO,DESCONHECIDO,DESCONHECIDO,DESCONHECIDO,Fase 2 (5° e 6° ano),-1,DESCONHECIDO,DESCONHECIDO,DESCONHECIDO,2023,0,0,0,0,0,0,0,0,0,0,0,0,0,0,0,0,0,1,1,1,1,1,1,1,1,1,2,2,1,1,1,2,4,2,5,4,4,4,1,3,1,1,2,4,1,1
RA-819,FASE 1,1P,Aluno-819,Pública,Ametista,7.944833333,DESCONHECIDO,DESCONHECIDO,DESCONHECIDO,DESCONHECIDO,DESCONHECIDO,Fase 1 (3° e 4° ano),0,DESCONHECIDO,DESCONHECIDO,DESCONHECIDO,2023,0,0,0,0,0,0,0,0,0,0,0,0,0,0,0,0,0,1,1,1,1,1,1,1,1,1,1,2,1,1,1,2,1,3,5,5,5,5,1,5,2,4,2,5,1,0
RA-1070,FASE 1,1P,Aluno-1070,Pública,Agata,6.939033333,DESCONHECIDO,DESCONHECIDO,DESCONHECIDO,DESCONHECIDO,DESCONHECIDO,Fase 2 (5° e 6° ano),-1,DESCONHECIDO,DESCONHECIDO,DESCONHECIDO,2023,0,0,0,0,0,0,0,0,0,0,0,0,0,0,0,0,0,1,1,1,1,1,1,1,1,0,2,3,1,1,1,2,3,2,1,2,2,2,1,5,1,3,1,2,1,1
RA-813,FASE 1,1R,Aluno-813,Pública,Ametista,7.5867,DESCONHECIDO,DESCONHECIDO,DESCONHECIDO,DESCONHECIDO,DESCONHECIDO,Fase 1 (3° e 4° ano),0,DESCONHECIDO,DESCONHECIDO,DESCONHECIDO,2023,0,0,0,0,0,0,0,0,0,0,0,0,0,0,0,0,0,1,1,1,1,1,1,1,1,1,2,2,1,1,1,2,4,3,5,1,1,2,1,4,2,3,2,1,1,0
RA-636,FASE 1,1R,Aluno-636,Pública,Agata,6.836666667,DESCONHECIDO,DESCONHECIDO,DESCONHECIDO,DESCONHECIDO,DESCONHECIDO,Fase 2 (5° e 6° ano),-1,DESCONHECIDO,DESCONHECIDO,DESCONHECIDO,2023,0,0,0,0,0,0,0,0,0,0,0,0,0,0,0,0,0,1,1,1,1,1,1,1,1,0,2,2,1,1,1,2,1,3,2,5,5,5,1,2,1,4,1,5,1,1
RA-798,FASE 1,1R,Aluno-798,Privada - Programa de Apadrinhamento,Ametista,7.018033333,DESCONHECIDO,DESCONHECIDO,DESCONHECIDO,DESCONHECIDO,DESCONHECIDO,Fase 2 (5° e 6° ano),-1,DESCONHECIDO,DESCONHECIDO,DESCONHECIDO,2023,0,0,0,0,0,0,0,0,0,0,0,0,0,0,0,0,0,1,1,1,1,1,1,1,1,1,2,2,1,1,1,2,3,2,5,2,1,4,1,2,1,1,2,2,1,1
RA-799,FASE 1,1R,Aluno-799,Pública,Topázio,8.061533333,DESCONHECIDO,DESCONHECIDO,DESCONHECIDO,DESCONHECIDO,DESCONHECIDO,Fase 2 (5° e 6° ano),-1,DESCONHECIDO,DESCONHECIDO,DESCONHECIDO,2023,0,0,0,0,0,0,0,0,0,0,0,0,0,0,0,0,0,1,1,1,1,1,1,1,1,1,2,2,1,1,1,2,4,5,2,5,4,5,1,4,1,4,3,5,1,1
RA-815,FASE 1,1R,Aluno-815,Pública,Agata,6.122166667,DESCONHECIDO,DESCONHECIDO,DESCONHECIDO,DESCONHECIDO,DESCONHECIDO,Fase 2 (5° e 6° ano),-1,DESCONHECIDO,DESCONHECIDO,DESCONHECIDO,2023,0,0,0,0,0,0,0,0,0,0,0,0,0,0,0,0,0,1,1,1,1,1,1,1,1,0,2,2,1,1,1,2,1,3,2,3,4,2,1,2,1,1,1,3,1,1
RA-637,FASE 1,1R,Aluno-637,Pública,Topázio,8.109533333,DESCONHECIDO,DESCONHECIDO,DESCONHECIDO,DESCONHECIDO,DESCONHECIDO,Fase 2 (5° e 6° ano),-1,DESCONHECIDO,DESCONHECIDO,DESCONHECIDO,2023,0,0,0,0,0,0,0,0,0,0,0,0,0,0,0,0,0,1,1,1,1,1,1,1,1,1,2,1,1,1,1,2,2,4,5,5,5,4,1,4,1,4,3,5,2,1
RA-638,FASE 1,1R,Aluno-638,Pública,Ametista,7.754866667,DESCONHECIDO,DESCONHECIDO,DESCONHECIDO,DESCONHECIDO,DESCONHECIDO,Fase 2 (5° e 6° ano),-1,DESCONHECIDO,DESCONHECIDO,DESCONHECIDO,2023,0,0,0,0,0,0,0,0,0,0,0,0,0,0,0,0,0,1,1,1,1,1,1,1,1,1,2,1,1,1,1,2,3,4,5,3,3,2,1,4,1,4,2,3,3,1
RA-801,FASE 1,1R,Aluno-801,Pública,Agata,6.8735,DESCONHECIDO,DESCONHECIDO,DESCONHECIDO,DESCONHECIDO,DESCONHECIDO,Fase 1 (3° e 4° ano),0,DESCONHECIDO,DESCONHECIDO,DESCONHECIDO,2023,0,0,0,0,0,0,0,0,0,0,0,0,0,0,0,0,0,1,1,1,1,1,1,1,1,0,2,2,1,1,1,2,1,2,5,4,3,5,1,2,2,1,1,4,1,0
RA-802,FASE 1,1R,Aluno-802,Pública,Topázio,8.126866667,DESCONHECIDO,DESCONHECIDO,DESCONHECIDO,DESCONHECIDO,DESCONHECIDO,Fase 2 (5° e 6° ano),-1,DESCONHECIDO,DESCONHECIDO,DESCONHECIDO,2023,0,0,0,0,0,0,0,0,0,0,0,0,0,0,0,0,0,1,1,1,1,1,1,1,1,1,1,1,1,1,1,2,2,4,5,5,5,5,1,3,1,4,3,5,2,1
RA-1071,FASE 1,1R,Aluno-1071,Pública,Agata,6.414033333,DESCONHECIDO,DESCONHECIDO,DESCONHECIDO,DESCONHECIDO,DESCONHECIDO,Fase 2 (5° e 6° ano),-1,DESCONHECIDO,DESCONHECIDO,DESCONHECIDO,2023,0,0,0,0,0,0,0,0,0,0,0,0,0,0,0,0,0,1,1,1,1,1,1,1,1,0,2,3,1,1,1,2,3,3,5,1,1,2,1,1,1,1,1,1,1,1
RA-817,FASE 1,1R,Aluno-817,Pública,Ametista,7.8597,DESCONHECIDO,DESCONHECIDO,DESCONHECIDO,DESCONHECIDO,DESCONHECIDO,Fase 1 (3° e 4° ano),0,DESCONHECIDO,DESCONHECIDO,DESCONHECIDO,2023,0,0,0,0,0,0,0,0,0,0,0,0,0,0,0,0,0,1,1,1,1,1,1,1,1,1,2,2,1,1,1,2,4,3,3,2,2,2,1,4,2,3,2,2,1,0
RA-818,FASE 1,1R,Aluno-818,Pública,Ametista,7.997366667,DESCONHECIDO,DESCONHECIDO,DESCONHECIDO,DESCONHECIDO,DESCONHECIDO,ALFA (1° e 2° ano),1,DESCONHECIDO,DESCONHECIDO,DESCONHECIDO,2023,0,0,0,0,0,0,0,0,0,0,0,0,0,0,0,0,0,1,1,1,1,1,1,1,1,1,2,2,1,1,1,2,5,3,5,2,2,3,1,3,2,3,2,2,1,0
RA-804,FASE 1,1R,Aluno-804,Pública,Ametista,7.2352,DESCONHECIDO,DESCONHECIDO,DESCONHECIDO,DESCONHECIDO,DESCONHECIDO,Fase 2 (5° e 6° ano),-1,DESCONHECIDO,DESCONHECIDO,DESCONHECIDO,2023,0,0,0,0,0,0,0,0,0,0,0,0,0,0,0,0,0,1,1,1,1,1,1,1,1,1,2,2,1,1,1,2,5,3,2,3,3,4,1,2,1,1,2,3,1,1
RA-645,FASE 1,1R,Aluno-645,Pública,Ametista,7.613033333,DESCONHECIDO,DESCONHECIDO,DESCONHECIDO,DESCONHECIDO,DESCONHECIDO,Fase 2 (5° e 6° ano),-1,DESCONHECIDO,DESCONHECIDO,DESCONHECIDO,2023,0,0,0,0,0,0,0,0,0,0,0,0,0,0,0,0,0,1,1,1,1,1,1,1,1,1,2,2,1,1,1,2,3,3,2,4,3,4,1,4,1,3,2,4,1,1
RA-479,FASE 2,2A,Aluno-479,Privada - Programa de Apadrinhamento,Topázio,8.988866667,DESCONHECIDO,DESCONHECIDO,DESCONHECIDO,DESCONHECIDO,DESCONHECIDO,Fase 2 (5° e 6° ano),0,DESCONHECIDO,DESCONHECIDO,DESCONHECIDO,2023,0,0,0,0,0,0,0,0,0,0,0,0,0,0,0,0,0,1,1,1,1,1,1,1,1,1,2,1,1,1,1,2,3,5,1,5,5,5,1,5,2,4,3,5,3,0
RA-493,FASE 2,2A,Aluno-493,Pública,Ametista,7.934366667,DESCONHECIDO,DESCONHECIDO,DESCONHECIDO,DESCONHECIDO,DESCONHECIDO,Fase 2 (5° e 6° ano),0,DESCONHECIDO,DESCONHECIDO,DESCONHECIDO,2023,0,0,0,0,0,0,0,0,0,0,0,0,0,0,0,0,0,1,1,1,1,1,1,1,1,1,1,1,1,1,1,2,4,5,1,2,2,4,1,5,2,4,2,2,3,0
RA-1072,FASE 2,2A,Aluno-1072,Pública,Topázio,8.0152,DESCONHECIDO,DESCONHECIDO,DESCONHECIDO,DESCONHECIDO,DESCONHECIDO,Fase 2 (5° e 6° ano),0,DESCONHECIDO,DESCONHECIDO,DESCONHECIDO,2023,0,0,0,0,0,0,0,0,0,0,0,0,0,0,0,0,0,1,1,1,1,1,1,1,1,1,2,3,1,1,1,2,3,3,1,3,2,4,1,5,2,3,3,3,1,0
RA-536,FASE 2,2A,Aluno-536,Pública,Ametista,7.759533333,DESCONHECIDO,DESCONHECIDO,DESCONHECIDO,DESCONHECIDO,DESCONHECIDO,Fase 2 (5° e 6° ano),0,DESCONHECIDO,DESCONHECIDO,DESCONHECIDO,2023,0,0,0,0,0,0,0,0,0,0,0,0,0,0,0,0,0,1,1,1,1,1,1,1,1,1,1,1,1,1,1,2,2,4,1,2,2,3,1,5,2,4,2,2,3,0
RA-1073,FASE 2,2A,Aluno-1073,Pública,Agata,6.384333333,DESCONHECIDO,DESCONHECIDO,DESCONHECIDO,DESCONHECIDO,DESCONHECIDO,Fase 3 (7° e 8° ano),-1,DESCONHECIDO,DESCONHECIDO,DESCONHECIDO,2023,0,0,0,0,0,0,0,0,0,0,0,0,0,0,0,0,0,1,1,1,1,1,1,1,1,0,2,3,1,1,1,2,1,3,1,2,2,4,1,5,1,4,1,2,1,1
RA-494,FASE 2,2A,Aluno-494,Privada,Ametista,7.116633333,DESCONHECIDO,DESCONHECIDO,DESCONHECIDO,DESCONHECIDO,DESCONHECIDO,Fase 3 (7° e 8° ano),-1,DESCONHECIDO,DESCONHECIDO,DESCONHECIDO,2023,0,0,0,0,0,0,0,0,0,0,0,0,0,0,0,0,0,1,1,1,1,1,1,1,1,1,2,2,1,1,1,2,1,4,1,3,3,4,1,5,1,3,2,3,1,1
RA-496,FASE 2,2A,Aluno-496,Privada,Agata,6.603666667,DESCONHECIDO,DESCONHECIDO,DESCONHECIDO,DESCONHECIDO,DESCONHECIDO,Fase 3 (7° e 8° ano),-1,DESCONHECIDO,DESCONHECIDO,DESCONHECIDO,2023,0,0,0,0,0,0,0,0,0,0,0,0,0,0,0,0,0,1,1,1,1,1,1,1,1,0,2,1,1,1,1,2,1,2,1,5,4,5,1,5,1,3,1,4,4,1
RA-497,FASE 2,2A,Aluno-497,Privada - Programa de apadrinhamento,Quartzo,5.7191,DESCONHECIDO,DESCONHECIDO,DESCONHECIDO,DESCONHECIDO,DESCONHECIDO,Fase 4 (9° ano),-2,DESCONHECIDO,DESCONHECIDO,DESCONHECIDO,2023,0,0,0,0,0,0,0,0,0,0,0,0,0,0,0,0,0,1,1,1,1,1,1,1,1,0,2,1,1,1,1,2,1,3,1,1,1,2,1,2,1,1,1,1,4,1
RA-1074,FASE 2,2A,Aluno-1074,Pública,Agata,6.195833333,DESCONHECIDO,DESCONHECIDO,DESCONHECIDO,DESCONHECIDO,DESCONHECIDO,Fase 3 (7° e 8° ano),-1,DESCONHECIDO,DESCONHECIDO,DESCONHECIDO,2023,0,0,0,0,0,0,0,0,0,0,0,0,0,0,0,0,0,1,1,1,1,1,1,1,1,0,2,3,1,1,1,2,1,5,1,2,4,1,1,4,1,1,1,2,1,1
RA-486,FASE 2,2A,Aluno-486,Privada,Ametista,7.1043,DESCONHECIDO,DESCONHECIDO,DESCONHECIDO,DESCONHECIDO,DESCONHECIDO,Fase 2 (5° e 6° ano),0,DESCONHECIDO,DESCONHECIDO,DESCONHECIDO,2023,0,0,0,0,0,0,0,0,0,0,0,0,0,0,0,0,0,1,1,1,1,1,1,1,1,1,2,1,1,1,1,2,2,1,1,2,1,5,1,5,2,2,2,2,3,0
RA-1075,FASE 2,2A,Aluno-1075,Pública,Agata,6.591333333,DESCONHECIDO,DESCONHECIDO,DESCONHECIDO,DESCONHECIDO,DESCONHECIDO,Fase 3 (7° e 8° ano),-1,DESCONHECIDO,DESCONHECIDO,DESCONHECIDO,2023,0,0,0,0,0,0,0,0,0,0,0,0,0,0,0,0,0,1,1,1,1,1,1,1,1,0,2,3,1,1,1,2,1,5,1,2,2,2,1,5,1,3,1,2,1,1
RA-578,FASE 2,2A,Aluno-578,Privada - Programa de Apadrinhamento,Topázio,9.013866667,DESCONHECIDO,DESCONHECIDO,DESCONHECIDO,DESCONHECIDO,DESCONHECIDO,Fase 2 (5° e 6° ano),0,DESCONHECIDO,DESCONHECIDO,DESCONHECIDO,2023,0,0,0,0,0,0,0,0,0,0,0,0,0,0,0,0,0,1,1,1,1,1,1,1,1,1,2,1,1,1,1,2,3,5,1,5,5,5,1,5,2,4,3,5,4,0
RA-513,FASE 2,2A,Aluno-513,Privada,Topázio,8.297866667,DESCONHECIDO,DESCONHECIDO,DESCONHECIDO,DESCONHECIDO,DESCONHECIDO,Fase 2 (5° e 6° ano),0,DESCONHECIDO,DESCONHECIDO,DESCONHECIDO,2023,0,0,0,0,0,0,0,0,0,0,0,0,0,0,0,0,0,1,1,1,1,1,1,1,1,1,1,1,1,1,1,2,4,5,1,4,4,4,1,5,2,4,3,4,2,0
RA-487,FASE 2,2A,Aluno-487,Privada - Programa de Apadrinhamento,Topázio,8.988866667,DESCONHECIDO,DESCONHECIDO,DESCONHECIDO,DESCONHECIDO,DESCONHECIDO,Fase 2 (5° e 6° ano),0,DESCONHECIDO,DESCONHECIDO,DESCONHECIDO,2023,0,0,0,0,0,0,0,0,0,0,0,0,0,0,0,0,0,1,1,1,1,1,1,1,1,1,2,1,1,1,1,2,2,5,1,5,5,5,1,5,2,4,3,5,4,0
RA-1076,FASE 2,2A,Aluno-1076,Pública,Ametista,7.901033333,DESCONHECIDO,DESCONHECIDO,DESCONHECIDO,DESCONHECIDO,DESCONHECIDO,Fase 3 (7° e 8° ano),-1,DESCONHECIDO,DESCONHECIDO,DESCONHECIDO,2023,0,0,0,0,0,0,0,0,0,0,0,0,0,0,0,0,0,1,1,1,1,1,1,1,1,1,2,3,1,1,1,2,3,5,1,5,5,4,1,5,1,4,2,5,1,1
RA-490,FASE 2,2A,Aluno-490,Privada,Ametista,7.429466667,DESCONHECIDO,DESCONHECIDO,DESCONHECIDO,DESCONHECIDO,DESCONHECIDO,Fase 2 (5° e 6° ano),0,DESCONHECIDO,DESCONHECIDO,DESCONHECIDO,2023,0,0,0,0,0,0,0,0,0,0,0,0,0,0,0,0,0,1,1,1,1,1,1,1,1,1,2,2,1,1,1,2,2,2,1,2,1,5,1,5,2,4,2,2,1,0
RA-491,FASE 2,2A,Aluno-491,Pública,Ametista,7.560533333,DESCONHECIDO,DESCONHECIDO,DESCONHECIDO,DESCONHECIDO,DESCONHECIDO,Fase 2 (5° e 6° ano),0,DESCONHECIDO,DESCONHECIDO,DESCONHECIDO,2023,0,0,0,0,0,0,0,0,0,0,0,0,0,0,0,0,0,1,1,1,1,1,1,1,1,1,2,2,1,1,1,2,4,5,1,2,1,3,1,4,2,3,2,2,1,0
RA-1077,FASE 2,2B,Aluno-1077,Pública,Ametista,7.2115,DESCONHECIDO,DESCONHECIDO,DESCONHECIDO,DESCONHECIDO,DESCONHECIDO,Fase 2 (5° e 6° ano),0,DESCONHECIDO,DESCONHECIDO,DESCONHECIDO,2023,0,0,0,0,0,0,0,0,0,0,0,0,0,0,0,0,0,1,1,1,1,1,1,1,1,1,2,3,1,1,1,2,1,5,1,4,3,4,1,5,2,4,2,4,1,0
RA-484,FASE 2,2B,Aluno-484,Pública,Quartzo,5.515466667,DESCONHECIDO,DESCONHECIDO,DESCONHECIDO,DESCONHECIDO,DESCONHECIDO,Fase 3 (7° e 8° ano),-1,DESCONHECIDO,DESCONHECIDO,DESCONHECIDO,2023,0,0,0,0,0,0,0,0,0,0,0,0,0,0,0,0,0,1,1,1,1,1,1,1,1,0,2,2,1,1,1,2,1,2,1,1,1,1,1,1,1,1,1,1,1,1
RA-508,FASE 2,2B,Aluno-508,Pública,Ametista,7.671633333,DESCONHECIDO,DESCONHECIDO,DESCONHECIDO,DESCONHECIDO,DESCONHECIDO,Fase 2 (5° e 6° ano),0,DESCONHECIDO,DESCONHECIDO,DESCONHECIDO,2023,0,0,0,0,0,0,0,0,0,0,0,0,0,0,0,0,0,1,1,1,1,1,1,1,1,1,1,2,1,1,1,2,1,3,1,4,3,5,1,5,2,4,2,4,1,0
RA-495,FASE 2,2B,Aluno-495,Privada,Ametista,7.417366667,DESCONHECIDO,DESCONHECIDO,DESCONHECIDO,DESCONHECIDO,DESCONHECIDO,Fase 3 (7° e 8° ano),-1,DESCONHECIDO,DESCONHECIDO,DESCONHECIDO,2023,0,0,0,0,0,0,0,0,0,0,0,0,0,0,0,0,0,1,1,1,1,1,1,1,1,1,2,2,1,1,1,2,3,3,1,4,2,5,1,5,1,4,2,4,1,1
RA-1078,FASE 2,2B,Aluno-1078,Pública,Agata,6.472333333,DESCONHECIDO,DESCONHECIDO,DESCONHECIDO,DESCONHECIDO,DESCONHECIDO,Fase 4 (9° ano),-2,DESCONHECIDO,DESCONHECIDO,DESCONHECIDO,2023,0,0,0,0,0,0,0,0,0,0,0,0,0,0,0,0,0,1,1,1,1,1,1,1,1,0,3,3,1,1,1,2,1,1,1,3,1,5,1,4,1,4,1,3,1,1
RA-340,FASE 2,2B,Aluno-340,Pública,Ametista,7.059666667,DESCONHECIDO,DESCONHECIDO,DESCONHECIDO,DESCONHECIDO,DESCONHECIDO,Fase 3 (7° e 8° ano),-1,DESCONHECIDO,DESCONHECIDO,DESCONHECIDO,2023,0,0,0,0,0,0,0,0,0,0,0,0,0,0,0,0,0,1,1,1,1,1,1,1,1,1,2,1,1,1,1,2,1,5,1,5,5,5,1,5,1,4,2,5,4,1
RA-1079,FASE 2,2B,Aluno-1079,Pública,Agata,6.916533333,DESCONHECIDO,DESCONHECIDO,DESCONHECIDO,DESCONHECIDO,DESCONHECIDO,Fase 3 (7° e 8° ano),-1,DESCONHECIDO,DESCONHECIDO,DESCONHECIDO,2023,0,0,0,0,0,0,0,0,0,0,0,0,0,0,0,0,0,1,1,1,1,1,1,1,1,0,2,3,1,1,1,2,3,2,1,4,4,4,1,2,1,1,1,4,1,1
RA-1080,FASE 2,2B,Aluno-1080,Pública,Agata,6.571966667,DESCONHECIDO,DESCONHECIDO,DESCONHECIDO,DESCONHECIDO,DESCONHECIDO,Fase 3 (7° e 8° ano),-1,DESCONHECIDO,DESCONHECIDO,DESCONHECIDO,2023,0,0,0,0,0,0,0,0,0,0,0,0,0,0,0,0,0,1,1,1,1,1,1,1,1,0,2,3,1,1,1,2,2,5,1,1,1,1,1,4,1,4,1,1,1,1
RA-1081,FASE 2,2B,Aluno-1081,Pública,Ametista,7.666033333,DESCONHECIDO,DESCONHECIDO,DESCONHECIDO,DESCONHECIDO,DESCONHECIDO,Fase 4 (9° ano),-2,DESCONHECIDO,DESCONHECIDO,DESCONHECIDO,2023,0,0,0,0,0,0,0,0,0,0,0,0,0,0,0,0,0,1,1,1,1,1,1,1,1,1,3,3,1,1,1,2,5,5,1,3,4,1,1,5,1,4,2,3,1,1
RA-1082,FASE 2,2B,Aluno-1082,Pública,Ametista,7.1617,DESCONHECIDO,DESCONHECIDO,DESCONHECIDO,DESCONHECIDO,DESCONHECIDO,Fase 3 (7° e 8° ano),-1,DESCONHECIDO,DESCONHECIDO,DESCONHECIDO,2023,0,0,0,0,0,0,0,0,0,0,0,0,0,0,0,0,0,1,1,1,1,1,1,1,1,1,2,3,1,1,1,2,4,4,1,2,1,3,1,5,1,4,2,2,1,1
RA-1083,FASE 2,2B,Aluno-1083,Pública,Topázio,8.2345,DESCONHECIDO,DESCONHECIDO,DESCONHECIDO,DESCONHECIDO,DESCONHECIDO,Fase 2 (5° e 6° ano),0,DESCONHECIDO,DESCONHECIDO,DESCONHECIDO,2023,0,0,0,0,0,0,0,0,0,0,0,0,0,0,0,0,0,1,1,1,1,1,1,1,1,1,1,3,1,1,1,2,1,5,1,4,4,4,1,5,2,4,3,4,1,0
RA-531,FASE 2,2B,Aluno-531,Pública,Topázio,8.3252,DESCONHECIDO,DESCONHECIDO,DESCONHECIDO,DESCONHECIDO,DESCONHECIDO,Fase 2 (5° e 6° ano),0,DESCONHECIDO,DESCONHECIDO,DESCONHECIDO,2023,0,0,0,0,0,0,0,0,0,0,0,0,0,0,0,0,0,1,1,1,1,1,1,1,1,1,2,2,1,1,1,2,4,5,1,4,3,5,1,5,2,4,3,4,1,0
RA-1084,FASE 2,2B,Aluno-1084,Pública,Ametista,7.9948,DESCONHECIDO,DESCONHECIDO,DESCONHECIDO,DESCONHECIDO,DESCONHECIDO,Fase 2 (5° e 6° ano),0,DESCONHECIDO,DESCONHECIDO,DESCONHECIDO,2023,0,0,0,0,0,0,0,0,0,0,0,0,0,0,0,0,0,1,1,1,1,1,1,1,1,1,2,3,1,1,1,2,2,5,1,3,2,5,1,5,2,4,2,3,1,0
RA-516,FASE 2,2B,Aluno-516,Privada - Programa de Apadrinhamento,Topázio,8.6807,DESCONHECIDO,DESCONHECIDO,DESCONHECIDO,DESCONHECIDO,DESCONHECIDO,Fase 2 (5° e 6° ano),0,DESCONHECIDO,DESCONHECIDO,DESCONHECIDO,2023,0,0,0,0,0,0,0,0,0,0,0,0,0,0,0,0,0,1,1,1,1,1,1,1,1,1,1,1,1,1,1,2,5,5,1,5,5,5,1,5,2,4,3,5,4,0
RA-348,FASE 2,2B,Aluno-348,Pública,Agata,6.817866667,DESCONHECIDO,DESCONHECIDO,DESCONHECIDO,DESCONHECIDO,DESCONHECIDO,Fase 3 (7° e 8° ano),-1,DESCONHECIDO,DESCONHECIDO,DESCONHECIDO,2023,0,0,0,0,0,0,0,0,0,0,0,0,0,0,0,0,0,1,1,1,1,1,1,1,1,0,2,2,1,1,1,2,5,3,1,1,1,3,1,4,1,4,1,1,1,1
RA-1085,FASE 2,2C,Aluno-1085,Pública,Agata,6.563833333,DESCONHECIDO,DESCONHECIDO,DESCONHECIDO,DESCONHECIDO,DESCONHECIDO,Fase 3 (7° e 8° ano),-1,DESCONHECIDO,DESCONHECIDO,DESCONHECIDO,2023,0,0,0,0,0,0,0,0,0,0,0,0,0,0,0,0,0,1,1,1,1,1,1,1,1,0,2,3,1,1,1,2,1,5,1,3,2,4,1,4,1,4,1,3,1,1
RA-1086,FASE 2,2C,Aluno-1086,Pública,Ametista,7.2382,DESCONHECIDO,DESCONHECIDO,DESCONHECIDO,DESCONHECIDO,DESCONHECIDO,Fase 3 (7° e 8° ano),-1,DESCONHECIDO,DESCONHECIDO,DESCONHECIDO,2023,0,0,0,0,0,0,0,0,0,0,0,0,0,0,0,0,0,1,1,1,1,1,1,1,1,1,2,3,1,1,1,2,2,4,1,2,2,2,1,5,1,4,2,2,1,1
RA-1087,FASE 2,2C,Aluno-1087,Pública,Ametista,7.2067,DESCONHECIDO,DESCONHECIDO,DESCONHECIDO,DESCONHECIDO,DESCONHECIDO,Fase 3 (7° e 8° ano),-1,DESCONHECIDO,DESCONHECIDO,DESCONHECIDO,2023,0,0,0,0,0,0,0,0,0,0,0,0,0,0,0,0,0,1,1,1,1,1,1,1,1,1,2,3,1,1,1,2,5,4,1,2,1,3,1,4,1,4,2,2,1,1
RA-509,FASE 2,2C,Aluno-509,Pública,Ametista,7.606033333,DESCONHECIDO,DESCONHECIDO,DESCONHECIDO,DESCONHECIDO,DESCONHECIDO,Fase 3 (7° e 8° ano),-1,DESCONHECIDO,DESCONHECIDO,DESCONHECIDO,2023,0,0,0,0,0,0,0,0,0,0,0,0,0,0,0,0,0,1,1,1,1,1,1,1,1,1,2,1,1,1,1,2,2,2,1,5,4,5,1,5,1,4,2,5,4,1
RA-499,FASE 2,2C,Aluno-499,Pública,Ametista,7.8883,DESCONHECIDO,DESCONHECIDO,DESCONHECIDO,DESCONHECIDO,DESCONHECIDO,Fase 2 (5° e 6° ano),0,DESCONHECIDO,DESCONHECIDO,DESCONHECIDO,2023,0,0,0,0,0,0,0,0,0,0,0,0,0,0,0,0,0,1,1,1,1,1,1,1,1,1,2,1,1,1,1,2,2,5,1,3,2,4,1,4,2,4,2,3,3,0
RA-500,FASE 2,2C,Aluno-500,Pública,Topázio,8.427533333,DESCONHECIDO,DESCONHECIDO,DESCONHECIDO,DESCONHECIDO,DESCONHECIDO,Fase 2 (5° e 6° ano),0,DESCONHECIDO,DESCONHECIDO,DESCONHECIDO,2023,0,0,0,0,0,0,0,0,0,0,0,0,0,0,0,0,0,1,1,1,1,1,1,1,1,1,2,1,1,1,1,2,4,5,1,4,5,4,1,5,2,4,3,4,3,0
RA-1088,FASE 2,2C,Aluno-1088,Pública,Ametista,7.4717,DESCONHECIDO,DESCONHECIDO,DESCONHECIDO,DESCONHECIDO,DESCONHECIDO,Fase 3 (7° e 8° ano),-1,DESCONHECIDO,DESCONHECIDO,DESCONHECIDO,2023,0,0,0,0,0,0,0,0,0,0,0,0,0,0,0,0,0,1,1,1,1,1,1,1,1,1,3,3,1,1,1,2,4,5,1,3,2,4,1,4,1,4,2,3,1,1
RA-1089,FASE 2,2C,Aluno-1089,Pública,Ametista,7.9947,DESCONHECIDO,DESCONHECIDO,DESCONHECIDO,DESCONHECIDO,DESCONHECIDO,Fase 2 (5° e 6° ano),0,DESCONHECIDO,DESCONHECIDO,DESCONHECIDO,2023,0,0,0,0,0,0,0,0,0,0,0,0,0,0,0,0,0,1,1,1,1,1,1,1,1,1,2,3,1,1,1,2,3,4,1,3,2,4,1,4,2,4,2,3,1,0
RA-1090,FASE 2,2C,Aluno-1090,Pública,Ametista,7.844033333,DESCONHECIDO,DESCONHECIDO,DESCONHECIDO,DESCONHECIDO,DESCONHECIDO,Fase 3 (7° e 8° ano),-1,DESCONHECIDO,DESCONHECIDO,DESCONHECIDO,2023,0,0,0,0,0,0,0,0,0,0,0,0,0,0,0,0,0,1,1,1,1,1,1,1,1,1,3,3,1,1,1,2,3,5,1,5,5,5,1,4,1,4,2,5,1,1
RA-503,FASE 2,2C,Aluno-503,Pública,Topázio,8.4682,DESCONHECIDO,DESCONHECIDO,DESCONHECIDO,DESCONHECIDO,DESCONHECIDO,Fase 2 (5° e 6° ano),0,DESCONHECIDO,DESCONHECIDO,DESCONHECIDO,2023,0,0,0,0,0,0,0,0,0,0,0,0,0,0,0,0,0,1,1,1,1,1,1,1,1,1,2,1,1,1,1,2,4,5,1,5,5,5,1,4,2,4,3,5,3,0
RA-1091,FASE 2,2C,Aluno-1091,Pública,Topázio,8.032533333,DESCONHECIDO,DESCONHECIDO,DESCONHECIDO,DESCONHECIDO,DESCONHECIDO,Fase 3 (7° e 8° ano),-1,DESCONHECIDO,DESCONHECIDO,DESCONHECIDO,2023,0,0,0,0,0,0,0,0,0,0,0,0,0,0,0,0,0,1,1,1,1,1,1,1,1,1,2,3,1,1,1,2,2,4,1,5,5,5,1,5,1,4,3,5,1,1
RA-1092,FASE 2,2C,Aluno-1092,Pública,Ametista,7.41,DESCONHECIDO,DESCONHECIDO,DESCONHECIDO,DESCONHECIDO,DESCONHECIDO,Fase 3 (7° e 8° ano),-1,DESCONHECIDO,DESCONHECIDO,DESCONHECIDO,2023,0,0,0,0,0,0,0,0,0,0,0,0,0,0,0,0,0,1,1,1,1,1,1,1,1,1,2,3,1,1,1,2,2,5,1,3,2,4,1,4,1,4,2,3,1,1
RA-1093,FASE 2,2C,Aluno-1093,Pública,Topázio,8.197533333,DESCONHECIDO,DESCONHECIDO,DESCONHECIDO,DESCONHECIDO,DESCONHECIDO,Fase 2 (5° e 6° ano),0,DESCONHECIDO,DESCONHECIDO,DESCONHECIDO,2023,0,0,0,0,0,0,0,0,0,0,0,0,0,0,0,0,0,1,1,1,1,1,1,1,1,1,2,3,1,1,1,2,1,4,1,5,5,5,1,4,2,4,3,5,1,0
RA-1094,FASE 2,2C,Aluno-1094,Pública,Topázio,8.1779,DESCONHECIDO,DESCONHECIDO,DESCONHECIDO,DESCONHECIDO,DESCONHECIDO,Fase 2 (5° e 6° ano),0,DESCONHECIDO,DESCONHECIDO,DESCONHECIDO,2023,0,0,0,0,0,0,0,0,0,0,0,0,0,0,0,0,0,1,1,1,1,1,1,1,1,1,2,3,1,1,1,2,2,4,1,5,4,5,1,4,2,4,3,5,1,0
RA-1095,FASE 2,2C,Aluno-1095,Pública,Agata,6.238,DESCONHECIDO,DESCONHECIDO,DESCONHECIDO,DESCONHECIDO,DESCONHECIDO,Fase 3 (7° e 8° ano),-1,DESCONHECIDO,DESCONHECIDO,DESCONHECIDO,2023,0,0,0,0,0,0,0,0,0,0,0,0,0,0,0,0,0,1,1,1,1,1,1,1,1,0,2,3,1,1,1,2,1,5,1,2,2,1,1,4,1,4,1,2,1,1
RA-324,FASE 2,2D,Aluno-324,Pública,Ametista,7.6354,DESCONHECIDO,DESCONHECIDO,DESCONHECIDO,DESCONHECIDO,DESCONHECIDO,Fase 2 (5° e 6° ano),0,DESCONHECIDO,DESCONHECIDO,DESCONHECIDO,2023,0,0,0,0,0,0,0,0,0,0,0,0,0,0,0,0,0,1,1,1,1,1,1,1,1,1,2,2,1,1,1,2,1,4,1,5,4,5,1,3,2,3,2,5,1,0
RA-350,FASE 2,2D,Aluno-350,Pública,Ametista,7.972033333,DESCONHECIDO,DESCONHECIDO,DESCONHECIDO,DESCONHECIDO,DESCONHECIDO,Fase 3 (7° e 8° ano),-1,DESCONHECIDO,DESCONHECIDO,DESCONHECIDO,2023,0,0,0,0,0,0,0,0,0,0,0,0,0,0,0,0,0,1,1,1,1,1,1,1,1,1,2,2,1,1,1,2,5,5,1,5,5,5,1,4,1,4,2,5,1,1
RA-517,FASE 2,2D,Aluno-517,Pública,Agata,6.3104,DESCONHECIDO,DESCONHECIDO,DESCONHECIDO,DESCONHECIDO,DESCONHECIDO,Fase 3 (7° e 8° ano),-1,DESCONHECIDO,DESCONHECIDO,DESCONHECIDO,2023,0,0,0,0,0,0,0,0,0,0,0,0,0,0,0,0,0,1,1,1,1,1,1,1,1,0,3,1,1,1,1,2,1,4,1,3,1,5,1,1,1,1,1,3,4,1
RA-325,FASE 2,2D,Aluno-325,Pública,Agata,6.243,DESCONHECIDO,DESCONHECIDO,DESCONHECIDO,DESCONHECIDO,DESCONHECIDO,Fase 2 (5° e 6° ano),0,DESCONHECIDO,DESCONHECIDO,DESCONHECIDO,2023,0,0,0,0,0,0,0,0,0,0,0,0,0,0,0,0,0,1,1,1,1,1,1,1,1,0,2,2,1,1,1,2,1,2,1,2,1,4,1,2,2,3,1,2,1,0
RA-518,FASE 2,2D,Aluno-518,Pública,Ametista,7.5762,DESCONHECIDO,DESCONHECIDO,DESCONHECIDO,DESCONHECIDO,DESCONHECIDO,Fase 2 (5° e 6° ano),0,DESCONHECIDO,DESCONHECIDO,DESCONHECIDO,2023,0,0,0,0,0,0,0,0,0,0,0,0,0,0,0,0,0,1,1,1,1,1,1,1,1,1,2,2,1,1,1,2,2,3,1,3,2,4,1,2,2,3,2,3,1,0
RA-530,FASE 2,2D,Aluno-530,Pública,Ametista,7.653033333,DESCONHECIDO,DESCONHECIDO,DESCONHECIDO,DESCONHECIDO,DESCONHECIDO,Fase 2 (5° e 6° ano),0,DESCONHECIDO,DESCONHECIDO,DESCONHECIDO,2023,0,0,0,0,0,0,0,0,0,0,0,0,0,0,0,0,0,1,1,1,1,1,1,1,1,1,2,1,1,1,1,2,5,3,1,2,2,2,1,2,2,3,2,2,4,0
RA-524,FASE 2,2D,Aluno-524,Pública,Ametista,7.331133333,DESCONHECIDO,DESCONHECIDO,DESCONHECIDO,DESCONHECIDO,DESCONHECIDO,Fase 3 (7° e 8° ano),-1,DESCONHECIDO,DESCONHECIDO,DESCONHECIDO,2023,0,0,0,0,0,0,0,0,0,0,0,0,0,0,0,0,0,1,1,1,1,1,1,1,1,1,2,1,1,1,1,2,1,4,1,5,5,5,1,2,1,4,2,5,4,1
RA-1096,FASE 2,2D,Aluno-1096,Pública,Topázio,8.615533333,DESCONHECIDO,DESCONHECIDO,DESCONHECIDO,DESCONHECIDO,DESCONHECIDO,Fase 2 (5° e 6° ano),0,DESCONHECIDO,DESCONHECIDO,DESCONHECIDO,2023,0,0,0,0,0,0,0,0,0,0,0,0,0,0,0,0,0,1,1,1,1,1,1,1,1,1,2,3,1,1,1,2,4,5,1,5,5,5,1,4,2,4,3,5,1,0
RA-526,FASE 2,2D,Aluno-526,Pública,Topázio,8.0957,DESCONHECIDO,DESCONHECIDO,DESCONHECIDO,DESCONHECIDO,DESCONHECIDO,Fase 3 (7° e 8° ano),-1,DESCONHECIDO,DESCONHECIDO,DESCONHECIDO,2023,0,0,0,0,0,0,0,0,0,0,0,0,0,0,0,0,0,1,1,1,1,1,1,1,1,1,2,2,1,1,1,2,4,5,1,5,5,5,1,3,1,4,3,5,1,1
RA-528,FASE 2,2D,Aluno-528,Pública,Ametista,7.6892,DESCONHECIDO,DESCONHECIDO,DESCONHECIDO,DESCONHECIDO,DESCONHECIDO,Fase 3 (7° e 8° ano),-1,DESCONHECIDO,DESCONHECIDO,DESCONHECIDO,2023,0,0,0,0,0,0,0,0,0,0,0,0,0,0,0,0,0,1,1,1,1,1,1,1,1,1,2,1,1,1,1,2,3,3,1,5,4,5,1,4,1,4,2,4,2,1
RA-534,FASE 2,2D,Aluno-534,Pública,Quartzo,5.8385,DESCONHECIDO,DESCONHECIDO,DESCONHECIDO,DESCONHECIDO,DESCONHECIDO,Fase 3 (7° e 8° ano),-1,DESCONHECIDO,DESCONHECIDO,DESCONHECIDO,2023,0,0,0,0,0,0,0,0,0,0,0,0,0,0,0,0,0,1,1,1,1,1,1,1,1,0,3,1,1,1,1,2,1,2,1,2,1,3,1,4,1,3,1,2,2,1
RA-1097,FASE 2,2D,Aluno-1097,Pública,Agata,6.9547,DESCONHECIDO,DESCONHECIDO,DESCONHECIDO,DESCONHECIDO,DESCONHECIDO,Fase 4 (9° ano),-2,DESCONHECIDO,DESCONHECIDO,DESCONHECIDO,2023,0,0,0,0,0,0,0,0,0,0,0,0,0,0,0,0,0,1,1,1,1,1,1,1,1,0,2,3,1,1,1,2,4,3,1,2,1,3,1,2,1,3,1,2,1,1
RA-1098,FASE 2,2D,Aluno-1098,Pública,Ametista,7.2787,DESCONHECIDO,DESCONHECIDO,DESCONHECIDO,DESCONHECIDO,DESCONHECIDO,Fase 3 (7° e 8° ano),-1,DESCONHECIDO,DESCONHECIDO,DESCONHECIDO,2023,0,0,0,0,0,0,0,0,0,0,0,0,0,0,0,0,0,1,1,1,1,1,1,1,1,1,3,3,1,1,1,2,4,4,1,3,3,3,1,4,1,3,2,3,1,1
RA-506,FASE 2,2D,Aluno-506,Pública,Ametista,7.750033333,DESCONHECIDO,DESCONHECIDO,DESCONHECIDO,DESCONHECIDO,DESCONHECIDO,Fase 3 (7° e 8° ano),-1,DESCONHECIDO,DESCONHECIDO,DESCONHECIDO,2023,0,0,0,0,0,0,0,0,0,0,0,0,0,0,0,0,0,1,1,1,1,1,1,1,1,1,3,1,1,1,1,2,4,2,1,5,4,5,1,4,1,4,2,5,3,1
RA-1099,FASE 2,2F,Aluno-1099,Pública,Ametista,7.113533333,DESCONHECIDO,DESCONHECIDO,DESCONHECIDO,DESCONHECIDO,DESCONHECIDO,Fase 3 (7° e 8° ano),-1,DESCONHECIDO,DESCONHECIDO,DESCONHECIDO,2023,0,0,0,0,0,0,0,0,0,0,0,0,0,0,0,0,0,1,1,1,1,1,1,1,1,1,3,3,1,1,1,2,3,5,1,2,2,1,1,4,1,4,2,2,1,1
RA-1100,FASE 2,2F,Aluno-1100,Pública,Topázio,8.261033333,DESCONHECIDO,DESCONHECIDO,DESCONHECIDO,DESCONHECIDO,DESCONHECIDO,Fase 2 (5° e 6° ano),0,DESCONHECIDO,DESCONHECIDO,DESCONHECIDO,2023,0,0,0,0,0,0,0,0,0,0,0,0,0,0,0,0,0,1,1,1,1,1,1,1,1,1,2,3,1,1,1,2,5,4,1,4,3,4,1,4,2,4,3,4,1,0
RA-1101,FASE 2,2F,Aluno-1101,Pública,Agata,6.446666667,DESCONHECIDO,DESCONHECIDO,DESCONHECIDO,DESCONHECIDO,DESCONHECIDO,Fase 2 (5° e 6° ano),0,DESCONHECIDO,DESCONHECIDO,DESCONHECIDO,2023,0,0,0,0,0,0,0,0,0,0,0,0,0,0,0,0,0,1,1,1,1,1,1,1,1,0,2,3,1,1,1,2,1,2,1,2,1,2,1,4,2,4,1,2,1,0
RA-1102,FASE 2,2F,Aluno-1102,Pública,Topázio,8.123033333,DESCONHECIDO,DESCONHECIDO,DESCONHECIDO,DESCONHECIDO,DESCONHECIDO,Fase 2 (5° e 6° ano),0,DESCONHECIDO,DESCONHECIDO,DESCONHECIDO,2023,0,0,0,0,0,0,0,0,0,0,0,0,0,0,0,0,0,1,1,1,1,1,1,1,1,1,2,3,1,1,1,2,4,4,1,4,2,5,1,3,2,3,3,4,1,0
RA-363,FASE 2,2F,Aluno-363,Pública,Agata,6.680833333,DESCONHECIDO,DESCONHECIDO,DESCONHECIDO,DESCONHECIDO,DESCONHECIDO,Fase 3 (7° e 8° ano),-1,DESCONHECIDO,DESCONHECIDO,DESCONHECIDO,2023,0,0,0,0,0,0,0,0,0,0,0,0,0,0,0,0,0,1,1,1,1,1,1,1,1,0,3,2,1,1,1,2,1,5,1,3,3,3,1,5,1,4,1,3,1,1
RA-1103,FASE 2,2F,Aluno-1103,Pública,Ametista,7.574866667,DESCONHECIDO,DESCONHECIDO,DESCONHECIDO,DESCONHECIDO,DESCONHECIDO,Fase 2 (5° e 6° ano),0,DESCONHECIDO,DESCONHECIDO,DESCONHECIDO,2023,0,0,0,0,0,0,0,0,0,0,0,0,0,0,0,0,0,1,1,1,1,1,1,1,1,1,1,3,1,1,1,2,3,3,1,2,1,2,1,4,2,4,2,2,1,0
RA-539,FASE 2,2F,Aluno-539,Pública,Ametista,7.796866667,DESCONHECIDO,DESCONHECIDO,DESCONHECIDO,DESCONHECIDO,DESCONHECIDO,Fase 3 (7° e 8° ano),-1,DESCONHECIDO,DESCONHECIDO,DESCONHECIDO,2023,0,0,0,0,0,0,0,0,0,0,0,0,0,0,0,0,0,1,1,1,1,1,1,1,1,1,2,2,1,1,1,2,4,3,1,5,4,5,1,5,1,4,2,5,1,1
RA-540,FASE 2,2F,Aluno-540,Pública,Topázio,8.216033333,DESCONHECIDO,DESCONHECIDO,DESCONHECIDO,DESCONHECIDO,DESCONHECIDO,Fase 2 (5° e 6° ano),0,DESCONHECIDO,DESCONHECIDO,DESCONHECIDO,2023,0,0,0,0,0,0,0,0,0,0,0,0,0,0,0,0,0,1,1,1,1,1,1,1,1,1,2,1,1,1,1,2,2,3,1,4,3,4,1,5,2,4,3,4,4,0
RA-574,FASE 2,2F,Aluno-574,Pública,Ametista,7.878133333,DESCONHECIDO,DESCONHECIDO,DESCONHECIDO,DESCONHECIDO,DESCONHECIDO,Fase 2 (5° e 6° ano),0,DESCONHECIDO,DESCONHECIDO,DESCONHECIDO,2023,0,0,0,0,0,0,0,0,0,0,0,0,0,0,0,0,0,1,1,1,1,1,1,1,1,1,2,2,1,1,1,2,1,2,1,5,4,5,1,4,2,3,2,4,1,0
RA-369,FASE 2,2F,Aluno-369,Pública,Agata,6.0197,DESCONHECIDO,DESCONHECIDO,DESCONHECIDO,DESCONHECIDO,DESCONHECIDO,Fase 3 (7° e 8° ano),-1,DESCONHECIDO,DESCONHECIDO,DESCONHECIDO,2023,0,0,0,0,0,0,0,0,0,0,0,0,0,0,0,0,0,1,1,1,1,1,1,1,1,0,2,2,1,1,1,2,5,1,1,1,2,1,1,3,1,4,1,1,1,1
RA-375,FASE 2,2F,Aluno-375,Pública,Ametista,7.070833333,DESCONHECIDO,DESCONHECIDO,DESCONHECIDO,DESCONHECIDO,DESCONHECIDO,Fase 3 (7° e 8° ano),-1,DESCONHECIDO,DESCONHECIDO,DESCONHECIDO,2023,0,0,0,0,0,0,0,0,0,0,0,0,0,0,0,0,0,1,1,1,1,1,1,1,1,1,2,1,1,1,1,2,1,5,1,4,3,5,1,4,1,4,2,4,4,1
RA-376,FASE 2,2F,Aluno-376,Pública,Ametista,7.1392,DESCONHECIDO,DESCONHECIDO,DESCONHECIDO,DESCONHECIDO,DESCONHECIDO,Fase 3 (7° e 8° ano),-1,DESCONHECIDO,DESCONHECIDO,DESCONHECIDO,2023,0,0,0,0,0,0,0,0,0,0,0,0,0,0,0,0,0,1,1,1,1,1,1,1,1,1,2,1,1,1,1,2,2,5,1,2,1,4,1,4,1,3,2,2,4,1
RA-535,FASE 2,2G,Aluno-535,Pública,Topázio,8.0027,DESCONHECIDO,DESCONHECIDO,DESCONHECIDO,DESCONHECIDO,DESCONHECIDO,Fase 2 (5° e 6° ano),0,DESCONHECIDO,DESCONHECIDO,DESCONHECIDO,2023,0,0,0,0,0,0,0,0,0,0,0,0,0,0,0,0,0,1,1,1,1,1,1,1,1,1,2,1,1,1,1,2,3,4,1,2,2,3,1,5,2,3,3,2,4,0
RA-547,FASE 2,2G,Aluno-547,Pública,Agata,6.467,DESCONHECIDO,DESCONHECIDO,DESCONHECIDO,DESCONHECIDO,DESCONHECIDO,Fase 3 (7° e 8° ano),-1,DESCONHECIDO,DESCONHECIDO,DESCONHECIDO,2023,0,0,0,0,0,0,0,0,0,0,0,0,0,0,0,0,0,1,1,1,1,1,1,1,1,0,2,1,1,1,1,2,1,4,1,2,2,4,1,5,1,4,1,2,4,1
RA-548,FASE 2,2G,Aluno-548,Pública,Ametista,7.4322,DESCONHECIDO,DESCONHECIDO,DESCONHECIDO,DESCONHECIDO,DESCONHECIDO,Fase 3 (7° e 8° ano),-1,DESCONHECIDO,DESCONHECIDO,DESCONHECIDO,2023,0,0,0,0,0,0,0,0,0,0,0,0,0,0,0,0,0,1,1,1,1,1,1,1,1,1,2,1,1,1,1,2,3,4,1,4,3,5,1,4,1,4,2,4,4,1
RA-538,FASE 2,2G,Aluno-538,Pública,Agata,6.413466667,DESCONHECIDO,DESCONHECIDO,DESCONHECIDO,DESCONHECIDO,DESCONHECIDO,Fase 3 (7° e 8° ano),-1,DESCONHECIDO,DESCONHECIDO,DESCONHECIDO,2023,0,0,0,0,0,0,0,0,0,0,0,0,0,0,0,0,0,1,1,1,1,1,1,1,1,0,3,2,1,1,1,2,1,3,1,1,1,2,1,2,1,3,1,2,1,1
RA-365,FASE 2,2G,Aluno-365,Pública,Topázio,8.6587,DESCONHECIDO,DESCONHECIDO,DESCONHECIDO,DESCONHECIDO,DESCONHECIDO,Fase 2 (5° e 6° ano),0,DESCONHECIDO,DESCONHECIDO,DESCONHECIDO,2023,0,0,0,0,0,0,0,0,0,0,0,0,0,0,0,0,0,1,1,1,1,1,1,1,1,1,1,2,1,1,1,2,5,5,1,5,4,5,1,5,2,4,3,5,1,0
RA-559,FASE 2,2G,Aluno-559,Pública,Ametista,7.947366667,DESCONHECIDO,DESCONHECIDO,DESCONHECIDO,DESCONHECIDO,DESCONHECIDO,Fase 3 (7° e 8° ano),-1,DESCONHECIDO,DESCONHECIDO,DESCONHECIDO,2023,0,0,0,0,0,0,0,0,0,0,0,0,0,0,0,0,0,1,1,1,1,1,1,1,1,1,2,1,1,1,1,2,5,4,1,4,3,4,1,5,1,4,2,4,2,1
RA-1104,FASE 2,2G,Aluno-1104,Pública,Ametista,7.265533333,DESCONHECIDO,DESCONHECIDO,DESCONHECIDO,DESCONHECIDO,DESCONHECIDO,Fase 3 (7° e 8° ano),-1,DESCONHECIDO,DESCONHECIDO,DESCONHECIDO,2023,0,0,0,0,0,0,0,0,0,0,0,0,0,0,0,0,0,1,1,1,1,1,1,1,1,1,3,3,1,1,1,2,1,5,1,3,2,4,1,5,1,4,2,3,1,1
RA-563,FASE 2,2G,Aluno-563,Pública,Ametista,7.684133333,DESCONHECIDO,DESCONHECIDO,DESCONHECIDO,DESCONHECIDO,DESCONHECIDO,Fase 2 (5° e 6° ano),0,DESCONHECIDO,DESCONHECIDO,DESCONHECIDO,2023,0,0,0,0,0,0,0,0,0,0,0,0,0,0,0,0,0,1,1,1,1,1,1,1,1,1,2,1,1,1,1,2,1,5,1,2,2,2,1,5,2,4,2,2,3,0
RA-573,FASE 2,2G,Aluno-573,Pública,Ametista,7.774366667,DESCONHECIDO,DESCONHECIDO,DESCONHECIDO,DESCONHECIDO,DESCONHECIDO,Fase 3 (7° e 8° ano),-1,DESCONHECIDO,DESCONHECIDO,DESCONHECIDO,2023,0,0,0,0,0,0,0,0,0,0,0,0,0,0,0,0,0,1,1,1,1,1,1,1,1,1,2,1,1,1,1,2,4,5,1,3,2,4,1,5,1,4,2,3,3,1
RA-551,FASE 2,2G,Aluno-551,Pública,Ametista,7.075033333,DESCONHECIDO,DESCONHECIDO,DESCONHECIDO,DESCONHECIDO,DESCONHECIDO,Fase 3 (7° e 8° ano),-1,DESCONHECIDO,DESCONHECIDO,DESCONHECIDO,2023,0,0,0,0,0,0,0,0,0,0,0,0,0,0,0,0,0,1,1,1,1,1,1,1,1,1,2,1,1,1,1,2,5,3,1,2,1,2,1,5,1,4,2,2,4,1
RA-566,FASE 2,2G,Aluno-566,Pública,Ametista,7.7227,DESCONHECIDO,DESCONHECIDO,DESCONHECIDO,DESCONHECIDO,DESCONHECIDO,Fase 3 (7° e 8° ano),-1,DESCONHECIDO,DESCONHECIDO,DESCONHECIDO,2023,0,0,0,0,0,0,0,0,0,0,0,0,0,0,0,0,0,1,1,1,1,1,1,1,1,1,2,2,1,1,1,2,3,3,1,5,5,4,1,5,1,4,2,5,1,1
RA-555,FASE 2,2G,Aluno-555,Pública,Quartzo,5.898133333,DESCONHECIDO,DESCONHECIDO,DESCONHECIDO,DESCONHECIDO,DESCONHECIDO,Fase 3 (7° e 8° ano),-1,DESCONHECIDO,DESCONHECIDO,DESCONHECIDO,2023,0,0,0,0,0,0,0,0,0,0,0,0,0,0,0,0,0,1,1,1,1,1,1,1,1,0,2,1,1,1,1,2,1,2,1,1,1,2,1,2,1,1,1,1,4,1
RA-373,FASE 2,2G,Aluno-373,Pública,Agata,6.805,DESCONHECIDO,DESCONHECIDO,DESCONHECIDO,DESCONHECIDO,DESCONHECIDO,Fase 3 (7° e 8° ano),-1,DESCONHECIDO,DESCONHECIDO,DESCONHECIDO,2023,0,0,0,0,0,0,0,0,0,0,0,0,0,0,0,0,0,1,1,1,1,1,1,1,1,0,2,2,1,1,1,2,1,5,1,5,4,5,1,4,1,4,1,5,1,1
RA-1105,FASE 2,2G,Aluno-1105,Pública,Agata,6.299166667,DESCONHECIDO,DESCONHECIDO,DESCONHECIDO,DESCONHECIDO,DESCONHECIDO,Fase 3 (7° e 8° ano),-1,DESCONHECIDO,DESCONHECIDO,DESCONHECIDO,2023,0,0,0,0,0,0,0,0,0,0,0,0,0,0,0,0,0,1,1,1,1,1,1,1,1,0,3,3,1,1,1,2,1,4,1,2,2,3,1,5,1,3,1,2,1,1
RA-546,FASE 2,2H,Aluno-546,Pública,Agata,6.031666667,DESCONHECIDO,DESCONHECIDO,DESCONHECIDO,DESCONHECIDO,DESCONHECIDO,Fase 3 (7° e 8° ano),-1,DESCONHECIDO,DESCONHECIDO,DESCONHECIDO,2023,0,0,0,0,0,0,0,0,0,0,0,0,0,0,0,0,0,1,1,1,1,1,1,1,1,0,2,1,1,1,1,2,1,2,1,2,1,4,1,5,1,4,1,2,2,1
RA-557,FASE 2,2H,Aluno-557,Pública,Topázio,8.7717,DESCONHECIDO,DESCONHECIDO,DESCONHECIDO,DESCONHECIDO,DESCONHECIDO,Fase 2 (5° e 6° ano),0,DESCONHECIDO,DESCONHECIDO,DESCONHECIDO,2023,0,0,0,0,0,0,0,0,0,0,0,0,0,0,0,0,0,1,1,1,1,1,1,1,1,1,2,1,1,1,1,2,5,2,1,5,4,5,1,5,2,4,3,5,4,0
RA-1106,FASE 2,2H,Aluno-1106,Pública,Ametista,7.1642,DESCONHECIDO,DESCONHECIDO,DESCONHECIDO,DESCONHECIDO,DESCONHECIDO,Fase 3 (7° e 8° ano),-1,DESCONHECIDO,DESCONHECIDO,DESCONHECIDO,2023,0,0,0,0,0,0,0,0,0,0,0,0,0,0,0,0,0,1,1,1,1,1,1,1,1,1,2,3,1,1,1,2,2,4,1,2,2,1,1,4,1,4,2,2,1,1
RA-558,FASE 2,2H,Aluno-558,Pública,Agata,6.615333333,DESCONHECIDO,DESCONHECIDO,DESCONHECIDO,DESCONHECIDO,DESCONHECIDO,Fase 5 (1° EM),-3,DESCONHECIDO,DESCONHECIDO,DESCONHECIDO,2023,0,0,0,0,0,0,0,0,0,0,0,0,0,0,0,0,0,1,1,1,1,1,1,1,1,0,2,2,1,1,1,2,2,4,1,2,2,2,1,1,1,1,1,2,1,1
RA-560,FASE 2,2H,Aluno-560,Pública,Quartzo,4.932,DESCONHECIDO,DESCONHECIDO,DESCONHECIDO,DESCONHECIDO,DESCONHECIDO,Fase 3 (7° e 8° ano),-1,DESCONHECIDO,DESCONHECIDO,DESCONHECIDO,2023,0,0,0,0,0,0,0,0,0,0,0,0,0,0,0,0,0,1,1,1,1,1,1,1,1,0,2,1,1,1,1,2,1,3,1,1,1,2,1,1,1,1,1,1,3,1
RA-1107,FASE 2,2H,Aluno-1107,Pública,Ametista,7.9327,DESCONHECIDO,DESCONHECIDO,DESCONHECIDO,DESCONHECIDO,DESCONHECIDO,Fase 3 (7° e 8° ano),-1,DESCONHECIDO,DESCONHECIDO,DESCONHECIDO,2023,0,0,0,0,0,0,0,0,0,0,0,0,0,0,0,0,0,1,1,1,1,1,1,1,1,1,2,3,1,1,1,2,3,4,1,4,4,3,1,5,1,4,2,4,1,1
RA-1108,FASE 2,2H,Aluno-1108,Pública,Agata,6.310833333,DESCONHECIDO,DESCONHECIDO,DESCONHECIDO,DESCONHECIDO,DESCONHECIDO,Fase 3 (7° e 8° ano),-1,DESCONHECIDO,DESCONHECIDO,DESCONHECIDO,2023,0,0,0,0,0,0,0,0,0,0,0,0,0,0,0,0,0,1,1,1,1,1,1,1,1,0,2,3,1,1,1,2,1,4,1,1,1,2,1,4,1,4,1,2,1,1
RA-542,FASE 2,2H,Aluno-542,Pública,Ametista,7.816533333,DESCONHECIDO,DESCONHECIDO,DESCONHECIDO,DESCONHECIDO,DESCONHECIDO,Fase 3 (7° e 8° ano),-1,DESCONHECIDO,DESCONHECIDO,DESCONHECIDO,2023,0,0,0,0,0,0,0,0,0,0,0,0,0,0,0,0,0,1,1,1,1,1,1,1,1,1,2,1,1,1,1,2,4,5,1,3,2,4,1,5,1,4,2,3,4,1
RA-543,FASE 2,2H,Aluno-543,Pública,Ametista,7.971833333,DESCONHECIDO,DESCONHECIDO,DESCONHECIDO,DESCONHECIDO,DESCONHECIDO,Fase 2 (5° e 6° ano),0,DESCONHECIDO,DESCONHECIDO,DESCONHECIDO,2023,0,0,0,0,0,0,0,0,0,0,0,0,0,0,0,0,0,1,1,1,1,1,1,1,1,1,2,2,1,1,1,2,2,5,1,3,2,4,1,5,2,4,2,3,1,0
RA-556,FASE 2,2H,Aluno-556,Pública,Ametista,7.7482,DESCONHECIDO,DESCONHECIDO,DESCONHECIDO,DESCONHECIDO,DESCONHECIDO,Fase 3 (7° e 8° ano),-1,DESCONHECIDO,DESCONHECIDO,DESCONHECIDO,2023,0,0,0,0,0,0,0,0,0,0,0,0,0,0,0,0,0,1,1,1,1,1,1,1,1,1,2,1,1,1,1,2,2,5,1,4,3,4,1,5,1,4,2,4,4,1
RA-1109,FASE 2,2H,Aluno-1109,Pública,Agata,6.277533333,DESCONHECIDO,DESCONHECIDO,DESCONHECIDO,DESCONHECIDO,DESCONHECIDO,Fase 4 (9° ano),-2,DESCONHECIDO,DESCONHECIDO,DESCONHECIDO,2023,0,0,0,0,0,0,0,0,0,0,0,0,0,0,0,0,0,1,1,1,1,1,1,1,1,0,3,3,1,1,1,2,5,1,1,1,1,1,1,4,1,2,1,1,1,1
RA-389,FASE 2,2H,Aluno-389,Pública,Agata,6.687,DESCONHECIDO,DESCONHECIDO,DESCONHECIDO,DESCONHECIDO,DESCONHECIDO,Fase 3 (7° e 8° ano),-1,DESCONHECIDO,DESCONHECIDO,DESCONHECIDO,2023,0,0,0,0,0,0,0,0,0,0,0,0,0,0,0,0,0,1,1,1,1,1,1,1,1,0,2,1,1,1,1,2,1,2,1,5,3,5,1,5,1,4,1,4,4,1
RA-1110,FASE 2,2H,Aluno-1110,Pública,Ametista,7.248566667,DESCONHECIDO,DESCONHECIDO,DESCONHECIDO,DESCONHECIDO,DESCONHECIDO,Fase 3 (7° e 8° ano),-1,DESCONHECIDO,DESCONHECIDO,DESCONHECIDO,2023,0,0,0,0,0,0,0,0,0,0,0,0,0,0,0,0,0,1,1,1,1,1,1,1,1,1,2,3,1,1,1,2,1,4,1,3,3,3,1,5,1,4,2,3,1,1
RA-568,FASE 2,2I,Aluno-568,Pública,Agata,6.9647,DESCONHECIDO,DESCONHECIDO,DESCONHECIDO,DESCONHECIDO,DESCONHECIDO,Fase 5 (1° EM),-3,DESCONHECIDO,DESCONHECIDO,DESCONHECIDO,2023,0,0,0,0,0,0,0,0,0,0,0,0,0,0,0,0,0,1,1,1,1,1,1,1,1,0,2,1,1,1,1,2,1,2,1,4,5,3,1,4,1,3,1,4,4,1
RA-562,FASE 2,2I,Aluno-562,Pública,Agata,6.824833333,DESCONHECIDO,DESCONHECIDO,DESCONHECIDO,DESCONHECIDO,DESCONHECIDO,Fase 3 (7° e 8° ano),-1,DESCONHECIDO,DESCONHECIDO,DESCONHECIDO,2023,0,0,0,0,0,0,0,0,0,0,0,0,0,0,0,0,0,1,1,1,1,1,1,1,1,0,2,1,1,1,1,2,1,3,1,5,4,5,1,5,1,4,1,5,2,1
RA-1111,FASE 2,2I,Aluno-1111,Pública,Agata,6.559166667,DESCONHECIDO,DESCONHECIDO,DESCONHECIDO,DESCONHECIDO,DESCONHECIDO,Fase 2 (5° e 6° ano),0,DESCONHECIDO,DESCONHECIDO,DESCONHECIDO,2023,0,0,0,0,0,0,0,0,0,0,0,0,0,0,0,0,0,1,1,1,1,1,1,1,1,0,2,3,1,1,1,2,1,3,1,2,2,2,1,4,2,3,1,2,1,0
RA-1112,FASE 2,2I,Aluno-1112,Pública,Ametista,7.088866667,DESCONHECIDO,DESCONHECIDO,DESCONHECIDO,DESCONHECIDO,DESCONHECIDO,Fase 3 (7° e 8° ano),-1,DESCONHECIDO,DESCONHECIDO,DESCONHECIDO,2023,0,0,0,0,0,0,0,0,0,0,0,0,0,0,0,0,0,1,1,1,1,1,1,1,1,1,2,3,1,1,1,2,4,2,1,3,2,4,1,5,1,4,2,3,1,1
RA-525,FASE 2,2I,Aluno-525,Pública,Ametista,7.911366667,DESCONHECIDO,DESCONHECIDO,DESCONHECIDO,DESCONHECIDO,DESCONHECIDO,Fase 3 (7° e 8° ano),-1,DESCONHECIDO,DESCONHECIDO,DESCONHECIDO,2023,0,0,0,0,0,0,0,0,0,0,0,0,0,0,0,0,0,1,1,1,1,1,1,1,1,1,2,1,1,1,1,2,2,3,1,5,5,5,1,5,1,4,2,5,2,1
RA-357,FASE 2,2I,Aluno-357,Pública,Topázio,8.2832,DESCONHECIDO,DESCONHECIDO,DESCONHECIDO,DESCONHECIDO,DESCONHECIDO,Fase 3 (7° e 8° ano),-1,DESCONHECIDO,DESCONHECIDO,DESCONHECIDO,2023,0,0,0,0,0,0,0,0,0,0,0,0,0,0,0,0,0,1,1,1,1,1,1,1,1,1,3,2,1,1,1,2,2,5,5,5,5,5,1,4,1,4,3,5,1,1
RA-583,FASE 2,2I,Aluno-583,Pública,Ametista,7.838866667,DESCONHECIDO,DESCONHECIDO,DESCONHECIDO,DESCONHECIDO,DESCONHECIDO,Fase 3 (7° e 8° ano),-1,DESCONHECIDO,DESCONHECIDO,DESCONHECIDO,2023,0,0,0,0,0,0,0,0,0,0,0,0,0,0,0,0,0,1,1,1,1,1,1,1,1,1,2,1,1,1,1,2,3,4,5,3,2,3,1,5,1,4,2,3,4,1
RA-584,FASE 2,2I,Aluno-584,Pública,Ametista,7.697533333,DESCONHECIDO,DESCONHECIDO,DESCONHECIDO,DESCONHECIDO,DESCONHECIDO,Fase 2 (5° e 6° ano),0,DESCONHECIDO,DESCONHECIDO,DESCONHECIDO,2023,0,0,0,0,0,0,0,0,0,0,0,0,0,0,0,0,0,1,1,1,1,1,1,1,1,1,2,1,1,1,1,2,4,4,1,2,2,3,1,5,2,4,2,2,4,0
RA-586,FASE 2,2K,Aluno-586,Privada - Programa de Apadrinhamento,Topázio,8.4242,DESCONHECIDO,DESCONHECIDO,DESCONHECIDO,DESCONHECIDO,DESCONHECIDO,Fase 2 (5° e 6° ano),0,DESCONHECIDO,DESCONHECIDO,DESCONHECIDO,2023,0,0,0,0,0,0,0,0,0,0,0,0,0,0,0,0,0,1,1,1,1,1,1,1,1,1,1,1,1,1,1,2,2,5,1,5,4,5,1,5,2,4,3,5,2,0
RA-1113,FASE 2,2K,Aluno-1113,Pública,Quartzo,5.636666667,DESCONHECIDO,DESCONHECIDO,DESCONHECIDO,DESCONHECIDO,DESCONHECIDO,Fase 3 (7° e 8° ano),-1,DESCONHECIDO,DESCONHECIDO,DESCONHECIDO,2023,0,0,0,0,0,0,0,0,0,0,0,0,0,0,0,0,0,1,1,1,1,1,1,1,1,0,2,3,1,1,1,2,1,1,5,2,2,1,1,2,1,2,1,2,1,1
RA-413,FASE 2,2K,Aluno-413,Pública,Agata,6.803633333,DESCONHECIDO,DESCONHECIDO,DESCONHECIDO,DESCONHECIDO,DESCONHECIDO,Fase 3 (7° e 8° ano),-1,DESCONHECIDO,DESCONHECIDO,DESCONHECIDO,2023,0,0,0,0,0,0,0,0,0,0,0,0,0,0,0,0,0,1,1,1,1,1,1,1,1,0,3,2,1,1,1,2,2,3,1,3,2,3,1,3,1,1,1,3,1,1
RA-599,FASE 2,2K,Aluno-599,Pública,Topázio,8.532866667,DESCONHECIDO,DESCONHECIDO,DESCONHECIDO,DESCONHECIDO,DESCONHECIDO,Fase 2 (5° e 6° ano),0,DESCONHECIDO,DESCONHECIDO,DESCONHECIDO,2023,0,0,0,0,0,0,0,0,0,0,0,0,0,0,0,0,0,1,1,1,1,1,1,1,1,1,1,2,1,1,1,2,5,4,1,5,4,5,1,5,2,4,3,5,1,0
RA-1114,FASE 2,2K,Aluno-1114,Pública,Ametista,7.5667,DESCONHECIDO,DESCONHECIDO,DESCONHECIDO,DESCONHECIDO,DESCONHECIDO,Fase 2 (5° e 6° ano),0,DESCONHECIDO,DESCONHECIDO,DESCONHECIDO,2023,0,0,0,0,0,0,0,0,0,0,0,0,0,0,0,0,0,1,1,1,1,1,1,1,1,1,2,3,1,1,1,2,2,5,1,2,1,2,1,5,2,3,2,2,1,0
RA-401,FASE 2,2K,Aluno-401,Pública,Agata,6.363666667,DESCONHECIDO,DESCONHECIDO,DESCONHECIDO,DESCONHECIDO,DESCONHECIDO,Fase 3 (7° e 8° ano),-1,DESCONHECIDO,DESCONHECIDO,DESCONHECIDO,2023,0,0,0,0,0,0,0,0,0,0,0,0,0,0,0,0,0,1,1,1,1,1,1,1,1,0,2,1,1,1,1,2,1,2,1,4,3,5,1,2,1,1,1,4,2,1
RA-1115,FASE 2,2K,Aluno-1115,Pública,Agata,6.474,DESCONHECIDO,DESCONHECIDO,DESCONHECIDO,DESCONHECIDO,DESCONHECIDO,Fase 2 (5° e 6° ano),0,DESCONHECIDO,DESCONHECIDO,DESCONHECIDO,2023,0,0,0,0,0,0,0,0,0,0,0,0,0,0,0,0,0,1,1,1,1,1,1,1,1,0,2,3,1,1,1,2,1,3,5,1,2,1,1,3,2,2,1,1,1,0
RA-1116,FASE 2,2K,Aluno-1116,Pública,Agata,6.956533333,DESCONHECIDO,DESCONHECIDO,DESCONHECIDO,DESCONHECIDO,DESCONHECIDO,Fase 3 (7° e 8° ano),-1,DESCONHECIDO,DESCONHECIDO,DESCONHECIDO,2023,0,0,0,0,0,0,0,0,0,0,0,0,0,0,0,0,0,1,1,1,1,1,1,1,1,0,3,3,1,1,1,2,4,4,1,2,1,2,1,2,1,1,1,2,1,1
RA-604,FASE 2,2K,Aluno-604,Pública,Topázio,8.548033333,DESCONHECIDO,DESCONHECIDO,DESCONHECIDO,DESCONHECIDO,DESCONHECIDO,Fase 2 (5° e 6° ano),0,DESCONHECIDO,DESCONHECIDO,DESCONHECIDO,2023,0,0,0,0,0,0,0,0,0,0,0,0,0,0,0,0,0,1,1,1,1,1,1,1,1,1,2,1,1,1,1,2,3,4,5,4,2,5,1,5,2,3,3,4,2,0
RA-605,FASE 2,2K,Aluno-605,Pública,Ametista,7.709366667,DESCONHECIDO,DESCONHECIDO,DESCONHECIDO,DESCONHECIDO,DESCONHECIDO,Fase 3 (7° e 8° ano),-1,DESCONHECIDO,DESCONHECIDO,DESCONHECIDO,2023,0,0,0,0,0,0,0,0,0,0,0,0,0,0,0,0,0,1,1,1,1,1,1,1,1,1,2,1,1,1,1,2,3,4,5,3,2,5,1,4,1,1,2,3,2,1
RA-668,FASE 2,2K,Aluno-668,Pública,Agata,6.017933333,DESCONHECIDO,DESCONHECIDO,DESCONHECIDO,DESCONHECIDO,DESCONHECIDO,Fase 3 (7° e 8° ano),-1,DESCONHECIDO,DESCONHECIDO,DESCONHECIDO,2023,0,0,0,0,0,0,0,0,0,0,0,0,0,0,0,0,0,1,1,1,1,1,1,1,1,0,2,2,1,1,1,2,1,1,5,1,1,1,1,3,1,1,1,1,1,1
RA-1117,FASE 2,2K,Aluno-1117,Pública,Topázio,8.382366667,DESCONHECIDO,DESCONHECIDO,DESCONHECIDO,DESCONHECIDO,DESCONHECIDO,Fase 2 (5° e 6° ano),0,DESCONHECIDO,DESCONHECIDO,DESCONHECIDO,2023,0,0,0,0,0,0,0,0,0,0,0,0,0,0,0,0,0,1,1,1,1,1,1,1,1,1,2,3,1,1,1,2,3,5,5,4,2,5,1,4,2,3,3,4,1,0
RA-1118,FASE 2,2K,Aluno-1118,Pública,Ametista,7.163833333,DESCONHECIDO,DESCONHECIDO,DESCONHECIDO,DESCONHECIDO,DESCONHECIDO,Fase 3 (7° e 8° ano),-1,DESCONHECIDO,DESCONHECIDO,DESCONHECIDO,2023,0,0,0,0,0,0,0,0,0,0,0,0,0,0,0,0,0,1,1,1,1,1,1,1,1,1,2,3,1,1,1,2,1,3,5,2,2,4,1,4,1,3,2,2,1,1
RA-610,FASE 2,2K,Aluno-610,Pública,Topázio,8.2857,DESCONHECIDO,DESCONHECIDO,DESCONHECIDO,DESCONHECIDO,DESCONHECIDO,Fase 2 (5° e 6° ano),0,DESCONHECIDO,DESCONHECIDO,DESCONHECIDO,2023,0,0,0,0,0,0,0,0,0,0,0,0,0,0,0,0,0,1,1,1,1,1,1,1,1,1,2,2,1,1,1,2,5,5,1,3,3,4,1,5,2,4,3,3,1,0
RA-409,FASE 2,2K,Aluno-409,Pública,Ametista,7.621466667,DESCONHECIDO,DESCONHECIDO,DESCONHECIDO,DESCONHECIDO,DESCONHECIDO,Fase 3 (7° e 8° ano),-1,DESCONHECIDO,DESCONHECIDO,DESCONHECIDO,2023,0,0,0,0,0,0,0,0,0,0,0,0,0,0,0,0,0,1,1,1,1,1,1,1,1,1,2,2,1,1,1,2,2,4,1,4,3,5,1,5,1,3,2,4,1,1
RA-466,FASE 2,2L,Aluno-466,Pública,Agata,6.595533333,DESCONHECIDO,DESCONHECIDO,DESCONHECIDO,DESCONHECIDO,DESCONHECIDO,Fase 4 (9° ano),-2,DESCONHECIDO,DESCONHECIDO,DESCONHECIDO,2023,0,0,0,0,0,0,0,0,0,0,0,0,0,0,0,0,0,1,1,1,1,1,1,1,1,0,3,2,1,1,1,2,4,2,3,1,1,3,1,2,1,1,1,2,1,1
RA-760,FASE 2,2L,Aluno-760,Pública,Agata,6.548333333,DESCONHECIDO,DESCONHECIDO,DESCONHECIDO,DESCONHECIDO,DESCONHECIDO,Fase 3 (7° e 8° ano),-1,DESCONHECIDO,DESCONHECIDO,DESCONHECIDO,2023,0,0,0,0,0,0,0,0,0,0,0,0,0,0,0,0,0,1,1,1,1,1,1,1,1,0,2,1,1,1,1,2,1,3,5,3,2,3,1,4,1,1,1,3,2,1
RA-404,FASE 2,2L,Aluno-404,Pública,Agata,6.7093,DESCONHECIDO,DESCONHECIDO,DESCONHECIDO,DESCONHECIDO,DESCONHECIDO,Fase 3 (7° e 8° ano),-1,DESCONHECIDO,DESCONHECIDO,DESCONHECIDO,2023,0,0,0,0,0,0,0,0,0,0,0,0,0,0,0,0,0,1,1,1,1,1,1,1,1,0,2,1,1,1,1,2,2,3,2,2,2,4,1,2,1,1,1,2,3,1
RA-590,FASE 2,2L,Aluno-590,Privada,Ametista,7.647666667,DESCONHECIDO,DESCONHECIDO,DESCONHECIDO,DESCONHECIDO,DESCONHECIDO,Fase 2 (5° e 6° ano),0,DESCONHECIDO,DESCONHECIDO,DESCONHECIDO,2023,0,0,0,0,0,0,0,0,0,0,0,0,0,0,0,0,0,1,1,1,1,1,1,1,1,1,2,1,1,1,1,2,1,5,1,3,2,4,1,4,2,1,2,3,3,0
RA-469,FASE 2,2L,Aluno-469,Pública,Ametista,7.482533333,DESCONHECIDO,DESCONHECIDO,DESCONHECIDO,DESCONHECIDO,DESCONHECIDO,Fase 3 (7° e 8° ano),-1,DESCONHECIDO,DESCONHECIDO,DESCONHECIDO,2023,0,0,0,0,0,0,0,0,0,0,0,0,0,0,0,0,0,1,1,1,1,1,1,1,1,1,2,2,1,1,1,2,1,4,1,4,3,5,1,5,1,3,2,4,1,1
RA-1119,FASE 2,2L,Aluno-1119,Pública,Ametista,7.192,DESCONHECIDO,DESCONHECIDO,DESCONHECIDO,DESCONHECIDO,DESCONHECIDO,Fase 3 (7° e 8° ano),-1,DESCONHECIDO,DESCONHECIDO,DESCONHECIDO,2023,0,0,0,0,0,0,0,0,0,0,0,0,0,0,0,0,0,1,1,1,1,1,1,1,1,1,3,3,1,1,1,2,1,5,1,2,1,5,1,5,1,3,2,2,1,1
RA-1120,FASE 2,2L,Aluno-1120,Pública,Topázio,9.103366667,DESCONHECIDO,DESCONHECIDO,DESCONHECIDO,DESCONHECIDO,DESCONHECIDO,Fase 2 (5° e 6° ano),0,DESCONHECIDO,DESCONHECIDO,DESCONHECIDO,2023,0,0,0,0,0,0,0,0,0,0,0,0,0,0,0,0,0,1,1,1,1,1,1,1,1,1,2,3,1,1,1,2,4,5,5,5,4,5,1,5,2,4,3,4,1,0
RA-472,FASE 2,2L,Aluno-472,Pública,Agata,6.6858,DESCONHECIDO,DESCONHECIDO,DESCONHECIDO,DESCONHECIDO,DESCONHECIDO,Fase 3 (7° e 8° ano),-1,DESCONHECIDO,DESCONHECIDO,DESCONHECIDO,2023,0,0,0,0,0,0,0,0,0,0,0,0,0,0,0,0,0,1,1,1,1,1,1,1,1,0,2,2,1,1,1,2,1,2,5,2,1,4,1,4,1,3,1,2,1,1
RA-1121,FASE 2,2L,Aluno-1121,Pública,Topázio,8.049,DESCONHECIDO,DESCONHECIDO,DESCONHECIDO,DESCONHECIDO,DESCONHECIDO,Fase 2 (5° e 6° ano),0,DESCONHECIDO,DESCONHECIDO,DESCONHECIDO,2023,0,0,0,0,0,0,0,0,0,0,0,0,0,0,0,0,0,1,1,1,1,1,1,1,1,1,2,3,1,1,1,2,1,5,2,4,3,5,1,5,2,4,3,4,1,0
RA-1122,FASE 2,2L,Aluno-1122,Pública,Ametista,7.3715,DESCONHECIDO,DESCONHECIDO,DESCONHECIDO,DESCONHECIDO,DESCONHECIDO,Fase 2 (5° e 6° ano),0,DESCONHECIDO,DESCONHECIDO,DESCONHECIDO,2023,0,0,0,0,0,0,0,0,0,0,0,0,0,0,0,0,0,1,1,1,1,1,1,1,1,1,2,3,1,1,1,2,1,4,3,3,2,5,1,5,2,1,2,3,1,0
RA-438,FASE 2,2L,Aluno-438,Pública,Agata,6.9883,DESCONHECIDO,DESCONHECIDO,DESCONHECIDO,DESCONHECIDO,DESCONHECIDO,Fase 2 (5° e 6° ano),0,DESCONHECIDO,DESCONHECIDO,DESCONHECIDO,2023,0,0,0,0,0,0,0,0,0,0,0,0,0,0,0,0,0,1,1,1,1,1,1,1,1,0,2,2,1,1,1,2,1,2,2,2,1,4,1,2,2,1,1,2,1,0
RA-408,FASE 2,2L,Aluno-408,Pública,Ametista,7.242133333,DESCONHECIDO,DESCONHECIDO,DESCONHECIDO,DESCONHECIDO,DESCONHECIDO,Fase 3 (7° e 8° ano),-1,DESCONHECIDO,DESCONHECIDO,DESCONHECIDO,2023,0,0,0,0,0,0,0,0,0,0,0,0,0,0,0,0,0,1,1,1,1,1,1,1,1,1,3,2,1,1,1,2,2,3,1,3,2,4,1,5,1,4,2,3,1,1
RA-1123,FASE 2,2L,Aluno-1123,Pública,Agata,6.9565,DESCONHECIDO,DESCONHECIDO,DESCONHECIDO,DESCONHECIDO,DESCONHECIDO,Fase 3 (7° e 8° ano),-1,DESCONHECIDO,DESCONHECIDO,DESCONHECIDO,2023,0,0,0,0,0,0,0,0,0,0,0,0,0,0,0,0,0,1,1,1,1,1,1,1,1,0,2,3,1,1,1,2,1,3,5,2,1,3,1,2,1,1,1,2,1,1
RA-1124,FASE 2,2M,Aluno-1124,Pública,Agata,6.667866667,DESCONHECIDO,DESCONHECIDO,DESCONHECIDO,DESCONHECIDO,DESCONHECIDO,Fase 4 (9° ano),-2,DESCONHECIDO,DESCONHECIDO,DESCONHECIDO,2023,0,0,0,0,0,0,0,0,0,0,0,0,0,0,0,0,0,1,1,1,1,1,1,1,1,0,3,3,1,1,1,2,4,2,5,1,1,1,1,4,1,1,1,1,1,1
RA-623,FASE 2,2M,Aluno-623,Pública,Ametista,7.8307,DESCONHECIDO,DESCONHECIDO,DESCONHECIDO,DESCONHECIDO,DESCONHECIDO,Fase 4 (9° ano),-2,DESCONHECIDO,DESCONHECIDO,DESCONHECIDO,2023,0,0,0,0,0,0,0,0,0,0,0,0,0,0,0,0,0,1,1,1,1,1,1,1,1,1,3,2,1,1,1,2,5,4,5,4,2,5,1,2,1,1,2,4,1,1
RA-661,FASE 2,2M,Aluno-661,Pública,Agata,6.846333333,DESCONHECIDO,DESCONHECIDO,DESCONHECIDO,DESCONHECIDO,DESCONHECIDO,Fase 2 (5° e 6° ano),0,DESCONHECIDO,DESCONHECIDO,DESCONHECIDO,2023,0,0,0,0,0,0,0,0,0,0,0,0,0,0,0,0,0,1,1,1,1,1,1,1,1,0,2,2,1,1,1,2,1,2,3,3,1,5,1,4,2,2,1,3,1,0
RA-626,FASE 2,2M,Aluno-626,Pública,Ametista,7.231033333,DESCONHECIDO,DESCONHECIDO,DESCONHECIDO,DESCONHECIDO,DESCONHECIDO,Fase 3 (7° e 8° ano),-1,DESCONHECIDO,DESCONHECIDO,DESCONHECIDO,2023,0,0,0,0,0,0,0,0,0,0,0,0,0,0,0,0,0,1,1,1,1,1,1,1,1,1,2,1,1,1,1,2,3,4,1,3,2,5,1,3,1,1,2,3,2,1
RA-433,FASE 2,2M,Aluno-433,Pública,Agata,6.5982,DESCONHECIDO,DESCONHECIDO,DESCONHECIDO,DESCONHECIDO,DESCONHECIDO,Fase 3 (7° e 8° ano),-1,DESCONHECIDO,DESCONHECIDO,DESCONHECIDO,2023,0,0,0,0,0,0,0,0,0,0,0,0,0,0,0,0,0,1,1,1,1,1,1,1,1,0,2,2,1,1,1,2,2,2,5,1,1,4,1,3,1,1,1,2,1,1
RA-614,FASE 2,2M,Aluno-614,Pública,Topázio,8.2282,DESCONHECIDO,DESCONHECIDO,DESCONHECIDO,DESCONHECIDO,DESCONHECIDO,Fase 3 (7° e 8° ano),-1,DESCONHECIDO,DESCONHECIDO,DESCONHECIDO,2023,0,0,0,0,0,0,0,0,0,0,0,0,0,0,0,0,0,1,1,1,1,1,1,1,1,1,3,1,1,1,1,2,3,4,5,5,5,5,1,5,1,4,3,5,2,1
RA-434,FASE 2,2M,Aluno-434,Pública,Ametista,7.069766667,DESCONHECIDO,DESCONHECIDO,DESCONHECIDO,DESCONHECIDO,DESCONHECIDO,Fase 3 (7° e 8° ano),-1,DESCONHECIDO,DESCONHECIDO,DESCONHECIDO,2023,0,0,0,0,0,0,0,0,0,0,0,0,0,0,0,0,0,1,1,1,1,1,1,1,1,1,2,2,1,1,1,2,1,2,5,3,2,4,1,3,1,2,2,3,1,1
RA-603,FASE 2,2M,Aluno-603,Pública,Agata,6.748833333,DESCONHECIDO,DESCONHECIDO,DESCONHECIDO,DESCONHECIDO,DESCONHECIDO,Fase 2 (5° e 6° ano),0,DESCONHECIDO,DESCONHECIDO,DESCONHECIDO,2023,0,0,0,0,0,0,0,0,0,0,0,0,0,0,0,0,0,1,1,1,1,1,1,1,1,0,2,2,1,1,1,2,1,3,1,3,2,4,1,3,2,3,1,3,1,0
RA-436,FASE 2,2M,Aluno-436,Pública,Quartzo,5.322366667,DESCONHECIDO,DESCONHECIDO,DESCONHECIDO,DESCONHECIDO,DESCONHECIDO,Fase 3 (7° e 8° ano),-1,DESCONHECIDO,DESCONHECIDO,DESCONHECIDO,2023,0,0,0,0,0,0,0,0,0,0,0,0,0,0,0,0,0,1,1,1,1,1,1,1,1,0,2,2,1,1,1,2,1,1,1,1,1,1,1,3,1,1,1,1,1,1
RA-616,FASE 2,2M,Aluno-616,Pública,Quartzo,5.612,DESCONHECIDO,DESCONHECIDO,DESCONHECIDO,DESCONHECIDO,DESCONHECIDO,Fase 3 (7° e 8° ano),-1,DESCONHECIDO,DESCONHECIDO,DESCONHECIDO,2023,0,0,0,0,0,0,0,0,0,0,0,0,0,0,0,0,0,1,1,1,1,1,1,1,1,0,2,1,1,1,1,2,1,1,2,3,2,4,1,1,1,1,1,3,4,1
RA-437,FASE 2,2M,Aluno-437,Pública,Agata,6.947366667,DESCONHECIDO,DESCONHECIDO,DESCONHECIDO,DESCONHECIDO,DESCONHECIDO,Fase 4 (9° ano),-2,DESCONHECIDO,DESCONHECIDO,DESCONHECIDO,2023,0,0,0,0,0,0,0,0,0,0,0,0,0,0,0,0,0,1,1,1,1,1,1,1,1,0,2,2,1,1,1,2,2,3,5,1,1,3,1,3,1,1,1,2,1,1
RA-1125,FASE 2,2M,Aluno-1125,Pública,Agata,6.655366667,DESCONHECIDO,DESCONHECIDO,DESCONHECIDO,DESCONHECIDO,DESCONHECIDO,Fase 2 (5° e 6° ano),0,DESCONHECIDO,DESCONHECIDO,DESCONHECIDO,2023,0,0,0,0,0,0,0,0,0,0,0,0,0,0,0,0,0,1,1,1,1,1,1,1,1,0,2,3,1,1,1,2,1,2,5,1,1,3,1,2,2,1,1,1,1,0
RA-619,FASE 2,2M,Aluno-619,Pública,Ametista,7.891366667,DESCONHECIDO,DESCONHECIDO,DESCONHECIDO,DESCONHECIDO,DESCONHECIDO,Fase 2 (5° e 6° ano),0,DESCONHECIDO,DESCONHECIDO,DESCONHECIDO,2023,0,0,0,0,0,0,0,0,0,0,0,0,0,0,0,0,0,1,1,1,1,1,1,1,1,1,2,1,1,1,1,2,3,2,1,5,5,5,1,4,2,3,2,5,2,0
RA-620,FASE 2,2M,Aluno-620,Pública,Ametista,7.043666667,DESCONHECIDO,DESCONHECIDO,DESCONHECIDO,DESCONHECIDO,DESCONHECIDO,Fase 3 (7° e 8° ano),-1,DESCONHECIDO,DESCONHECIDO,DESCONHECIDO,2023,0,0,0,0,0,0,0,0,0,0,0,0,0,0,0,0,0,1,1,1,1,1,1,1,1,1,3,1,1,1,1,2,1,3,5,2,2,4,1,3,1,1,2,3,2,1
RA-1126,FASE 2,2M,Aluno-1126,Pública,DESCONHECIDO,7.388266666666667,DESCONHECIDO,DESCONHECIDO,DESCONHECIDO,DESCONHECIDO,DESCONHECIDO,Fase 3 (7° e 8° ano),-1,DESCONHECIDO,DESCONHECIDO,DESCONHECIDO,2023,0,0,0,0,0,0,0,0,0,0,0,0,0,0,0,0,1,1,1,1,1,1,1,1,1,1,2,3,1,1,1,2,1,1,1,3,3,3,1,2,1,1,4,3,1,1
RA-1127,FASE 2,2N,Aluno-1127,Pública,Topázio,8.3167,DESCONHECIDO,DESCONHECIDO,DESCONHECIDO,DESCONHECIDO,DESCONHECIDO,Fase 2 (5° e 6° ano),0,DESCONHECIDO,DESCONHECIDO,DESCONHECIDO,2023,0,0,0,0,0,0,0,0,0,0,0,0,0,0,0,0,0,1,1,1,1,1,1,1,1,1,2,3,1,1,1,2,2,5,2,3,2,5,1,5,2,3,3,3,1,0
RA-1128,FASE 2,2N,Aluno-1128,Pública,Agata,6.404533333,DESCONHECIDO,DESCONHECIDO,DESCONHECIDO,DESCONHECIDO,DESCONHECIDO,Fase 3 (7° e 8° ano),-1,DESCONHECIDO,DESCONHECIDO,DESCONHECIDO,2023,0,0,0,0,0,0,0,0,0,0,0,0,0,0,0,0,0,1,1,1,1,1,1,1,1,0,2,3,1,1,1,2,4,2,2,1,1,1,1,3,1,3,1,1,1,1
RA-1129,FASE 2,2N,Aluno-1129,Pública,Ametista,7.309333333,DESCONHECIDO,DESCONHECIDO,DESCONHECIDO,DESCONHECIDO,DESCONHECIDO,Fase 2 (5° e 6° ano),0,DESCONHECIDO,DESCONHECIDO,DESCONHECIDO,2023,0,0,0,0,0,0,0,0,0,0,0,0,0,0,0,0,0,1,1,1,1,1,1,1,1,1,2,3,1,1,1,2,1,4,2,4,3,5,1,3,2,3,2,4,1,0
RA-1130,FASE 2,2N,Aluno-1130,Pública,Topázio,8.0037,DESCONHECIDO,DESCONHECIDO,DESCONHECIDO,DESCONHECIDO,DESCONHECIDO,Fase 2 (5° e 6° ano),0,DESCONHECIDO,DESCONHECIDO,DESCONHECIDO,2023,0,0,0,0,0,0,0,0,0,0,0,0,0,0,0,0,0,1,1,1,1,1,1,1,1,1,2,3,1,1,1,2,2,3,5,4,3,4,1,3,2,3,3,4,1,0
RA-1131,FASE 2,2N,Aluno-1131,Pública,Topázio,8.316133333,DESCONHECIDO,DESCONHECIDO,DESCONHECIDO,DESCONHECIDO,DESCONHECIDO,Fase 3 (7° e 8° ano),-1,DESCONHECIDO,DESCONHECIDO,DESCONHECIDO,2023,0,0,0,0,0,0,0,0,0,0,0,0,0,0,0,0,0,1,1,1,1,1,1,1,1,1,2,3,1,1,1,2,2,5,2,5,5,5,1,5,1,4,3,5,1,1
RA-1132,FASE 2,2N,Aluno-1132,Pública,Agata,6.829533333,DESCONHECIDO,DESCONHECIDO,DESCONHECIDO,DESCONHECIDO,DESCONHECIDO,Fase 3 (7° e 8° ano),-1,DESCONHECIDO,DESCONHECIDO,DESCONHECIDO,2023,0,0,0,0,0,0,0,0,0,0,0,0,0,0,0,0,0,1,1,1,1,1,1,1,1,0,2,3,1,1,1,2,5,1,2,2,2,2,1,3,1,3,1,2,1,1
RA-1133,FASE 2,2N,Aluno-1133,Pública,Topázio,8.600033333,DESCONHECIDO,DESCONHECIDO,DESCONHECIDO,DESCONHECIDO,DESCONHECIDO,Fase 2 (5° e 6° ano),0,DESCONHECIDO,DESCONHECIDO,DESCONHECIDO,2023,0,0,0,0,0,0,0,0,0,0,0,0,0,0,0,0,0,1,1,1,1,1,1,1,1,1,1,3,1,1,1,2,4,5,2,3,2,4,1,5,2,4,3,3,1,0
RA-1134,FASE 2,2N,Aluno-1134,Pública,Ametista,7.769866667,DESCONHECIDO,DESCONHECIDO,DESCONHECIDO,DESCONHECIDO,DESCONHECIDO,Fase 2 (5° e 6° ano),0,DESCONHECIDO,DESCONHECIDO,DESCONHECIDO,2023,0,0,0,0,0,0,0,0,0,0,0,0,0,0,0,0,0,1,1,1,1,1,1,1,1,1,2,3,1,1,1,2,2,5,1,3,2,4,1,3,2,3,2,3,1,0
RA-618,FASE 2,2N,Aluno-618,Pública,Agata,6.4745,DESCONHECIDO,DESCONHECIDO,DESCONHECIDO,DESCONHECIDO,DESCONHECIDO,Fase 4 (9° ano),-2,DESCONHECIDO,DESCONHECIDO,DESCONHECIDO,2023,0,0,0,0,0,0,0,0,0,0,0,0,0,0,0,0,0,1,1,1,1,1,1,1,1,0,2,1,1,1,1,2,1,4,2,2,1,4,1,4,1,3,1,2,3,1
RA-631,FASE 2,2N,Aluno-631,Pública,Quartzo,5.954666667,DESCONHECIDO,DESCONHECIDO,DESCONHECIDO,DESCONHECIDO,DESCONHECIDO,Fase 3 (7° e 8° ano),-1,DESCONHECIDO,DESCONHECIDO,DESCONHECIDO,2023,0,0,0,0,0,0,0,0,0,0,0,0,0,0,0,0,0,1,1,1,1,1,1,1,1,0,3,2,1,1,1,2,1,1,2,3,2,4,1,1,1,3,1,3,1,1
RA-646,FASE 2,2P,Aluno-646,Pública,Topázio,8.3547,DESCONHECIDO,DESCONHECIDO,DESCONHECIDO,DESCONHECIDO,DESCONHECIDO,Fase 3 (7° e 8° ano),-1,DESCONHECIDO,DESCONHECIDO,DESCONHECIDO,2023,0,0,0,0,0,0,0,0,0,0,0,0,0,0,0,0,0,1,1,1,1,1,1,1,1,1,3,1,1,1,1,2,5,3,5,5,4,5,1,5,1,4,3,5,4,1
RA-451,FASE 2,2P,Aluno-451,Pública,Topázio,8.386033333,DESCONHECIDO,DESCONHECIDO,DESCONHECIDO,DESCONHECIDO,DESCONHECIDO,Fase 4 (9° ano),-2,DESCONHECIDO,DESCONHECIDO,DESCONHECIDO,2023,0,0,0,0,0,0,0,0,0,0,0,0,0,0,0,0,0,1,1,1,1,1,1,1,1,1,3,1,1,1,1,2,2,4,1,5,4,5,1,5,1,4,3,5,4,1
RA-1135,FASE 2,2P,Aluno-1135,Pública,Ametista,7.453833333,DESCONHECIDO,DESCONHECIDO,DESCONHECIDO,DESCONHECIDO,DESCONHECIDO,Fase 2 (5° e 6° ano),0,DESCONHECIDO,DESCONHECIDO,DESCONHECIDO,2023,0,0,0,0,0,0,0,0,0,0,0,0,0,0,0,0,0,1,1,1,1,1,1,1,1,1,2,3,1,1,1,2,1,4,5,4,2,5,1,4,2,3,2,4,1,0
RA-649,FASE 2,2P,Aluno-649,Pública,Ametista,7.579533333,DESCONHECIDO,DESCONHECIDO,DESCONHECIDO,DESCONHECIDO,DESCONHECIDO,Fase 3 (7° e 8° ano),-1,DESCONHECIDO,DESCONHECIDO,DESCONHECIDO,2023,0,0,0,0,0,0,0,0,0,0,0,0,0,0,0,0,0,1,1,1,1,1,1,1,1,1,2,1,1,1,1,2,3,4,1,3,1,5,1,5,1,4,2,3,4,1
RA-651,FASE 2,2P,Aluno-651,Pública,Ametista,7.332,DESCONHECIDO,DESCONHECIDO,DESCONHECIDO,DESCONHECIDO,DESCONHECIDO,Fase 2 (5° e 6° ano),0,DESCONHECIDO,DESCONHECIDO,DESCONHECIDO,2023,0,0,0,0,0,0,0,0,0,0,0,0,0,0,0,0,0,1,1,1,1,1,1,1,1,1,2,2,1,1,1,2,1,2,1,5,5,5,1,4,2,4,2,5,1,0
RA-1136,FASE 2,2P,Aluno-1136,Pública,Agata,6.7351,DESCONHECIDO,DESCONHECIDO,DESCONHECIDO,DESCONHECIDO,DESCONHECIDO,Fase 3 (7° e 8° ano),-1,DESCONHECIDO,DESCONHECIDO,DESCONHECIDO,2023,0,0,0,0,0,0,0,0,0,0,0,0,0,0,0,0,0,1,1,1,1,1,1,1,1,0,3,3,1,1,1,2,1,2,1,3,2,5,1,3,1,4,1,3,1,1
RA-653,FASE 2,2P,Aluno-653,Pública,Ametista,7.385666667,DESCONHECIDO,DESCONHECIDO,DESCONHECIDO,DESCONHECIDO,DESCONHECIDO,Fase 3 (7° e 8° ano),-1,DESCONHECIDO,DESCONHECIDO,DESCONHECIDO,2023,0,0,0,0,0,0,0,0,0,0,0,0,0,0,0,0,0,1,1,1,1,1,1,1,1,1,2,2,1,1,1,2,1,5,2,4,4,4,1,5,1,4,2,4,1,1
RA-456,FASE 2,2P,Aluno-456,Pública,Ametista,7.518,DESCONHECIDO,DESCONHECIDO,DESCONHECIDO,DESCONHECIDO,DESCONHECIDO,Fase 3 (7° e 8° ano),-1,DESCONHECIDO,DESCONHECIDO,DESCONHECIDO,2023,0,0,0,0,0,0,0,0,0,0,0,0,0,0,0,0,0,1,1,1,1,1,1,1,1,1,2,2,1,1,1,2,1,3,1,5,5,5,1,5,1,4,2,5,1,1
RA-655,FASE 2,2P,Aluno-655,Pública,Topázio,8.3198,DESCONHECIDO,DESCONHECIDO,DESCONHECIDO,DESCONHECIDO,DESCONHECIDO,Fase 3 (7° e 8° ano),-1,DESCONHECIDO,DESCONHECIDO,DESCONHECIDO,2023,0,0,0,0,0,0,0,0,0,0,0,0,0,0,0,0,0,1,1,1,1,1,1,1,1,1,3,1,1,1,1,2,1,5,5,5,4,5,1,5,1,4,3,4,4,1
RA-656,FASE 2,2P,Aluno-656,Pública,Agata,6.780833333,DESCONHECIDO,DESCONHECIDO,DESCONHECIDO,DESCONHECIDO,DESCONHECIDO,Fase 3 (7° e 8° ano),-1,DESCONHECIDO,DESCONHECIDO,DESCONHECIDO,2023,0,0,0,0,0,0,0,0,0,0,0,0,0,0,0,0,0,1,1,1,1,1,1,1,1,0,2,1,1,1,1,2,1,3,5,4,2,5,1,2,1,4,1,4,3,1
RA-657,FASE 2,2P,Aluno-657,Pública,Topázio,8.3532,DESCONHECIDO,DESCONHECIDO,DESCONHECIDO,DESCONHECIDO,DESCONHECIDO,Fase 3 (7° e 8° ano),-1,DESCONHECIDO,DESCONHECIDO,DESCONHECIDO,2023,0,0,0,0,0,0,0,0,0,0,0,0,0,0,0,0,0,1,1,1,1,1,1,1,1,1,2,1,1,1,1,2,2,5,5,5,4,5,1,5,1,4,3,4,2,1
RA-644,FASE 2,2P,Aluno-644,Pública,Agata,6.897033333,DESCONHECIDO,DESCONHECIDO,DESCONHECIDO,DESCONHECIDO,DESCONHECIDO,Fase 3 (7° e 8° ano),-1,DESCONHECIDO,DESCONHECIDO,DESCONHECIDO,2023,0,0,0,0,0,0,0,0,0,0,0,0,0,0,0,0,0,1,1,1,1,1,1,1,1,0,2,1,1,1,1,2,5,1,5,2,1,4,1,3,1,4,1,2,2,1
RA-461,FASE 2,2P,Aluno-461,Pública,Ametista,7.2379,DESCONHECIDO,DESCONHECIDO,DESCONHECIDO,DESCONHECIDO,DESCONHECIDO,Fase 3 (7° e 8° ano),-1,DESCONHECIDO,DESCONHECIDO,DESCONHECIDO,2023,0,0,0,0,0,0,0,0,0,0,0,0,0,0,0,0,0,1,1,1,1,1,1,1,1,1,2,1,1,1,1,2,1,2,1,4,2,5,1,5,1,4,2,4,4,1
RA-632,FASE 2,2R,Aluno-632,Pública,Ametista,7.8768,DESCONHECIDO,DESCONHECIDO,DESCONHECIDO,DESCONHECIDO,DESCONHECIDO,Fase 2 (5° e 6° ano),0,DESCONHECIDO,DESCONHECIDO,DESCONHECIDO,2023,0,0,0,0,0,0,0,0,0,0,0,0,0,0,0,0,0,1,1,1,1,1,1,1,1,1,2,2,1,1,1,2,1,4,2,4,3,4,1,5,2,4,2,4,1,0
RA-633,FASE 2,2R,Aluno-633,Pública,Agata,6.6552,DESCONHECIDO,DESCONHECIDO,DESCONHECIDO,DESCONHECIDO,DESCONHECIDO,Fase 3 (7° e 8° ano),-1,DESCONHECIDO,DESCONHECIDO,DESCONHECIDO,2023,0,0,0,0,0,0,0,0,0,0,0,0,0,0,0,0,0,1,1,1,1,1,1,1,1,0,2,1,1,1,1,2,1,2,2,4,2,5,1,2,1,4,1,4,3,1
RA-1137,FASE 2,2R,Aluno-1137,Pública,Topázio,8.743366667,DESCONHECIDO,DESCONHECIDO,DESCONHECIDO,DESCONHECIDO,DESCONHECIDO,Fase 2 (5° e 6° ano),0,DESCONHECIDO,DESCONHECIDO,DESCONHECIDO,2023,0,0,0,0,0,0,0,0,0,0,0,0,0,0,0,0,0,1,1,1,1,1,1,1,1,1,1,3,1,1,1,2,4,5,2,3,2,3,1,5,2,4,3,3,1,0
RA-1138,FASE 2,2R,Aluno-1138,Pública,Topázio,8.3472,DESCONHECIDO,DESCONHECIDO,DESCONHECIDO,DESCONHECIDO,DESCONHECIDO,Fase 3 (7° e 8° ano),-1,DESCONHECIDO,DESCONHECIDO,DESCONHECIDO,2023,0,0,0,0,0,0,0,0,0,0,0,0,0,0,0,0,0,1,1,1,1,1,1,1,1,1,2,3,1,1,1,2,3,4,2,5,5,5,1,5,1,4,3,5,1,1
RA-1139,FASE 2,2R,Aluno-1139,Pública,Ametista,7.6647,DESCONHECIDO,DESCONHECIDO,DESCONHECIDO,DESCONHECIDO,DESCONHECIDO,Fase 2 (5° e 6° ano),0,DESCONHECIDO,DESCONHECIDO,DESCONHECIDO,2023,0,0,0,0,0,0,0,0,0,0,0,0,0,0,0,0,0,1,1,1,1,1,1,1,1,1,2,3,1,1,1,2,2,4,2,2,3,1,1,4,2,3,2,2,1,0
RA-1140,FASE 2,2R,Aluno-1140,Pública,Ametista,7.703533333,DESCONHECIDO,DESCONHECIDO,DESCONHECIDO,DESCONHECIDO,DESCONHECIDO,Fase 2 (5° e 6° ano),0,DESCONHECIDO,DESCONHECIDO,DESCONHECIDO,2023,0,0,0,0,0,0,0,0,0,0,0,0,0,0,0,0,0,1,1,1,1,1,1,1,1,1,2,3,1,1,1,2,1,3,5,4,5,2,1,3,2,3,2,4,1,0
RA-445,FASE 2,2R,Aluno-445,Pública,Ametista,7.9087,DESCONHECIDO,DESCONHECIDO,DESCONHECIDO,DESCONHECIDO,DESCONHECIDO,Fase 3 (7° e 8° ano),-1,DESCONHECIDO,DESCONHECIDO,DESCONHECIDO,2023,0,0,0,0,0,0,0,0,0,0,0,0,0,0,0,0,0,1,1,1,1,1,1,1,1,1,3,2,1,1,1,2,2,3,3,5,4,5,1,4,1,4,2,5,1,1
RA-1141,FASE 2,2R,Aluno-1141,Pública,Ametista,7.2757,DESCONHECIDO,DESCONHECIDO,DESCONHECIDO,DESCONHECIDO,DESCONHECIDO,Fase 3 (7° e 8° ano),-1,DESCONHECIDO,DESCONHECIDO,DESCONHECIDO,2023,0,0,0,0,0,0,0,0,0,0,0,0,0,0,0,0,0,1,1,1,1,1,1,1,1,1,2,3,1,1,1,2,3,3,5,2,2,2,1,2,1,3,2,2,1,1
RA-639,FASE 2,2R,Aluno-639,Pública,Ametista,7.5853,DESCONHECIDO,DESCONHECIDO,DESCONHECIDO,DESCONHECIDO,DESCONHECIDO,Fase 2 (5° e 6° ano),0,DESCONHECIDO,DESCONHECIDO,DESCONHECIDO,2023,0,0,0,0,0,0,0,0,0,0,0,0,0,0,0,0,0,1,1,1,1,1,1,1,1,1,2,1,1,1,1,2,1,2,2,3,2,4,1,3,2,3,2,3,2,0
RA-1142,FASE 2,2R,Aluno-1142,Pública,Topázio,9.175033333,DESCONHECIDO,DESCONHECIDO,DESCONHECIDO,DESCONHECIDO,DESCONHECIDO,Fase 2 (5° e 6° ano),0,DESCONHECIDO,DESCONHECIDO,DESCONHECIDO,2023,0,0,0,0,0,0,0,0,0,0,0,0,0,0,0,0,0,1,1,1,1,1,1,1,1,1,2,3,1,1,1,2,3,5,5,5,5,5,1,5,2,4,3,5,1,0
RA-642,FASE 2,2R,Aluno-642,Pública,Topázio,8.416866667,DESCONHECIDO,DESCONHECIDO,DESCONHECIDO,DESCONHECIDO,DESCONHECIDO,Fase 2 (5° e 6° ano),0,DESCONHECIDO,DESCONHECIDO,DESCONHECIDO,2023,0,0,0,0,0,0,0,0,0,0,0,0,0,0,0,0,0,1,1,1,1,1,1,1,1,1,2,1,1,1,1,2,4,4,2,3,2,4,1,5,2,4,3,3,2,0
RA-658,FASE 2,2U,Aluno-658,Pública,Topázio,8.438533333,DESCONHECIDO,DESCONHECIDO,DESCONHECIDO,DESCONHECIDO,DESCONHECIDO,Fase 2 (5° e 6° ano),0,DESCONHECIDO,DESCONHECIDO,DESCONHECIDO,2023,0,0,0,0,0,0,0,0,0,0,0,0,0,0,0,0,0,1,1,1,1,1,1,1,1,1,1,2,1,1,1,2,4,4,5,2,2,3,1,5,2,3,3,2,1,0
RA-588,FASE 2,2U,Aluno-588,Privada - Programa de Apadrinhamento,Topázio,8.3527,DESCONHECIDO,DESCONHECIDO,DESCONHECIDO,DESCONHECIDO,DESCONHECIDO,Fase 2 (5° e 6° ano),0,DESCONHECIDO,DESCONHECIDO,DESCONHECIDO,2023,0,0,0,0,0,0,0,0,0,0,0,0,0,0,0,0,0,1,1,1,1,1,1,1,1,1,1,1,1,1,1,2,2,5,1,4,4,4,1,5,2,4,3,4,2,0
RA-662,FASE 2,2U,Aluno-662,Pública,Agata,6.733566667,DESCONHECIDO,DESCONHECIDO,DESCONHECIDO,DESCONHECIDO,DESCONHECIDO,Fase 3 (7° e 8° ano),-1,DESCONHECIDO,DESCONHECIDO,DESCONHECIDO,2023,0,0,0,0,0,0,0,0,0,0,0,0,0,0,0,0,0,1,1,1,1,1,1,1,1,0,2,2,1,1,1,2,1,2,2,3,1,5,1,1,1,1,1,3,1,1
RA-403,FASE 2,2U,Aluno-403,Pública,Ametista,7.716366667,DESCONHECIDO,DESCONHECIDO,DESCONHECIDO,DESCONHECIDO,DESCONHECIDO,Fase 3 (7° e 8° ano),-1,DESCONHECIDO,DESCONHECIDO,DESCONHECIDO,2023,0,0,0,0,0,0,0,0,0,0,0,0,0,0,0,0,0,1,1,1,1,1,1,1,1,1,2,1,1,1,1,2,2,3,2,4,3,5,1,5,1,1,2,4,3,1
RA-591,FASE 2,2U,Aluno-591,Pública,Ametista,7.1472,DESCONHECIDO,DESCONHECIDO,DESCONHECIDO,DESCONHECIDO,DESCONHECIDO,Fase 3 (7° e 8° ano),-1,DESCONHECIDO,DESCONHECIDO,DESCONHECIDO,2023,0,0,0,0,0,0,0,0,0,0,0,0,0,0,0,0,0,1,1,1,1,1,1,1,1,1,2,1,1,1,1,2,3,3,2,3,3,4,1,2,1,1,2,3,2,1
RA-592,FASE 2,2U,Aluno-592,Privada,Ametista,7.935466667,DESCONHECIDO,DESCONHECIDO,DESCONHECIDO,DESCONHECIDO,DESCONHECIDO,Fase 2 (5° e 6° ano),0,DESCONHECIDO,DESCONHECIDO,DESCONHECIDO,2023,0,0,0,0,0,0,0,0,0,0,0,0,0,0,0,0,0,1,1,1,1,1,1,1,1,1,2,1,1,1,1,2,1,4,1,4,2,5,1,5,2,3,2,4,3,0
RA-602,FASE 2,2U,Aluno-602,Pública,Topázio,8.5592,DESCONHECIDO,DESCONHECIDO,DESCONHECIDO,DESCONHECIDO,DESCONHECIDO,Fase 3 (7° e 8° ano),-1,DESCONHECIDO,DESCONHECIDO,DESCONHECIDO,2023,0,0,0,0,0,0,0,0,0,0,0,0,0,0,0,0,0,1,1,1,1,1,1,1,1,1,2,1,1,1,1,2,5,5,5,5,4,5,1,5,1,4,3,4,4,1
RA-666,FASE 2,2U,Aluno-666,Pública,Topázio,8.720366667,DESCONHECIDO,DESCONHECIDO,DESCONHECIDO,DESCONHECIDO,DESCONHECIDO,Fase 2 (5° e 6° ano),0,DESCONHECIDO,DESCONHECIDO,DESCONHECIDO,2023,0,0,0,0,0,0,0,0,0,0,0,0,0,0,0,0,0,1,1,1,1,1,1,1,1,1,2,2,1,1,1,2,4,4,5,4,3,4,1,5,2,4,3,4,1,0
RA-667,FASE 2,2U,Aluno-667,Pública,Agata,6.774866667,DESCONHECIDO,DESCONHECIDO,DESCONHECIDO,DESCONHECIDO,DESCONHECIDO,Fase 3 (7° e 8° ano),-1,DESCONHECIDO,DESCONHECIDO,DESCONHECIDO,2023,0,0,0,0,0,0,0,0,0,0,0,0,0,0,0,0,0,1,1,1,1,1,1,1,1,0,2,1,1,1,1,2,3,1,3,2,1,4,1,4,1,1,1,2,2,1
RA-422,FASE 2,2U,Aluno-422,Pública,Quartzo,5.57,DESCONHECIDO,DESCONHECIDO,DESCONHECIDO,DESCONHECIDO,DESCONHECIDO,Fase 3 (7° e 8° ano),-1,DESCONHECIDO,DESCONHECIDO,DESCONHECIDO,2023,0,0,0,0,0,0,0,0,0,0,0,0,0,0,0,0,0,1,1,1,1,1,1,1,1,0,2,2,1,1,1,2,1,2,5,1,1,2,1,1,1,1,1,1,1,1
RA-595,FASE 2,2U,Aluno-595,Pública,Quartzo,5.078666667,DESCONHECIDO,DESCONHECIDO,DESCONHECIDO,DESCONHECIDO,DESCONHECIDO,Fase 3 (7° e 8° ano),-1,DESCONHECIDO,DESCONHECIDO,DESCONHECIDO,2023,0,0,0,0,0,0,0,0,0,0,0,0,0,0,0,0,0,1,1,1,1,1,1,1,1,0,2,1,1,1,1,2,1,2,5,1,1,1,1,1,1,1,1,1,4,1
RA-423,FASE 2,2U,Aluno-423,Pública,Agata,6.607533333,DESCONHECIDO,DESCONHECIDO,DESCONHECIDO,DESCONHECIDO,DESCONHECIDO,Fase 3 (7° e 8° ano),-1,DESCONHECIDO,DESCONHECIDO,DESCONHECIDO,2023,0,0,0,0,0,0,0,0,0,0,0,0,0,0,0,0,0,1,1,1,1,1,1,1,1,0,3,2,1,1,1,2,2,3,3,1,1,1,1,2,1,1,1,1,1,1
RA-669,FASE 2,2U,Aluno-669,Pública,Ametista,7.345033333,DESCONHECIDO,DESCONHECIDO,DESCONHECIDO,DESCONHECIDO,DESCONHECIDO,Fase 2 (5° e 6° ano),0,DESCONHECIDO,DESCONHECIDO,DESCONHECIDO,2023,0,0,0,0,0,0,0,0,0,0,0,0,0,0,0,0,0,1,1,1,1,1,1,1,1,1,2,2,1,1,1,2,2,2,5,2,1,3,1,2,2,3,2,2,1,0
RA-670,FASE 2,2U,Aluno-670,Pública,Topázio,8.6067,DESCONHECIDO,DESCONHECIDO,DESCONHECIDO,DESCONHECIDO,DESCONHECIDO,Fase 2 (5° e 6° ano),0,DESCONHECIDO,DESCONHECIDO,DESCONHECIDO,2023,0,0,0,0,0,0,0,0,0,0,0,0,0,0,0,0,0,1,1,1,1,1,1,1,1,1,2,2,1,1,1,2,4,3,5,3,2,4,1,5,2,4,3,3,1,0
RA-609,FASE 2,2U,Aluno-609,Pública,Agata,6.463033333,DESCONHECIDO,DESCONHECIDO,DESCONHECIDO,DESCONHECIDO,DESCONHECIDO,Fase 3 (7° e 8° ano),-1,DESCONHECIDO,DESCONHECIDO,DESCONHECIDO,2023,0,0,0,0,0,0,0,0,0,0,0,0,0,0,0,0,0,1,1,1,1,1,1,1,1,0,2,1,1,1,1,2,4,1,5,2,1,4,1,1,1,1,1,2,4,1
RA-326,FASE 3,3A,Aluno-326,Privada,Topázio,8.65075,DESCONHECIDO,DESCONHECIDO,DESCONHECIDO,DESCONHECIDO,DESCONHECIDO,Fase 3 (7° e 8° ano),0,DESCONHECIDO,DESCONHECIDO,DESCONHECIDO,2023,0,0,0,0,0,0,0,0,0,0,0,0,0,0,0,0,0,1,1,1,1,1,1,1,1,1,3,2,1,1,1,3,5,4,1,5,5,4,2,5,2,4,3,5,1,0
RA-179,FASE 3,3A,Aluno-179,Pública,Topázio,8.437641667,DESCONHECIDO,DESCONHECIDO,DESCONHECIDO,DESCONHECIDO,DESCONHECIDO,Fase 3 (7° e 8° ano),0,DESCONHECIDO,DESCONHECIDO,DESCONHECIDO,2023,0,0,0,0,0,0,0,0,0,0,0,0,0,0,0,0,0,1,1,1,1,1,1,1,1,1,2,2,1,1,1,3,3,4,5,3,5,2,1,5,2,4,3,3,1,0
RA-1143,FASE 3,3A,Aluno-1143,Pública,Agata,6.445933333,DESCONHECIDO,DESCONHECIDO,DESCONHECIDO,DESCONHECIDO,DESCONHECIDO,Fase 5 (1° EM),-2,DESCONHECIDO,DESCONHECIDO,DESCONHECIDO,2023,0,0,0,0,0,0,0,0,0,0,0,0,0,0,0,0,0,1,1,1,1,1,1,1,1,0,3,3,1,1,1,3,3,2,2,2,2,2,1,1,1,2,1,2,1,1
RA-330,FASE 3,3A,Aluno-330,Pública,Agata,6.084875,DESCONHECIDO,DESCONHECIDO,DESCONHECIDO,DESCONHECIDO,DESCONHECIDO,Fase 5 (1° EM),-2,DESCONHECIDO,DESCONHECIDO,DESCONHECIDO,2023,0,0,0,0,0,0,0,0,0,0,0,0,0,0,0,0,0,1,1,1,1,1,1,1,1,0,2,1,1,1,1,3,5,2,3,1,1,1,1,1,1,1,1,1,4,1
RA-332,FASE 3,3A,Aluno-332,Privada - Programa de Apadrinhamento,Topázio,8.002591667,DESCONHECIDO,DESCONHECIDO,DESCONHECIDO,DESCONHECIDO,DESCONHECIDO,Fase 4 (9° ano),-1,DESCONHECIDO,DESCONHECIDO,DESCONHECIDO,2023,0,0,0,0,0,0,0,0,0,0,0,0,0,0,0,0,0,1,1,1,1,1,1,1,1,1,2,1,1,1,1,3,4,3,5,3,3,4,1,5,1,4,3,3,4,1
RA-199,FASE 3,3A,Aluno-199,Privada,Ametista,7.892341667,DESCONHECIDO,DESCONHECIDO,DESCONHECIDO,DESCONHECIDO,DESCONHECIDO,Fase 4 (9° ano),-1,DESCONHECIDO,DESCONHECIDO,DESCONHECIDO,2023,0,0,0,0,0,0,0,0,0,0,0,0,0,0,0,0,0,1,1,1,1,1,1,1,1,1,2,2,1,1,1,3,4,2,4,5,4,4,2,5,1,3,2,5,1,1
RA-1144,FASE 3,3B,Aluno-1144,Pública,Ametista,7.410625,DESCONHECIDO,DESCONHECIDO,DESCONHECIDO,DESCONHECIDO,DESCONHECIDO,Fase 3 (7° e 8° ano),0,DESCONHECIDO,DESCONHECIDO,DESCONHECIDO,2023,0,0,0,0,0,0,0,0,0,0,0,0,0,0,0,0,0,1,1,1,1,1,1,1,1,1,3,3,1,1,1,3,1,4,2,4,4,4,2,4,2,4,2,5,1,0
RA-352,FASE 3,3B,Aluno-352,Pública,Ametista,7.840341667,DESCONHECIDO,DESCONHECIDO,DESCONHECIDO,DESCONHECIDO,DESCONHECIDO,Fase 3 (7° e 8° ano),0,DESCONHECIDO,DESCONHECIDO,DESCONHECIDO,2023,0,0,0,0,0,0,0,0,0,0,0,0,0,0,0,0,0,1,1,1,1,1,1,1,1,1,2,1,1,1,1,3,4,2,2,4,4,2,2,2,2,3,2,4,4,0
RA-1145,FASE 3,3B,Aluno-1145,Pública,Ametista,7.484375,DESCONHECIDO,DESCONHECIDO,DESCONHECIDO,DESCONHECIDO,DESCONHECIDO,Fase 2 (5° e 6° ano),1,DESCONHECIDO,DESCONHECIDO,DESCONHECIDO,2023,0,0,0,0,0,0,0,0,0,0,0,0,0,0,0,0,0,1,1,1,1,1,1,1,1,1,2,3,1,1,1,3,1,4,1,4,4,4,2,5,2,4,2,5,1,0
RA-1146,FASE 3,3B,Aluno-1146,Pública,Agata,6.689583333,DESCONHECIDO,DESCONHECIDO,DESCONHECIDO,DESCONHECIDO,DESCONHECIDO,Fase 4 (9° ano),-1,DESCONHECIDO,DESCONHECIDO,DESCONHECIDO,2023,0,0,0,0,0,0,0,0,0,0,0,0,0,0,0,0,0,1,1,1,1,1,1,1,1,0,3,3,1,1,1,3,5,3,2,1,2,1,1,2,1,1,1,1,1,1
RA-331,FASE 3,3B,Aluno-331,Pública,Ametista,7.039791667,DESCONHECIDO,DESCONHECIDO,DESCONHECIDO,DESCONHECIDO,DESCONHECIDO,Fase 3 (7° e 8° ano),0,DESCONHECIDO,DESCONHECIDO,DESCONHECIDO,2023,0,0,0,0,0,0,0,0,0,0,0,0,0,0,0,0,0,1,1,1,1,1,1,1,1,1,3,1,1,1,1,3,5,3,1,2,2,1,1,1,2,1,2,2,4,0
RA-227,FASE 3,3B,Aluno-227,Pública,Ametista,7.722125,DESCONHECIDO,DESCONHECIDO,DESCONHECIDO,DESCONHECIDO,DESCONHECIDO,Fase 3 (7° e 8° ano),0,DESCONHECIDO,DESCONHECIDO,DESCONHECIDO,2023,0,0,0,0,0,0,0,0,0,0,0,0,0,0,0,0,0,1,1,1,1,1,1,1,1,1,2,2,1,1,1,3,5,2,2,3,4,3,2,2,2,4,2,3,1,0
RA-247,FASE 3,3B,Aluno-247,Pública,Ametista,7.221958333,DESCONHECIDO,DESCONHECIDO,DESCONHECIDO,DESCONHECIDO,DESCONHECIDO,Fase 3 (7° e 8° ano),0,DESCONHECIDO,DESCONHECIDO,DESCONHECIDO,2023,0,0,0,0,0,0,0,0,0,0,0,0,0,0,0,0,0,1,1,1,1,1,1,1,1,1,3,1,1,1,1,3,1,3,5,4,3,3,2,3,2,4,2,4,2,0
RA-343,FASE 3,3B,Aluno-343,Pública,Agata,6.779591667,DESCONHECIDO,DESCONHECIDO,DESCONHECIDO,DESCONHECIDO,DESCONHECIDO,Fase 5 (1° EM),-2,DESCONHECIDO,DESCONHECIDO,DESCONHECIDO,2023,0,0,0,0,0,0,0,0,0,0,0,0,0,0,0,0,0,1,1,1,1,1,1,1,1,0,2,1,1,1,1,3,4,2,2,2,1,3,1,2,1,3,1,2,3,1
RA-1147,FASE 3,3B,Aluno-1147,Pública,Ametista,7.072983333,DESCONHECIDO,DESCONHECIDO,DESCONHECIDO,DESCONHECIDO,DESCONHECIDO,Fase 4 (9° ano),-1,DESCONHECIDO,DESCONHECIDO,DESCONHECIDO,2023,0,0,0,0,0,0,0,0,0,0,0,0,0,0,0,0,0,1,1,1,1,1,1,1,1,1,2,3,1,1,1,3,2,3,2,3,2,4,2,2,1,1,2,3,1,1
RA-345,FASE 3,3B,Aluno-345,Pública,Agata,6.534766667,DESCONHECIDO,DESCONHECIDO,DESCONHECIDO,DESCONHECIDO,DESCONHECIDO,Fase 4 (9° ano),-1,DESCONHECIDO,DESCONHECIDO,DESCONHECIDO,2023,0,0,0,0,0,0,0,0,0,0,0,0,0,0,0,0,0,1,1,1,1,1,1,1,1,0,2,1,1,1,1,3,3,1,2,1,2,2,1,2,1,3,1,1,2,1
RA-336,FASE 3,3B,Aluno-336,Pública,Quartzo,5.887708333,DESCONHECIDO,DESCONHECIDO,DESCONHECIDO,DESCONHECIDO,DESCONHECIDO,Fase 4 (9° ano),-1,DESCONHECIDO,DESCONHECIDO,DESCONHECIDO,2023,0,0,0,0,0,0,0,0,0,0,0,0,0,0,0,0,0,1,1,1,1,1,1,1,1,0,3,1,1,1,1,3,1,2,3,2,3,2,1,2,1,2,1,1,4,1
RA-346,FASE 3,3B,Aluno-346,Pública,Ametista,7.305541667,DESCONHECIDO,DESCONHECIDO,DESCONHECIDO,DESCONHECIDO,DESCONHECIDO,Fase 2 (5° e 6° ano),1,DESCONHECIDO,DESCONHECIDO,DESCONHECIDO,2023,0,0,0,0,0,0,0,0,0,0,0,0,0,0,0,0,0,1,1,1,1,1,1,1,1,1,2,2,1,1,1,3,1,4,5,2,3,2,1,4,2,3,2,2,1,0
RA-1148,FASE 3,3B,Aluno-1148,Pública,Ametista,7.227866667,DESCONHECIDO,DESCONHECIDO,DESCONHECIDO,DESCONHECIDO,DESCONHECIDO,Fase 2 (5° e 6° ano),1,DESCONHECIDO,DESCONHECIDO,DESCONHECIDO,2023,0,0,0,0,0,0,0,0,0,0,0,0,0,0,0,0,0,1,1,1,1,1,1,1,1,1,2,3,1,1,1,3,2,3,1,2,2,2,1,2,2,2,2,2,1,0
RA-1149,FASE 3,3C,Aluno-1149,Pública,Ametista,7.410108333,DESCONHECIDO,DESCONHECIDO,DESCONHECIDO,DESCONHECIDO,DESCONHECIDO,Fase 4 (9° ano),-1,DESCONHECIDO,DESCONHECIDO,DESCONHECIDO,2023,0,0,0,0,0,0,0,0,0,0,0,0,0,0,0,0,0,1,1,1,1,1,1,1,1,1,2,3,1,1,1,3,2,5,1,4,2,3,2,4,1,3,2,4,1,1
RA-1150,FASE 3,3C,Aluno-1150,Pública,Ametista,7.076008333,DESCONHECIDO,DESCONHECIDO,DESCONHECIDO,DESCONHECIDO,DESCONHECIDO,Fase 6 (2° EM),-3,DESCONHECIDO,DESCONHECIDO,DESCONHECIDO,2023,0,0,0,0,0,0,0,0,0,0,0,0,0,0,0,0,0,1,1,1,1,1,1,1,1,1,4,3,1,1,1,3,4,5,1,3,4,3,1,4,1,3,2,3,1,1
RA-1151,FASE 3,3C,Aluno-1151,Pública,Ametista,7.829958333,DESCONHECIDO,DESCONHECIDO,DESCONHECIDO,DESCONHECIDO,DESCONHECIDO,Fase 3 (7° e 8° ano),0,DESCONHECIDO,DESCONHECIDO,DESCONHECIDO,2023,0,0,0,0,0,0,0,0,0,0,0,0,0,0,0,0,0,1,1,1,1,1,1,1,1,1,2,3,1,1,1,3,1,4,1,5,4,5,2,3,2,3,2,5,1,0
RA-356,FASE 3,3C,Aluno-356,Pública,Agata,6.452008333,DESCONHECIDO,DESCONHECIDO,DESCONHECIDO,DESCONHECIDO,DESCONHECIDO,Fase 3 (7° e 8° ano),0,DESCONHECIDO,DESCONHECIDO,DESCONHECIDO,2023,0,0,0,0,0,0,0,0,0,0,0,0,0,0,0,0,0,1,1,1,1,1,1,1,1,0,2,1,1,1,1,3,4,3,1,1,1,1,1,1,2,1,1,1,4,0
RA-1152,FASE 3,3C,Aluno-1152,Pública,Agata,6.544916667,DESCONHECIDO,DESCONHECIDO,DESCONHECIDO,DESCONHECIDO,DESCONHECIDO,Fase 4 (9° ano),-1,DESCONHECIDO,DESCONHECIDO,DESCONHECIDO,2023,0,0,0,0,0,0,0,0,0,0,0,0,0,0,0,0,0,1,1,1,1,1,1,1,1,0,2,3,1,1,1,3,1,4,1,3,3,2,2,3,1,3,1,3,1,1
RA-221,FASE 3,3C,Aluno-221,Pública,Agata,6.959916667,DESCONHECIDO,DESCONHECIDO,DESCONHECIDO,DESCONHECIDO,DESCONHECIDO,Fase 5 (1° EM),-2,DESCONHECIDO,DESCONHECIDO,DESCONHECIDO,2023,0,0,0,0,0,0,0,0,0,0,0,0,0,0,0,0,0,1,1,1,1,1,1,1,1,0,3,2,1,1,1,3,5,4,1,2,2,1,1,2,1,1,1,1,1,1
RA-359,FASE 3,3C,Aluno-359,Pública,Ametista,7.627125,DESCONHECIDO,DESCONHECIDO,DESCONHECIDO,DESCONHECIDO,DESCONHECIDO,Fase 3 (7° e 8° ano),0,DESCONHECIDO,DESCONHECIDO,DESCONHECIDO,2023,0,0,0,0,0,0,0,0,0,0,0,0,0,0,0,0,0,1,1,1,1,1,1,1,1,1,3,1,1,1,1,3,5,4,1,2,2,3,1,4,2,3,2,2,4,0
RA-360,FASE 3,3C,Aluno-360,Pública,Quartzo,5.790875,DESCONHECIDO,DESCONHECIDO,DESCONHECIDO,DESCONHECIDO,DESCONHECIDO,Fase 3 (7° e 8° ano),0,DESCONHECIDO,DESCONHECIDO,DESCONHECIDO,2023,0,0,0,0,0,0,0,0,0,0,0,0,0,0,0,0,0,1,1,1,1,1,1,1,1,0,3,1,1,1,1,3,1,2,1,1,2,1,1,2,2,2,1,1,4,0
RA-338,FASE 3,3D,Aluno-338,Pública,Topázio,8.287441667,DESCONHECIDO,DESCONHECIDO,DESCONHECIDO,DESCONHECIDO,DESCONHECIDO,Fase 3 (7° e 8° ano),0,DESCONHECIDO,DESCONHECIDO,DESCONHECIDO,2023,0,0,0,0,0,0,0,0,0,0,0,0,0,0,0,0,0,1,1,1,1,1,1,1,1,1,2,1,1,1,1,3,2,4,5,3,5,3,1,5,2,4,3,3,4,0
RA-339,FASE 3,3D,Aluno-339,Pública,Ametista,7.377583333,DESCONHECIDO,DESCONHECIDO,DESCONHECIDO,DESCONHECIDO,DESCONHECIDO,Fase 3 (7° e 8° ano),0,DESCONHECIDO,DESCONHECIDO,DESCONHECIDO,2023,0,0,0,0,0,0,0,0,0,0,0,0,0,0,0,0,0,1,1,1,1,1,1,1,1,1,2,1,1,1,1,3,1,3,5,4,4,2,2,4,2,3,2,4,4,0
RA-353,FASE 3,3D,Aluno-353,Pública,Topázio,8.309016667,DESCONHECIDO,DESCONHECIDO,DESCONHECIDO,DESCONHECIDO,DESCONHECIDO,Fase 3 (7° e 8° ano),0,DESCONHECIDO,DESCONHECIDO,DESCONHECIDO,2023,0,0,0,0,0,0,0,0,0,0,0,0,0,0,0,0,0,1,1,1,1,1,1,1,1,1,2,2,1,1,1,3,3,5,1,5,5,4,2,5,2,3,3,5,1,0
RA-1153,FASE 3,3D,Aluno-1153,Pública,Ametista,7.968658333,DESCONHECIDO,DESCONHECIDO,DESCONHECIDO,DESCONHECIDO,DESCONHECIDO,Fase 4 (9° ano),-1,DESCONHECIDO,DESCONHECIDO,DESCONHECIDO,2023,0,0,0,0,0,0,0,0,0,0,0,0,0,0,0,0,0,1,1,1,1,1,1,1,1,1,3,3,1,1,1,3,2,5,5,4,3,4,2,5,1,3,2,4,1,1
RA-183,FASE 3,3D,Aluno-183,Pública,Ametista,7.586241667,DESCONHECIDO,DESCONHECIDO,DESCONHECIDO,DESCONHECIDO,DESCONHECIDO,Fase 4 (9° ano),-1,DESCONHECIDO,DESCONHECIDO,DESCONHECIDO,2023,0,0,0,0,0,0,0,0,0,0,0,0,0,0,0,0,0,1,1,1,1,1,1,1,1,1,3,2,1,1,1,3,2,5,1,4,4,4,2,5,1,3,2,4,1,1
RA-342,FASE 3,3D,Aluno-342,Pública,Ametista,7.539875,DESCONHECIDO,DESCONHECIDO,DESCONHECIDO,DESCONHECIDO,DESCONHECIDO,Fase 5 (1° EM),-2,DESCONHECIDO,DESCONHECIDO,DESCONHECIDO,2023,0,0,0,0,0,0,0,0,0,0,0,0,0,0,0,0,0,1,1,1,1,1,1,1,1,1,3,1,1,1,1,3,1,3,5,3,3,4,1,5,1,3,2,3,2,1
RA-187,FASE 3,3D,Aluno-187,Privada - Programa de Apadrinhamento,Ametista,7.809875,DESCONHECIDO,DESCONHECIDO,DESCONHECIDO,DESCONHECIDO,DESCONHECIDO,Fase 3 (7° e 8° ano),0,DESCONHECIDO,DESCONHECIDO,DESCONHECIDO,2023,0,0,0,0,0,0,0,0,0,0,0,0,0,0,0,0,0,1,1,1,1,1,1,1,1,1,3,1,1,1,1,3,1,5,1,3,4,5,1,4,2,3,2,3,4,0
RA-190,FASE 3,3D,Aluno-190,Pública,Agata,6.934158333,DESCONHECIDO,DESCONHECIDO,DESCONHECIDO,DESCONHECIDO,DESCONHECIDO,Fase 4 (9° ano),-1,DESCONHECIDO,DESCONHECIDO,DESCONHECIDO,2023,0,0,0,0,0,0,0,0,0,0,0,0,0,0,0,0,0,1,1,1,1,1,1,1,1,0,3,2,1,1,1,3,2,4,1,2,2,2,1,4,1,3,1,2,1,1
RA-347,FASE 3,3D,Aluno-347,Pública,Ametista,7.61835,DESCONHECIDO,DESCONHECIDO,DESCONHECIDO,DESCONHECIDO,DESCONHECIDO,Fase 3 (7° e 8° ano),0,DESCONHECIDO,DESCONHECIDO,DESCONHECIDO,2023,0,0,0,0,0,0,0,0,0,0,0,0,0,0,0,0,0,1,1,1,1,1,1,1,1,1,3,1,1,1,1,3,1,4,1,4,3,2,2,4,2,3,2,4,4,0
RA-234,FASE 3,3D,Aluno-234,Pública,Agata,6.248741667,DESCONHECIDO,DESCONHECIDO,DESCONHECIDO,DESCONHECIDO,DESCONHECIDO,Fase 3 (7° e 8° ano),0,DESCONHECIDO,DESCONHECIDO,DESCONHECIDO,2023,0,0,0,0,0,0,0,0,0,0,0,0,0,0,0,0,0,1,1,1,1,1,1,1,1,0,3,2,1,1,1,3,1,2,1,2,3,2,1,1,2,1,1,2,1,0
RA-1154,FASE 3,3F,Aluno-1154,Pública,Ametista,7.701125,DESCONHECIDO,DESCONHECIDO,DESCONHECIDO,DESCONHECIDO,DESCONHECIDO,Fase 3 (7° e 8° ano),0,DESCONHECIDO,DESCONHECIDO,DESCONHECIDO,2023,0,0,0,0,0,0,0,0,0,0,0,0,0,0,0,0,0,1,1,1,1,1,1,1,1,1,3,3,1,1,1,3,5,4,2,2,2,1,1,3,2,3,2,1,1,0
RA-249,FASE 3,3F,Aluno-249,Pública,Quartzo,5.444625,DESCONHECIDO,DESCONHECIDO,DESCONHECIDO,DESCONHECIDO,DESCONHECIDO,Fase 5 (1° EM),-2,DESCONHECIDO,DESCONHECIDO,DESCONHECIDO,2023,0,0,0,0,0,0,0,0,0,0,0,0,0,0,0,0,0,1,1,1,1,1,1,1,1,0,2,1,1,1,1,3,1,2,1,2,3,2,1,1,1,1,1,1,4,1
RA-380,FASE 3,3F,Aluno-380,Pública,Quartzo,4.912375,DESCONHECIDO,DESCONHECIDO,DESCONHECIDO,DESCONHECIDO,DESCONHECIDO,Fase 4 (9° ano),-1,DESCONHECIDO,DESCONHECIDO,DESCONHECIDO,2023,0,0,0,0,0,0,0,0,0,0,0,0,0,0,0,0,0,1,1,1,1,1,1,1,1,0,3,1,1,1,1,3,1,1,1,1,4,1,1,1,1,1,1,1,4,1
RA-250,FASE 3,3F,Aluno-250,Pública,Ametista,7.598208333,DESCONHECIDO,DESCONHECIDO,DESCONHECIDO,DESCONHECIDO,DESCONHECIDO,Fase 3 (7° e 8° ano),0,DESCONHECIDO,DESCONHECIDO,DESCONHECIDO,2023,0,0,0,0,0,0,0,0,0,0,0,0,0,0,0,0,0,1,1,1,1,1,1,1,1,1,3,2,1,1,1,3,1,4,2,5,4,5,2,5,2,3,2,5,1,0
RA-367,FASE 3,3F,Aluno-367,Pública,Ametista,7.38685,DESCONHECIDO,DESCONHECIDO,DESCONHECIDO,DESCONHECIDO,DESCONHECIDO,Fase 3 (7° e 8° ano),0,DESCONHECIDO,DESCONHECIDO,DESCONHECIDO,2023,0,0,0,0,0,0,0,0,0,0,0,0,0,0,0,0,0,1,1,1,1,1,1,1,1,1,2,1,1,1,1,3,3,3,1,2,4,2,1,4,2,3,2,2,4,0
RA-1155,FASE 3,3F,Aluno-1155,Pública,Ametista,7.821633333,DESCONHECIDO,DESCONHECIDO,DESCONHECIDO,DESCONHECIDO,DESCONHECIDO,Fase 4 (9° ano),-1,DESCONHECIDO,DESCONHECIDO,DESCONHECIDO,2023,0,0,0,0,0,0,0,0,0,0,0,0,0,0,0,0,0,1,1,1,1,1,1,1,1,1,3,3,1,1,1,3,4,4,2,4,3,4,2,4,1,2,2,5,1,1
RA-1156,FASE 3,3F,Aluno-1156,Pública,Ametista,7.340775,DESCONHECIDO,DESCONHECIDO,DESCONHECIDO,DESCONHECIDO,DESCONHECIDO,Fase 3 (7° e 8° ano),0,DESCONHECIDO,DESCONHECIDO,DESCONHECIDO,2023,0,0,0,0,0,0,0,0,0,0,0,0,0,0,0,0,0,1,1,1,1,1,1,1,1,1,2,3,1,1,1,3,2,4,1,2,3,2,1,4,2,3,2,2,1,0
RA-368,FASE 3,3F,Aluno-368,Pública,Quartzo,5.796458333,DESCONHECIDO,DESCONHECIDO,DESCONHECIDO,DESCONHECIDO,DESCONHECIDO,Fase 4 (9° ano),-1,DESCONHECIDO,DESCONHECIDO,DESCONHECIDO,2023,0,0,0,0,0,0,0,0,0,0,0,0,0,0,0,0,0,1,1,1,1,1,1,1,1,0,2,1,1,1,1,3,1,2,1,3,2,4,2,2,1,1,1,3,4,1
RA-387,FASE 3,3F,Aluno-387,Pública,Quartzo,4.794333333,DESCONHECIDO,DESCONHECIDO,DESCONHECIDO,DESCONHECIDO,DESCONHECIDO,Fase 4 (9° ano),-1,DESCONHECIDO,DESCONHECIDO,DESCONHECIDO,2023,0,0,0,0,0,0,0,0,0,0,0,0,0,0,0,0,0,1,1,1,1,1,1,1,1,0,3,1,1,1,1,3,1,1,1,1,1,1,1,2,1,1,1,1,4,1
RA-388,FASE 3,3F,Aluno-388,Pública,Quartzo,5.630833333,DESCONHECIDO,DESCONHECIDO,DESCONHECIDO,DESCONHECIDO,DESCONHECIDO,Fase 5 (1° EM),-2,DESCONHECIDO,DESCONHECIDO,DESCONHECIDO,2023,0,0,0,0,0,0,0,0,0,0,0,0,0,0,0,0,0,1,1,1,1,1,1,1,1,0,3,1,1,1,1,3,1,2,2,1,2,1,1,4,1,1,1,1,4,1
RA-374,FASE 3,3F,Aluno-374,Privada,Ametista,7.533891667,DESCONHECIDO,DESCONHECIDO,DESCONHECIDO,DESCONHECIDO,DESCONHECIDO,Fase 3 (7° e 8° ano),0,DESCONHECIDO,DESCONHECIDO,DESCONHECIDO,2023,0,0,0,0,0,0,0,0,0,0,0,0,0,0,0,0,0,1,1,1,1,1,1,1,1,1,3,1,1,1,1,3,3,3,2,2,3,2,1,4,2,3,2,2,2,0
RA-377,FASE 3,3F,Aluno-377,Pública,Ametista,7.205041667,DESCONHECIDO,DESCONHECIDO,DESCONHECIDO,DESCONHECIDO,DESCONHECIDO,Fase 3 (7° e 8° ano),0,DESCONHECIDO,DESCONHECIDO,DESCONHECIDO,2023,0,0,0,0,0,0,0,0,0,0,0,0,0,0,0,0,0,1,1,1,1,1,1,1,1,1,3,1,1,1,1,3,5,2,1,1,2,2,1,3,2,2,2,1,2,0
RA-223,FASE 3,3G,Aluno-223,Pública,Quartzo,5.089833333,DESCONHECIDO,DESCONHECIDO,DESCONHECIDO,DESCONHECIDO,DESCONHECIDO,Fase 4 (9° ano),-1,DESCONHECIDO,DESCONHECIDO,DESCONHECIDO,2023,0,0,0,0,0,0,0,0,0,0,0,0,0,0,0,0,0,1,1,1,1,1,1,1,1,0,3,2,1,1,1,3,1,1,5,1,2,1,1,2,1,2,1,1,1,1
RA-236,FASE 3,3G,Aluno-236,Pública,Ametista,7.337116667,DESCONHECIDO,DESCONHECIDO,DESCONHECIDO,DESCONHECIDO,DESCONHECIDO,Fase 3 (7° e 8° ano),0,DESCONHECIDO,DESCONHECIDO,DESCONHECIDO,2023,0,0,0,0,0,0,0,0,0,0,0,0,0,0,0,0,0,1,1,1,1,1,1,1,1,1,3,2,1,1,1,3,5,2,5,1,3,1,1,2,2,1,2,1,1,0
RA-362,FASE 3,3G,Aluno-362,Pública,Agata,6.392625,DESCONHECIDO,DESCONHECIDO,DESCONHECIDO,DESCONHECIDO,DESCONHECIDO,Fase 3 (7° e 8° ano),0,DESCONHECIDO,DESCONHECIDO,DESCONHECIDO,2023,0,0,0,0,0,0,0,0,0,0,0,0,0,0,0,0,0,1,1,1,1,1,1,1,1,0,3,1,1,1,1,3,1,2,5,2,2,3,1,2,2,1,1,1,4,0
RA-381,FASE 3,3G,Aluno-381,Pública,Quartzo,5.758041667,DESCONHECIDO,DESCONHECIDO,DESCONHECIDO,DESCONHECIDO,DESCONHECIDO,Fase 4 (9° ano),-1,DESCONHECIDO,DESCONHECIDO,DESCONHECIDO,2023,0,0,0,0,0,0,0,0,0,0,0,0,0,0,0,0,0,1,1,1,1,1,1,1,1,0,2,1,1,1,1,3,1,3,3,1,2,2,1,2,1,2,1,1,4,1
RA-364,FASE 3,3G,Aluno-364,Pública,Ametista,7.734891667,DESCONHECIDO,DESCONHECIDO,DESCONHECIDO,DESCONHECIDO,DESCONHECIDO,Fase 3 (7° e 8° ano),0,DESCONHECIDO,DESCONHECIDO,DESCONHECIDO,2023,0,0,0,0,0,0,0,0,0,0,0,0,0,0,0,0,0,1,1,1,1,1,1,1,1,1,2,1,1,1,1,3,3,4,3,2,4,2,1,3,2,1,2,2,4,0
RA-382,FASE 3,3G,Aluno-382,Pública,Agata,6.223833333,DESCONHECIDO,DESCONHECIDO,DESCONHECIDO,DESCONHECIDO,DESCONHECIDO,Fase 5 (1° EM),-2,DESCONHECIDO,DESCONHECIDO,DESCONHECIDO,2023,0,0,0,0,0,0,0,0,0,0,0,0,0,0,0,0,0,1,1,1,1,1,1,1,1,0,3,1,1,1,1,3,1,4,2,2,2,2,1,2,1,2,1,1,4,1
RA-383,FASE 3,3G,Aluno-383,Pública,Ametista,7.5408,DESCONHECIDO,DESCONHECIDO,DESCONHECIDO,DESCONHECIDO,DESCONHECIDO,Fase 3 (7° e 8° ano),0,DESCONHECIDO,DESCONHECIDO,DESCONHECIDO,2023,0,0,0,0,0,0,0,0,0,0,0,0,0,0,0,0,0,1,1,1,1,1,1,1,1,1,2,1,1,1,1,3,4,3,1,3,3,2,2,3,2,2,2,3,4,0
RA-384,FASE 3,3G,Aluno-384,Pública,Agata,6.757958333,DESCONHECIDO,DESCONHECIDO,DESCONHECIDO,DESCONHECIDO,DESCONHECIDO,Fase 3 (7° e 8° ano),0,DESCONHECIDO,DESCONHECIDO,DESCONHECIDO,2023,0,0,0,0,0,0,0,0,0,0,0,0,0,0,0,0,0,1,1,1,1,1,1,1,1,0,2,1,1,1,1,3,1,4,1,4,3,4,2,2,2,3,1,4,4,0
RA-1157,FASE 3,3G,Aluno-1157,Pública,Ametista,7.086633333,DESCONHECIDO,DESCONHECIDO,DESCONHECIDO,DESCONHECIDO,DESCONHECIDO,Fase 4 (9° ano),-1,DESCONHECIDO,DESCONHECIDO,DESCONHECIDO,2023,0,0,0,0,0,0,0,0,0,0,0,0,0,0,0,0,0,1,1,1,1,1,1,1,1,1,3,3,1,1,1,3,4,3,2,2,2,2,1,2,1,2,2,2,1,1
RA-386,FASE 3,3G,Aluno-386,Pública,Quartzo,5.758425,DESCONHECIDO,DESCONHECIDO,DESCONHECIDO,DESCONHECIDO,DESCONHECIDO,Fase 4 (9° ano),-1,DESCONHECIDO,DESCONHECIDO,DESCONHECIDO,2023,0,0,0,0,0,0,0,0,0,0,0,0,0,0,0,0,0,1,1,1,1,1,1,1,1,0,2,1,1,1,1,3,4,2,1,1,2,1,1,1,1,1,1,1,4,1
RA-260,FASE 3,3G,Aluno-260,Pública,Topázio,8.080008333,DESCONHECIDO,DESCONHECIDO,DESCONHECIDO,DESCONHECIDO,DESCONHECIDO,Fase 3 (7° e 8° ano),0,DESCONHECIDO,DESCONHECIDO,DESCONHECIDO,2023,0,0,0,0,0,0,0,0,0,0,0,0,0,0,0,0,0,1,1,1,1,1,1,1,1,1,2,1,1,1,1,3,4,5,5,2,3,2,1,2,2,2,3,2,4,0
RA-390,FASE 3,3G,Aluno-390,Pública,Agata,6.905741667,DESCONHECIDO,DESCONHECIDO,DESCONHECIDO,DESCONHECIDO,DESCONHECIDO,Fase 3 (7° e 8° ano),0,DESCONHECIDO,DESCONHECIDO,DESCONHECIDO,2023,0,0,0,0,0,0,0,0,0,0,0,0,0,0,0,0,0,1,1,1,1,1,1,1,1,0,2,2,1,1,1,3,2,3,1,1,2,2,1,2,2,2,1,1,1,0
RA-1158,FASE 3,3G,Aluno-1158,Pública,Agata,6.306666667,DESCONHECIDO,DESCONHECIDO,DESCONHECIDO,DESCONHECIDO,DESCONHECIDO,Fase 4 (9° ano),-1,DESCONHECIDO,DESCONHECIDO,DESCONHECIDO,2023,0,0,0,0,0,0,0,0,0,0,0,0,0,0,0,0,0,1,1,1,1,1,1,1,1,0,3,3,1,1,1,3,1,3,1,1,2,1,1,2,1,2,1,1,1,1
RA-391,FASE 3,3I,Aluno-391,Pública,Agata,6.5107,DESCONHECIDO,DESCONHECIDO,DESCONHECIDO,DESCONHECIDO,DESCONHECIDO,Fase 3 (7° e 8° ano),0,DESCONHECIDO,DESCONHECIDO,DESCONHECIDO,2023,0,0,0,0,0,0,0,0,0,0,0,0,0,0,0,0,0,1,1,1,1,1,1,1,1,0,2,2,1,1,1,3,2,2,1,1,1,1,1,3,2,2,1,1,1,0
RA-1159,FASE 3,3I,Aluno-1159,Pública,Quartzo,5.913883333,DESCONHECIDO,DESCONHECIDO,DESCONHECIDO,DESCONHECIDO,DESCONHECIDO,Fase 3 (7° e 8° ano),0,DESCONHECIDO,DESCONHECIDO,DESCONHECIDO,2023,0,0,0,0,0,0,0,0,0,0,0,0,0,0,0,0,0,1,1,1,1,1,1,1,1,0,2,3,1,1,1,3,1,1,1,1,2,1,1,2,2,1,1,1,1,0
RA-392,FASE 3,3I,Aluno-392,Pública,Agata,6.567208333,DESCONHECIDO,DESCONHECIDO,DESCONHECIDO,DESCONHECIDO,DESCONHECIDO,Fase 5 (1° EM),-2,DESCONHECIDO,DESCONHECIDO,DESCONHECIDO,2023,0,0,0,0,0,0,0,0,0,0,0,0,0,0,0,0,0,1,1,1,1,1,1,1,1,0,3,2,1,1,1,3,5,4,1,1,3,1,1,2,1,1,1,1,1,1
RA-1160,FASE 3,3I,Aluno-1160,Pública,Agata,6.636166667,DESCONHECIDO,DESCONHECIDO,DESCONHECIDO,DESCONHECIDO,DESCONHECIDO,Fase 3 (7° e 8° ano),0,DESCONHECIDO,DESCONHECIDO,DESCONHECIDO,2023,0,0,0,0,0,0,0,0,0,0,0,0,0,0,0,0,0,1,1,1,1,1,1,1,1,0,2,3,1,1,1,3,5,3,1,1,2,1,1,2,2,1,1,1,1,0
RA-1161,FASE 3,3I,Aluno-1161,Pública,Ametista,7.317791667,DESCONHECIDO,DESCONHECIDO,DESCONHECIDO,DESCONHECIDO,DESCONHECIDO,Fase 3 (7° e 8° ano),0,DESCONHECIDO,DESCONHECIDO,DESCONHECIDO,2023,0,0,0,0,0,0,0,0,0,0,0,0,0,0,0,0,0,1,1,1,1,1,1,1,1,1,2,3,1,1,1,3,1,2,1,3,4,3,1,5,2,4,2,2,1,0
RA-395,FASE 3,3I,Aluno-395,Pública,Ametista,7.469175,DESCONHECIDO,DESCONHECIDO,DESCONHECIDO,DESCONHECIDO,DESCONHECIDO,Fase 3 (7° e 8° ano),0,DESCONHECIDO,DESCONHECIDO,DESCONHECIDO,2023,0,0,0,0,0,0,0,0,0,0,0,0,0,0,0,0,0,1,1,1,1,1,1,1,1,1,2,1,1,1,1,3,4,3,1,2,3,2,1,4,2,3,2,2,4,0
RA-450,FASE 3,3K,Aluno-450,Pública,Agata,6.819625,DESCONHECIDO,DESCONHECIDO,DESCONHECIDO,DESCONHECIDO,DESCONHECIDO,Fase 4 (9° ano),-1,DESCONHECIDO,DESCONHECIDO,DESCONHECIDO,2023,0,0,0,0,0,0,0,0,0,0,0,0,0,0,0,0,0,1,1,1,1,1,1,1,1,0,3,1,1,1,1,3,5,3,1,2,4,3,1,4,1,3,1,2,2,1
RA-463,FASE 3,3K,Aluno-463,Pública,Agata,6.382383333,DESCONHECIDO,DESCONHECIDO,DESCONHECIDO,DESCONHECIDO,DESCONHECIDO,Fase 3 (7° e 8° ano),0,DESCONHECIDO,DESCONHECIDO,DESCONHECIDO,2023,0,0,0,0,0,0,0,0,0,0,0,0,0,0,0,0,0,1,1,1,1,1,1,1,1,0,3,1,1,1,1,3,4,1,1,1,3,1,1,4,2,3,1,1,3,0
RA-298,FASE 3,3K,Aluno-298,Pública,Agata,6.824333333,DESCONHECIDO,DESCONHECIDO,DESCONHECIDO,DESCONHECIDO,DESCONHECIDO,Fase 4 (9° ano),-1,DESCONHECIDO,DESCONHECIDO,DESCONHECIDO,2023,0,0,0,0,0,0,0,0,0,0,0,0,0,0,0,0,0,1,1,1,1,1,1,1,1,0,3,1,1,1,1,3,5,3,1,2,4,1,1,3,1,2,1,2,4,1
RA-464,FASE 3,3K,Aluno-464,Pública,Agata,6.081675,DESCONHECIDO,DESCONHECIDO,DESCONHECIDO,DESCONHECIDO,DESCONHECIDO,Fase 4 (9° ano),-1,DESCONHECIDO,DESCONHECIDO,DESCONHECIDO,2023,0,0,0,0,0,0,0,0,0,0,0,0,0,0,0,0,0,1,1,1,1,1,1,1,1,0,2,2,1,1,1,3,4,2,1,1,2,1,1,2,1,3,1,1,1,1
RA-465,FASE 3,3K,Aluno-465,Pública,Topázio,8.012875,DESCONHECIDO,DESCONHECIDO,DESCONHECIDO,DESCONHECIDO,DESCONHECIDO,Fase 3 (7° e 8° ano),0,DESCONHECIDO,DESCONHECIDO,DESCONHECIDO,2023,0,0,0,0,0,0,0,0,0,0,0,0,0,0,0,0,0,1,1,1,1,1,1,1,1,1,2,1,1,1,1,3,1,4,1,5,5,4,2,4,2,3,3,5,4,0
RA-442,FASE 3,3K,Aluno-442,Pública,Agata,6.814166667,DESCONHECIDO,DESCONHECIDO,DESCONHECIDO,DESCONHECIDO,DESCONHECIDO,Fase 3 (7° e 8° ano),0,DESCONHECIDO,DESCONHECIDO,DESCONHECIDO,2023,0,0,0,0,0,0,0,0,0,0,0,0,0,0,0,0,0,1,1,1,1,1,1,1,1,0,2,2,1,1,1,3,1,2,5,2,3,3,1,4,2,2,1,2,1,0
RA-300,FASE 3,3K,Aluno-300,Pública,Quartzo,5.616691667,DESCONHECIDO,DESCONHECIDO,DESCONHECIDO,DESCONHECIDO,DESCONHECIDO,Fase 5 (1° EM),-2,DESCONHECIDO,DESCONHECIDO,DESCONHECIDO,2023,0,0,0,0,0,0,0,0,0,0,0,0,0,0,0,0,0,1,1,1,1,1,1,1,1,0,3,2,1,1,1,3,1,2,1,1,1,2,1,1,1,1,1,1,1,1
RA-467,FASE 3,3K,Aluno-467,Pública,Agata,6.552916667,DESCONHECIDO,DESCONHECIDO,DESCONHECIDO,DESCONHECIDO,DESCONHECIDO,Fase 4 (9° ano),-1,DESCONHECIDO,DESCONHECIDO,DESCONHECIDO,2023,0,0,0,0,0,0,0,0,0,0,0,0,0,0,0,0,0,1,1,1,1,1,1,1,1,0,2,2,1,1,1,3,1,4,1,2,2,2,1,3,1,1,1,2,1,1
RA-468,FASE 3,3K,Aluno-468,Pública,Quartzo,5.911108333,DESCONHECIDO,DESCONHECIDO,DESCONHECIDO,DESCONHECIDO,DESCONHECIDO,Fase 4 (9° ano),-1,DESCONHECIDO,DESCONHECIDO,DESCONHECIDO,2023,0,0,0,0,0,0,0,0,0,0,0,0,0,0,0,0,0,1,1,1,1,1,1,1,1,0,2,2,1,1,1,3,2,1,2,1,2,1,1,1,1,2,1,1,1,1
RA-1162,FASE 3,3K,Aluno-1162,Pública,Ametista,7.44215,DESCONHECIDO,DESCONHECIDO,DESCONHECIDO,DESCONHECIDO,DESCONHECIDO,Fase 3 (7° e 8° ano),0,DESCONHECIDO,DESCONHECIDO,DESCONHECIDO,2023,0,0,0,0,0,0,0,0,0,0,0,0,0,0,0,0,0,1,1,1,1,1,1,1,1,1,3,3,1,1,1,3,2,3,1,2,4,2,1,3,2,3,2,2,1,0
RA-470,FASE 3,3K,Aluno-470,Pública,Agata,6.993766667,DESCONHECIDO,DESCONHECIDO,DESCONHECIDO,DESCONHECIDO,DESCONHECIDO,Fase 4 (9° ano),-1,DESCONHECIDO,DESCONHECIDO,DESCONHECIDO,2023,0,0,0,0,0,0,0,0,0,0,0,0,0,0,0,0,0,1,1,1,1,1,1,1,1,0,3,1,1,1,1,3,3,4,1,2,2,1,1,3,1,2,1,1,4,1
RA-474,FASE 3,3K,Aluno-474,Pública,Quartzo,5.283583333,DESCONHECIDO,DESCONHECIDO,DESCONHECIDO,DESCONHECIDO,DESCONHECIDO,Fase 4 (9° ano),-1,DESCONHECIDO,DESCONHECIDO,DESCONHECIDO,2023,0,0,0,0,0,0,0,0,0,0,0,0,0,0,0,0,0,1,1,1,1,1,1,1,1,0,3,1,1,1,1,3,1,2,1,1,2,1,1,1,1,1,1,1,4,1
RA-476,FASE 3,3K,Aluno-476,Pública,Agata,6.492408333,DESCONHECIDO,DESCONHECIDO,DESCONHECIDO,DESCONHECIDO,DESCONHECIDO,Fase 3 (7° e 8° ano),0,DESCONHECIDO,DESCONHECIDO,DESCONHECIDO,2023,0,0,0,0,0,0,0,0,0,0,0,0,0,0,0,0,0,1,1,1,1,1,1,1,1,0,3,1,1,1,1,3,2,2,1,1,2,1,1,3,2,2,1,1,4,0
RA-478,FASE 3,3K,Aluno-478,Pública,Agata,6.443616667,DESCONHECIDO,DESCONHECIDO,DESCONHECIDO,DESCONHECIDO,DESCONHECIDO,Fase 3 (7° e 8° ano),0,DESCONHECIDO,DESCONHECIDO,DESCONHECIDO,2023,0,0,0,0,0,0,0,0,0,0,0,0,0,0,0,0,0,1,1,1,1,1,1,1,1,0,2,1,1,1,1,3,1,2,1,1,1,1,1,2,2,1,1,1,4,0
RA-410,FASE 3,3K,Aluno-410,Pública,Agata,6.140808333,DESCONHECIDO,DESCONHECIDO,DESCONHECIDO,DESCONHECIDO,DESCONHECIDO,Fase 4 (9° ano),-1,DESCONHECIDO,DESCONHECIDO,DESCONHECIDO,2023,0,0,0,0,0,0,0,0,0,0,0,0,0,0,0,0,0,1,1,1,1,1,1,1,1,0,2,1,1,1,1,3,3,1,5,2,2,1,1,1,1,1,1,1,4,1
RA-411,FASE 3,3L,Aluno-411,Privada,Ametista,7.779983333,DESCONHECIDO,DESCONHECIDO,DESCONHECIDO,DESCONHECIDO,DESCONHECIDO,Fase 3 (7° e 8° ano),0,DESCONHECIDO,DESCONHECIDO,DESCONHECIDO,2023,0,0,0,0,0,0,0,0,0,0,0,0,0,0,0,0,0,1,1,1,1,1,1,1,1,1,3,1,1,1,1,3,1,4,5,3,2,3,2,3,2,3,2,3,4,0
RA-412,FASE 3,3L,Aluno-412,Pública,Ametista,7.373891667,DESCONHECIDO,DESCONHECIDO,DESCONHECIDO,DESCONHECIDO,DESCONHECIDO,Fase 3 (7° e 8° ano),0,DESCONHECIDO,DESCONHECIDO,DESCONHECIDO,2023,0,0,0,0,0,0,0,0,0,0,0,0,0,0,0,0,0,1,1,1,1,1,1,1,1,1,3,1,1,1,1,3,3,3,1,2,2,2,2,3,2,1,2,2,4,0
RA-400,FASE 3,3L,Aluno-400,Pública,Agata,6.529425,DESCONHECIDO,DESCONHECIDO,DESCONHECIDO,DESCONHECIDO,DESCONHECIDO,Fase 4 (9° ano),-1,DESCONHECIDO,DESCONHECIDO,DESCONHECIDO,2023,0,0,0,0,0,0,0,0,0,0,0,0,0,0,0,0,0,1,1,1,1,1,1,1,1,0,2,1,1,1,1,3,4,4,1,1,2,1,1,2,1,3,1,1,4,1
RA-414,FASE 3,3L,Aluno-414,Pública,Ametista,7.25025,DESCONHECIDO,DESCONHECIDO,DESCONHECIDO,DESCONHECIDO,DESCONHECIDO,Fase 3 (7° e 8° ano),0,DESCONHECIDO,DESCONHECIDO,DESCONHECIDO,2023,0,0,0,0,0,0,0,0,0,0,0,0,0,0,0,0,0,1,1,1,1,1,1,1,1,1,3,1,1,1,1,3,1,4,5,3,2,3,1,3,2,3,2,3,2,0
RA-415,FASE 3,3L,Aluno-415,Pública,Ametista,7.18805,DESCONHECIDO,DESCONHECIDO,DESCONHECIDO,DESCONHECIDO,DESCONHECIDO,Fase 3 (7° e 8° ano),0,DESCONHECIDO,DESCONHECIDO,DESCONHECIDO,2023,0,0,0,0,0,0,0,0,0,0,0,0,0,0,0,0,0,1,1,1,1,1,1,1,1,1,2,1,1,1,1,3,1,2,5,1,1,1,1,4,2,3,2,1,4,0
RA-1163,FASE 3,3L,Aluno-1163,Pública,Ametista,7.749391667,DESCONHECIDO,DESCONHECIDO,DESCONHECIDO,DESCONHECIDO,DESCONHECIDO,Fase 4 (9° ano),-1,DESCONHECIDO,DESCONHECIDO,DESCONHECIDO,2023,0,0,0,0,0,0,0,0,0,0,0,0,0,0,0,0,0,1,1,1,1,1,1,1,1,1,3,3,1,1,1,3,3,4,5,4,4,3,2,3,1,3,2,4,1,1
RA-273,FASE 3,3L,Aluno-273,Pública,Agata,6.337116667,DESCONHECIDO,DESCONHECIDO,DESCONHECIDO,DESCONHECIDO,DESCONHECIDO,Fase 4 (9° ano),-1,DESCONHECIDO,DESCONHECIDO,DESCONHECIDO,2023,0,0,0,0,0,0,0,0,0,0,0,0,0,0,0,0,0,1,1,1,1,1,1,1,1,0,3,1,1,1,1,3,2,2,1,2,2,3,1,3,1,3,1,1,4,1
RA-471,FASE 3,3L,Aluno-471,Pública,Agata,6.855541667,DESCONHECIDO,DESCONHECIDO,DESCONHECIDO,DESCONHECIDO,DESCONHECIDO,Fase 3 (7° e 8° ano),0,DESCONHECIDO,DESCONHECIDO,DESCONHECIDO,2023,0,0,0,0,0,0,0,0,0,0,0,0,0,0,0,0,0,1,1,1,1,1,1,1,1,0,2,1,1,1,1,3,1,4,2,2,3,1,1,4,2,3,1,1,3,0
RA-416,FASE 3,3L,Aluno-416,Privada - Programa de Apadrinhamento,Topázio,8.144425,DESCONHECIDO,DESCONHECIDO,DESCONHECIDO,DESCONHECIDO,DESCONHECIDO,Fase 3 (7° e 8° ano),0,DESCONHECIDO,DESCONHECIDO,DESCONHECIDO,2023,0,0,0,0,0,0,0,0,0,0,0,0,0,0,0,0,0,1,1,1,1,1,1,1,1,1,3,1,1,1,1,3,4,5,1,4,4,3,2,4,2,4,3,4,4,0
RA-417,FASE 3,3L,Aluno-417,Pública,Topázio,8.257658333,DESCONHECIDO,DESCONHECIDO,DESCONHECIDO,DESCONHECIDO,DESCONHECIDO,Fase 3 (7° e 8° ano),0,DESCONHECIDO,DESCONHECIDO,DESCONHECIDO,2023,0,0,0,0,0,0,0,0,0,0,0,0,0,0,0,0,0,1,1,1,1,1,1,1,1,1,2,2,1,1,1,3,1,5,5,4,3,5,2,4,2,4,3,5,1,0
RA-305,FASE 3,3L,Aluno-305,Pública,Agata,6.394291667,DESCONHECIDO,DESCONHECIDO,DESCONHECIDO,DESCONHECIDO,DESCONHECIDO,Fase 5 (1° EM),-2,DESCONHECIDO,DESCONHECIDO,DESCONHECIDO,2023,0,0,0,0,0,0,0,0,0,0,0,0,0,0,0,0,0,1,1,1,1,1,1,1,1,0,3,1,1,1,1,3,1,3,5,2,2,1,1,3,1,3,1,2,4,1
RA-418,FASE 3,3L,Aluno-418,Privada - Programa de Apadrinhamento,Topázio,8.1686,DESCONHECIDO,DESCONHECIDO,DESCONHECIDO,DESCONHECIDO,DESCONHECIDO,Fase 2 (5° e 6° ano),1,DESCONHECIDO,DESCONHECIDO,DESCONHECIDO,2023,0,0,0,0,0,0,0,0,0,0,0,0,0,0,0,0,0,1,1,1,1,1,1,1,1,1,2,1,1,1,1,3,3,5,1,5,3,5,2,4,2,3,3,5,3,0
RA-419,FASE 3,3L,Aluno-419,Privada - Programa de Apadrinhamento,Ametista,7.7261,DESCONHECIDO,DESCONHECIDO,DESCONHECIDO,DESCONHECIDO,DESCONHECIDO,Fase 3 (7° e 8° ano),0,DESCONHECIDO,DESCONHECIDO,DESCONHECIDO,2023,0,0,0,0,0,0,0,0,0,0,0,0,0,0,0,0,0,1,1,1,1,1,1,1,1,1,2,1,1,1,1,3,1,4,1,4,4,4,2,4,2,3,2,4,4,0
RA-421,FASE 3,3L,Aluno-421,Pública,Topázio,8.030716667,DESCONHECIDO,DESCONHECIDO,DESCONHECIDO,DESCONHECIDO,DESCONHECIDO,Fase 3 (7° e 8° ano),0,DESCONHECIDO,DESCONHECIDO,DESCONHECIDO,2023,0,0,0,0,0,0,0,0,0,0,0,0,0,0,0,0,0,1,1,1,1,1,1,1,1,1,2,1,1,1,1,3,4,5,1,4,4,2,2,4,2,3,3,4,2,0
RA-407,FASE 3,3L,Aluno-407,Pública,Ametista,7.665083333,DESCONHECIDO,DESCONHECIDO,DESCONHECIDO,DESCONHECIDO,DESCONHECIDO,Fase 4 (9° ano),-1,DESCONHECIDO,DESCONHECIDO,DESCONHECIDO,2023,0,0,0,0,0,0,0,0,0,0,0,0,0,0,0,0,0,1,1,1,1,1,1,1,1,1,3,2,1,1,1,3,5,3,5,4,4,4,2,3,1,3,2,4,1,1
RA-425,FASE 3,3L,Aluno-425,Pública,Topázio,8.10555,DESCONHECIDO,DESCONHECIDO,DESCONHECIDO,DESCONHECIDO,DESCONHECIDO,Fase 3 (7° e 8° ano),0,DESCONHECIDO,DESCONHECIDO,DESCONHECIDO,2023,0,0,0,0,0,0,0,0,0,0,0,0,0,0,0,0,0,1,1,1,1,1,1,1,1,1,3,2,1,1,1,3,4,5,1,4,3,4,2,5,2,3,3,4,1,0
RA-426,FASE 3,3M,Aluno-426,Pública,Agata,6.329158333,DESCONHECIDO,DESCONHECIDO,DESCONHECIDO,DESCONHECIDO,DESCONHECIDO,Fase 4 (9° ano),-1,DESCONHECIDO,DESCONHECIDO,DESCONHECIDO,2023,0,0,0,0,0,0,0,0,0,0,0,0,0,0,0,0,0,1,1,1,1,1,1,1,1,0,2,2,1,1,1,3,1,2,1,2,2,2,1,3,1,3,1,1,1,1
RA-430,FASE 3,3M,Aluno-430,Pública,Ametista,7.146716667,DESCONHECIDO,DESCONHECIDO,DESCONHECIDO,DESCONHECIDO,DESCONHECIDO,Fase 4 (9° ano),-1,DESCONHECIDO,DESCONHECIDO,DESCONHECIDO,2023,0,0,0,0,0,0,0,0,0,0,0,0,0,0,0,0,0,1,1,1,1,1,1,1,1,1,3,2,1,1,1,3,4,4,1,3,4,2,1,3,1,3,2,3,1,1
RA-1164,FASE 3,3M,Aluno-1164,Pública,Agata,6.910091667,DESCONHECIDO,DESCONHECIDO,DESCONHECIDO,DESCONHECIDO,DESCONHECIDO,Fase 3 (7° e 8° ano),0,DESCONHECIDO,DESCONHECIDO,DESCONHECIDO,2023,0,0,0,0,0,0,0,0,0,0,0,0,0,0,0,0,0,1,1,1,1,1,1,1,1,0,3,3,1,1,1,3,4,2,1,1,4,4,1,3,2,3,1,1,1,0
RA-1165,FASE 3,3M,Aluno-1165,Pública,Ametista,7.880716667,DESCONHECIDO,DESCONHECIDO,DESCONHECIDO,DESCONHECIDO,DESCONHECIDO,Fase 3 (7° e 8° ano),0,DESCONHECIDO,DESCONHECIDO,DESCONHECIDO,2023,0,0,0,0,0,0,0,0,0,0,0,0,0,0,0,0,0,1,1,1,1,1,1,1,1,1,2,3,1,1,1,3,4,4,1,4,4,2,2,2,2,1,2,4,1,0
RA-432,FASE 3,3M,Aluno-432,Pública,Agata,6.850183333,DESCONHECIDO,DESCONHECIDO,DESCONHECIDO,DESCONHECIDO,DESCONHECIDO,Fase 5 (1° EM),-2,DESCONHECIDO,DESCONHECIDO,DESCONHECIDO,2023,0,0,0,0,0,0,0,0,0,0,0,0,0,0,0,0,0,1,1,1,1,1,1,1,1,0,2,1,1,1,1,3,3,4,1,2,2,2,1,4,1,3,1,1,4,1
RA-303,FASE 3,3M,Aluno-303,Pública,Quartzo,5.914291667,DESCONHECIDO,DESCONHECIDO,DESCONHECIDO,DESCONHECIDO,DESCONHECIDO,Fase 5 (1° EM),-2,DESCONHECIDO,DESCONHECIDO,DESCONHECIDO,2023,0,0,0,0,0,0,0,0,0,0,0,0,0,0,0,0,0,1,1,1,1,1,1,1,1,0,3,1,1,1,1,3,1,2,5,2,2,2,1,2,1,3,1,1,4,1
RA-420,FASE 3,3M,Aluno-420,Privada - Programa de Apadrinhamento,Ametista,7.356358333,DESCONHECIDO,DESCONHECIDO,DESCONHECIDO,DESCONHECIDO,DESCONHECIDO,Fase 3 (7° e 8° ano),0,DESCONHECIDO,DESCONHECIDO,DESCONHECIDO,2023,0,0,0,0,0,0,0,0,0,0,0,0,0,0,0,0,0,1,1,1,1,1,1,1,1,1,2,1,1,1,1,3,2,4,1,2,2,2,1,4,2,3,2,2,4,0
RA-1166,FASE 3,3M,Aluno-1166,Pública,Ametista,7.307858333,DESCONHECIDO,DESCONHECIDO,DESCONHECIDO,DESCONHECIDO,DESCONHECIDO,Fase 5 (1° EM),-2,DESCONHECIDO,DESCONHECIDO,DESCONHECIDO,2023,0,0,0,0,0,0,0,0,0,0,0,0,0,0,0,0,0,1,1,1,1,1,1,1,1,1,3,3,1,1,1,3,2,5,5,1,2,1,1,4,1,3,2,1,1,1
RA-1167,FASE 3,3M,Aluno-1167,Pública,Agata,6.021891667,DESCONHECIDO,DESCONHECIDO,DESCONHECIDO,DESCONHECIDO,DESCONHECIDO,Fase 6 (2° EM),-3,DESCONHECIDO,DESCONHECIDO,DESCONHECIDO,2023,0,0,0,0,0,0,0,0,0,0,0,0,0,0,0,0,0,1,1,1,1,1,1,1,1,0,4,3,1,1,1,3,3,2,1,1,2,1,1,4,1,3,1,1,1,1
RA-424,FASE 3,3M,Aluno-424,Pública,Ametista,7.72685,DESCONHECIDO,DESCONHECIDO,DESCONHECIDO,DESCONHECIDO,DESCONHECIDO,Fase 3 (7° e 8° ano),0,DESCONHECIDO,DESCONHECIDO,DESCONHECIDO,2023,0,0,0,0,0,0,0,0,0,0,0,0,0,0,0,0,0,1,1,1,1,1,1,1,1,1,2,2,1,1,1,3,3,5,1,3,2,3,2,4,2,3,2,3,1,0
RA-398,FASE 3,3N,Aluno-398,Pública,Ametista,7.153766667,DESCONHECIDO,DESCONHECIDO,DESCONHECIDO,DESCONHECIDO,DESCONHECIDO,Fase 2 (5° e 6° ano),1,DESCONHECIDO,DESCONHECIDO,DESCONHECIDO,2023,0,0,0,0,0,0,0,0,0,0,0,0,0,0,0,0,0,1,1,1,1,1,1,1,1,1,2,2,1,1,1,3,1,2,1,3,5,2,1,4,2,2,2,3,1,0
RA-399,FASE 3,3N,Aluno-399,Pública,Ametista,7.000033333,DESCONHECIDO,DESCONHECIDO,DESCONHECIDO,DESCONHECIDO,DESCONHECIDO,Fase 3 (7° e 8° ano),0,DESCONHECIDO,DESCONHECIDO,DESCONHECIDO,2023,0,0,0,0,0,0,0,0,0,0,0,0,0,0,0,0,0,1,1,1,1,1,1,1,1,1,2,2,1,1,1,3,2,2,1,1,2,1,1,4,2,2,2,1,1,0
RA-428,FASE 3,3N,Aluno-428,Pública,Ametista,7.821816667,DESCONHECIDO,DESCONHECIDO,DESCONHECIDO,DESCONHECIDO,DESCONHECIDO,Fase 3 (7° e 8° ano),0,DESCONHECIDO,DESCONHECIDO,DESCONHECIDO,2023,0,0,0,0,0,0,0,0,0,0,0,0,0,0,0,0,0,1,1,1,1,1,1,1,1,1,2,2,1,1,1,3,2,4,1,4,5,1,2,4,2,3,2,4,1,0
RA-315,FASE 3,3N,Aluno-315,Pública,Quartzo,5.977708333,DESCONHECIDO,DESCONHECIDO,DESCONHECIDO,DESCONHECIDO,DESCONHECIDO,Fase 4 (9° ano),-1,DESCONHECIDO,DESCONHECIDO,DESCONHECIDO,2023,0,0,0,0,0,0,0,0,0,0,0,0,0,0,0,0,0,1,1,1,1,1,1,1,1,0,2,2,1,1,1,3,1,1,1,3,2,3,1,4,1,3,1,2,1,1
RA-402,FASE 3,3N,Aluno-402,Pública,Agata,6.632716667,DESCONHECIDO,DESCONHECIDO,DESCONHECIDO,DESCONHECIDO,DESCONHECIDO,Fase 3 (7° e 8° ano),0,DESCONHECIDO,DESCONHECIDO,DESCONHECIDO,2023,0,0,0,0,0,0,0,0,0,0,0,0,0,0,0,0,0,1,1,1,1,1,1,1,1,0,3,1,1,1,1,3,4,2,1,1,2,1,1,2,2,3,1,1,4,0
RA-1168,FASE 3,3N,Aluno-1168,Pública,Quartzo,5.886625,DESCONHECIDO,DESCONHECIDO,DESCONHECIDO,DESCONHECIDO,DESCONHECIDO,Fase 3 (7° e 8° ano),0,DESCONHECIDO,DESCONHECIDO,DESCONHECIDO,2023,0,0,0,0,0,0,0,0,0,0,0,0,0,0,0,0,0,1,1,1,1,1,1,1,1,0,3,3,1,1,1,3,1,3,1,1,2,1,1,2,2,3,1,1,1,0
RA-613,FASE 3,3N,Aluno-613,Pública,Agata,6.864508333,DESCONHECIDO,DESCONHECIDO,DESCONHECIDO,DESCONHECIDO,DESCONHECIDO,Fase 4 (9° ano),-1,DESCONHECIDO,DESCONHECIDO,DESCONHECIDO,2023,0,0,0,0,0,0,0,0,0,0,0,0,0,0,0,0,0,1,1,1,1,1,1,1,1,0,3,1,1,1,1,3,4,4,1,1,1,2,1,2,1,1,1,1,3,1
RA-304,FASE 3,3N,Aluno-304,Pública,Agata,6.241583333,DESCONHECIDO,DESCONHECIDO,DESCONHECIDO,DESCONHECIDO,DESCONHECIDO,Fase 5 (1° EM),-2,DESCONHECIDO,DESCONHECIDO,DESCONHECIDO,2023,0,0,0,0,0,0,0,0,0,0,0,0,0,0,0,0,0,1,1,1,1,1,1,1,1,0,2,1,1,1,1,3,1,3,1,2,4,1,1,4,1,3,1,2,3,1
RA-457,FASE 3,3N,Aluno-457,Pública,Topázio,8.256833333,DESCONHECIDO,DESCONHECIDO,DESCONHECIDO,DESCONHECIDO,DESCONHECIDO,Fase 3 (7° e 8° ano),0,DESCONHECIDO,DESCONHECIDO,DESCONHECIDO,2023,0,0,0,0,0,0,0,0,0,0,0,0,0,0,0,0,0,1,1,1,1,1,1,1,1,1,3,2,1,1,1,3,1,3,5,5,3,5,2,4,2,3,3,5,1,0
RA-307,FASE 3,3N,Aluno-307,Pública,Agata,6.047333333,DESCONHECIDO,DESCONHECIDO,DESCONHECIDO,DESCONHECIDO,DESCONHECIDO,Fase 5 (1° EM),-2,DESCONHECIDO,DESCONHECIDO,DESCONHECIDO,2023,0,0,0,0,0,0,0,0,0,0,0,0,0,0,0,0,0,1,1,1,1,1,1,1,1,0,2,2,1,1,1,3,1,1,5,3,3,4,1,2,1,2,1,2,1,1
RA-283,FASE 3,3N,Aluno-283,Pública,Ametista,7.549025,DESCONHECIDO,DESCONHECIDO,DESCONHECIDO,DESCONHECIDO,DESCONHECIDO,Fase 5 (1° EM),-2,DESCONHECIDO,DESCONHECIDO,DESCONHECIDO,2023,0,0,0,0,0,0,0,0,0,0,0,0,0,0,0,0,0,1,1,1,1,1,1,1,1,1,3,1,1,1,1,3,2,4,5,3,3,1,2,3,1,1,2,3,3,1
RA-459,FASE 3,3N,Aluno-459,Pública,Topázio,8.240016667,DESCONHECIDO,DESCONHECIDO,DESCONHECIDO,DESCONHECIDO,DESCONHECIDO,Fase 3 (7° e 8° ano),0,DESCONHECIDO,DESCONHECIDO,DESCONHECIDO,2023,0,0,0,0,0,0,0,0,0,0,0,0,0,0,0,0,0,1,1,1,1,1,1,1,1,1,3,1,1,1,1,3,1,4,5,5,5,5,2,4,2,1,3,5,4,0
RA-440,FASE 3,3P,Aluno-440,Pública,Agata,6.989208333,DESCONHECIDO,DESCONHECIDO,DESCONHECIDO,DESCONHECIDO,DESCONHECIDO,Fase 3 (7° e 8° ano),0,DESCONHECIDO,DESCONHECIDO,DESCONHECIDO,2023,0,0,0,0,0,0,0,0,0,0,0,0,0,0,0,0,0,1,1,1,1,1,1,1,1,0,2,2,1,1,1,3,1,2,5,2,4,3,1,4,2,3,1,2,1,0
RA-443,FASE 3,3P,Aluno-443,Pública,Agata,6.895508333,DESCONHECIDO,DESCONHECIDO,DESCONHECIDO,DESCONHECIDO,DESCONHECIDO,Fase 4 (9° ano),-1,DESCONHECIDO,DESCONHECIDO,DESCONHECIDO,2023,0,0,0,0,0,0,0,0,0,0,0,0,0,0,0,0,0,1,1,1,1,1,1,1,1,0,3,1,1,1,1,3,1,2,1,4,4,5,2,4,1,3,1,4,4,1
RA-454,FASE 3,3P,Aluno-454,Pública,Quartzo,4.603416667,DESCONHECIDO,DESCONHECIDO,DESCONHECIDO,DESCONHECIDO,DESCONHECIDO,Fase 5 (1° EM),-2,DESCONHECIDO,DESCONHECIDO,DESCONHECIDO,2023,0,0,0,0,0,0,0,0,0,0,0,0,0,0,0,0,0,1,1,1,1,1,1,1,1,0,3,1,1,1,1,3,1,2,1,1,1,1,1,1,1,1,1,1,4,1
RA-444,FASE 3,3P,Aluno-444,Pública,Quartzo,5.958791667,DESCONHECIDO,DESCONHECIDO,DESCONHECIDO,DESCONHECIDO,DESCONHECIDO,Fase 2 (5° e 6° ano),1,DESCONHECIDO,DESCONHECIDO,DESCONHECIDO,2023,0,0,0,0,0,0,0,0,0,0,0,0,0,0,0,0,0,1,1,1,1,1,1,1,1,0,2,1,1,1,1,3,1,2,1,1,2,2,1,1,2,1,1,1,4,0
RA-170,FASE 3,3P,Aluno-170,Privada - Programa de Apadrinhamento,Ametista,7.062433333,DESCONHECIDO,DESCONHECIDO,DESCONHECIDO,DESCONHECIDO,DESCONHECIDO,Fase 5 (1° EM),-2,DESCONHECIDO,DESCONHECIDO,DESCONHECIDO,2023,0,0,0,0,0,0,0,0,0,0,0,0,0,0,0,0,0,1,1,1,1,1,1,1,1,1,3,1,1,1,1,3,3,3,1,4,3,5,1,3,1,1,2,4,4,1
RA-1169,FASE 3,3P,Aluno-1169,Pública,Ametista,7.213625,DESCONHECIDO,DESCONHECIDO,DESCONHECIDO,DESCONHECIDO,DESCONHECIDO,Fase 4 (9° ano),-1,DESCONHECIDO,DESCONHECIDO,DESCONHECIDO,2023,0,0,0,0,0,0,0,0,0,0,0,0,0,0,0,0,0,1,1,1,1,1,1,1,1,1,2,3,1,1,1,3,1,4,1,3,3,4,1,4,1,1,2,2,1,1
RA-458,FASE 3,3P,Aluno-458,Pública,Agata,6.312083333,DESCONHECIDO,DESCONHECIDO,DESCONHECIDO,DESCONHECIDO,DESCONHECIDO,Fase 4 (9° ano),-1,DESCONHECIDO,DESCONHECIDO,DESCONHECIDO,2023,0,0,0,0,0,0,0,0,0,0,0,0,0,0,0,0,0,1,1,1,1,1,1,1,1,0,2,1,1,1,1,3,5,1,5,1,1,1,1,1,1,1,1,1,4,1
RA-1170,FASE 3,3P,Aluno-1170,Pública,Agata,6.874683333,DESCONHECIDO,DESCONHECIDO,DESCONHECIDO,DESCONHECIDO,DESCONHECIDO,Fase 4 (9° ano),-1,DESCONHECIDO,DESCONHECIDO,DESCONHECIDO,2023,0,0,0,0,0,0,0,0,0,0,0,0,0,0,0,0,0,1,1,1,1,1,1,1,1,0,2,3,1,1,1,3,3,2,5,2,2,3,1,1,1,1,1,2,1,1
RA-1171,FASE 3,3P,Aluno-1171,Pública,Ametista,7.856033333,DESCONHECIDO,DESCONHECIDO,DESCONHECIDO,DESCONHECIDO,DESCONHECIDO,Fase 4 (9° ano),-1,DESCONHECIDO,DESCONHECIDO,DESCONHECIDO,2023,0,0,0,0,0,0,0,0,0,0,0,0,0,0,0,0,0,1,1,1,1,1,1,1,1,1,3,3,1,1,1,3,2,3,1,5,4,5,2,5,1,4,2,5,1,1
RA-449,FASE 3,3P,Aluno-449,Pública,Ametista,7.396508333,DESCONHECIDO,DESCONHECIDO,DESCONHECIDO,DESCONHECIDO,DESCONHECIDO,Fase 3 (7° e 8° ano),0,DESCONHECIDO,DESCONHECIDO,DESCONHECIDO,2023,0,0,0,0,0,0,0,0,0,0,0,0,0,0,0,0,0,1,1,1,1,1,1,1,1,1,2,2,1,1,1,3,1,2,5,3,2,4,2,2,2,2,2,4,1,0
RA-462,FASE 3,3P,Aluno-462,Pública,Agata,6.2267,DESCONHECIDO,DESCONHECIDO,DESCONHECIDO,DESCONHECIDO,DESCONHECIDO,Fase 5 (1° EM),-2,DESCONHECIDO,DESCONHECIDO,DESCONHECIDO,2023,0,0,0,0,0,0,0,0,0,0,0,0,0,0,0,0,0,1,1,1,1,1,1,1,1,0,2,2,1,1,1,3,5,2,1,1,1,1,1,1,1,2,1,1,1,1
RA-176,FASE 4,4A,Aluno-176,Privada - Programa de Apadrinhamento,Topázio,8.316833333,DESCONHECIDO,DESCONHECIDO,DESCONHECIDO,DESCONHECIDO,DESCONHECIDO,Fase 4 (9° ano),0,DESCONHECIDO,DESCONHECIDO,DESCONHECIDO,2023,0,0,0,0,0,0,0,0,0,0,0,0,0,0,0,0,0,1,1,1,1,1,1,1,1,1,3,1,1,1,1,3,5,4,1,4,4,4,2,5,2,3,3,5,4,0
RA-178,FASE 4,4A,Aluno-178,Privada - Programa de Apadrinhamento,Ametista,7.406658333,DESCONHECIDO,DESCONHECIDO,DESCONHECIDO,DESCONHECIDO,DESCONHECIDO,Fase 4 (9° ano),0,DESCONHECIDO,DESCONHECIDO,DESCONHECIDO,2023,0,0,0,0,0,0,0,0,0,0,0,0,0,0,0,0,0,1,1,1,1,1,1,1,1,1,2,1,1,1,1,3,2,3,1,2,3,2,1,5,2,3,2,2,4,0
RA-193,FASE 4,4A,Aluno-193,Privada - Programa de Apadrinhamento,Ametista,7.718566667,DESCONHECIDO,DESCONHECIDO,DESCONHECIDO,DESCONHECIDO,DESCONHECIDO,Fase 3 (7° e 8° ano),1,DESCONHECIDO,DESCONHECIDO,DESCONHECIDO,2023,0,0,0,0,0,0,0,0,0,0,0,0,0,0,0,0,0,1,1,1,1,1,1,1,1,1,3,1,1,1,1,3,2,4,1,3,2,2,2,4,2,3,2,3,4,0
RA-1172,FASE 4,4A,Aluno-1172,Pública,Ametista,7.030108333,DESCONHECIDO,DESCONHECIDO,DESCONHECIDO,DESCONHECIDO,DESCONHECIDO,Fase 6 (2° EM),-2,DESCONHECIDO,DESCONHECIDO,DESCONHECIDO,2023,0,0,0,0,0,0,0,0,0,0,0,0,0,0,0,0,0,1,1,1,1,1,1,1,1,1,4,3,1,1,1,3,2,2,1,3,2,2,2,5,1,4,2,3,1,1
RA-180,FASE 4,4A,Aluno-180,Privada - Programa de Apadrinhamento,Topázio,8.283216667,DESCONHECIDO,DESCONHECIDO,DESCONHECIDO,DESCONHECIDO,DESCONHECIDO,Fase 3 (7° e 8° ano),1,DESCONHECIDO,DESCONHECIDO,DESCONHECIDO,2023,0,0,0,0,0,0,0,0,0,0,0,0,0,0,0,0,0,1,1,1,1,1,1,1,1,1,3,1,1,1,1,3,4,4,1,4,5,4,2,5,2,4,3,5,4,0
RA-181,FASE 4,4A,Aluno-181,Privada - Programa de Apadrinhamento,Ametista,7.671208333,DESCONHECIDO,DESCONHECIDO,DESCONHECIDO,DESCONHECIDO,DESCONHECIDO,Fase 4 (9° ano),0,DESCONHECIDO,DESCONHECIDO,DESCONHECIDO,2023,0,0,0,0,0,0,0,0,0,0,0,0,0,0,0,0,0,1,1,1,1,1,1,1,1,1,2,1,1,1,1,3,5,3,1,3,5,3,1,4,2,3,2,3,4,0
RA-195,FASE 4,4A,Aluno-195,Privada - Programa de Apadrinhamento,Ametista,7.60205,DESCONHECIDO,DESCONHECIDO,DESCONHECIDO,DESCONHECIDO,DESCONHECIDO,Fase 4 (9° ano),0,DESCONHECIDO,DESCONHECIDO,DESCONHECIDO,2023,0,0,0,0,0,0,0,0,0,0,0,0,0,0,0,0,0,1,1,1,1,1,1,1,1,1,2,1,1,1,1,3,1,4,1,2,3,2,1,5,2,4,2,2,4,0
RA-196,FASE 4,4A,Aluno-196,Privada - Programa de Apadrinhamento,Ametista,7.560991667,DESCONHECIDO,DESCONHECIDO,DESCONHECIDO,DESCONHECIDO,DESCONHECIDO,Fase 3 (7° e 8° ano),1,DESCONHECIDO,DESCONHECIDO,DESCONHECIDO,2023,0,0,0,0,0,0,0,0,0,0,0,0,0,0,0,0,0,1,1,1,1,1,1,1,1,1,3,1,1,1,1,3,2,4,1,2,4,2,1,4,2,4,2,2,4,0
RA-211,FASE 4,4A,Aluno-211,Privada - Programa de Apadrinhamento,Topázio,8.024791667,DESCONHECIDO,DESCONHECIDO,DESCONHECIDO,DESCONHECIDO,DESCONHECIDO,Fase 4 (9° ano),0,DESCONHECIDO,DESCONHECIDO,DESCONHECIDO,2023,0,0,0,0,0,0,0,0,0,0,0,0,0,0,0,0,0,1,1,1,1,1,1,1,1,1,3,1,1,1,1,3,5,4,1,4,4,4,1,5,2,3,3,4,2,0
RA-197,FASE 4,4A,Aluno-197,Privada - Programa de Apadrinhamento,Ametista,7.967608333,DESCONHECIDO,DESCONHECIDO,DESCONHECIDO,DESCONHECIDO,DESCONHECIDO,Fase 3 (7° e 8° ano),1,DESCONHECIDO,DESCONHECIDO,DESCONHECIDO,2023,0,0,0,0,0,0,0,0,0,0,0,0,0,0,0,0,0,1,1,1,1,1,1,1,1,1,3,1,1,1,1,3,2,5,1,4,4,4,2,5,2,3,2,4,2,0
RA-229,FASE 4,4A,Aluno-229,Privada - Programa de Apadrinhamento,Topázio,8.207591667,DESCONHECIDO,DESCONHECIDO,DESCONHECIDO,DESCONHECIDO,DESCONHECIDO,Fase 3 (7° e 8° ano),1,DESCONHECIDO,DESCONHECIDO,DESCONHECIDO,2023,0,0,0,0,0,0,0,0,0,0,0,0,0,0,0,0,0,1,1,1,1,1,1,1,1,1,2,2,1,1,1,3,4,5,1,4,4,4,2,5,2,4,3,5,1,0
RA-186,FASE 4,4A,Aluno-186,Privada,Ametista,7.817541667,DESCONHECIDO,DESCONHECIDO,DESCONHECIDO,DESCONHECIDO,DESCONHECIDO,Fase 4 (9° ano),0,DESCONHECIDO,DESCONHECIDO,DESCONHECIDO,2023,0,0,0,0,0,0,0,0,0,0,0,0,0,0,0,0,0,1,1,1,1,1,1,1,1,1,2,1,1,1,1,3,1,5,1,3,3,3,2,5,2,3,2,4,4,0
RA-189,FASE 4,4A,Aluno-189,Privada - Programa de Apadrinhamento,Ametista,7.727325,DESCONHECIDO,DESCONHECIDO,DESCONHECIDO,DESCONHECIDO,DESCONHECIDO,Fase 4 (9° ano),0,DESCONHECIDO,DESCONHECIDO,DESCONHECIDO,2023,0,0,0,0,0,0,0,0,0,0,0,0,0,0,0,0,0,1,1,1,1,1,1,1,1,1,3,1,1,1,1,3,2,4,1,3,3,3,1,5,2,4,2,3,4,0
RA-191,FASE 4,4A,Aluno-191,Privada - Programa de Apadrinhamento,Ametista,7.263666667,DESCONHECIDO,DESCONHECIDO,DESCONHECIDO,DESCONHECIDO,DESCONHECIDO,Fase 4 (9° ano),0,DESCONHECIDO,DESCONHECIDO,DESCONHECIDO,2023,0,0,0,0,0,0,0,0,0,0,0,0,0,0,0,0,0,1,1,1,1,1,1,1,1,1,3,1,1,1,1,3,1,5,1,4,5,3,2,5,2,3,2,5,4,0
RA-1173,FASE 4,4A,Aluno-1173,Pública,Ametista,7.67285,DESCONHECIDO,DESCONHECIDO,DESCONHECIDO,DESCONHECIDO,DESCONHECIDO,Fase 4 (9° ano),0,DESCONHECIDO,DESCONHECIDO,DESCONHECIDO,2023,0,0,0,0,0,0,0,0,0,0,0,0,0,0,0,0,0,1,1,1,1,1,1,1,1,1,3,3,1,1,1,3,3,5,1,2,4,1,1,4,2,3,2,2,1,0
RA-217,FASE 4,4B,Aluno-217,Pública,Agata,6.96965,DESCONHECIDO,DESCONHECIDO,DESCONHECIDO,DESCONHECIDO,DESCONHECIDO,Fase 5 (1° EM),-1,DESCONHECIDO,DESCONHECIDO,DESCONHECIDO,2023,0,0,0,0,0,0,0,0,0,0,0,0,0,0,0,0,0,1,1,1,1,1,1,1,1,0,2,1,1,1,1,3,2,3,1,2,3,2,1,5,1,4,1,2,2,1
RA-1174,FASE 4,4B,Aluno-1174,Pública,Ametista,7.333591667,DESCONHECIDO,DESCONHECIDO,DESCONHECIDO,DESCONHECIDO,DESCONHECIDO,Fase 5 (1° EM),-1,DESCONHECIDO,DESCONHECIDO,DESCONHECIDO,2023,0,0,0,0,0,0,0,0,0,0,0,0,0,0,0,0,0,1,1,1,1,1,1,1,1,1,3,3,1,1,1,3,4,3,1,3,3,4,2,4,1,4,2,3,1,1
RA-192,FASE 4,4B,Aluno-192,Privada,Agata,6.616016667,DESCONHECIDO,DESCONHECIDO,DESCONHECIDO,DESCONHECIDO,DESCONHECIDO,Fase 6 (2° EM),-2,DESCONHECIDO,DESCONHECIDO,DESCONHECIDO,2023,0,0,0,0,0,0,0,0,0,0,0,0,0,0,0,0,0,1,1,1,1,1,1,1,1,0,4,1,1,1,1,3,3,1,1,3,2,2,2,2,1,1,1,3,2,1
RA-184,FASE 4,4B,Aluno-184,Pública,Topázio,8.430241667,DESCONHECIDO,DESCONHECIDO,DESCONHECIDO,DESCONHECIDO,DESCONHECIDO,Fase 3 (7° e 8° ano),1,DESCONHECIDO,DESCONHECIDO,DESCONHECIDO,2023,0,0,0,0,0,0,0,0,0,0,0,0,0,0,0,0,0,1,1,1,1,1,1,1,1,1,3,1,1,1,1,3,2,4,5,4,4,2,2,5,2,4,3,4,4,0
RA-200,FASE 4,4B,Aluno-200,Privada - Programa de Apadrinhamento,Quartzo,5.661166667,DESCONHECIDO,DESCONHECIDO,DESCONHECIDO,DESCONHECIDO,DESCONHECIDO,Fase 6 (2° EM),-2,DESCONHECIDO,DESCONHECIDO,DESCONHECIDO,2023,0,0,0,0,0,0,0,0,0,0,0,0,0,0,0,0,0,1,1,1,1,1,1,1,1,0,4,1,1,1,1,3,5,1,1,1,1,1,1,2,1,2,1,1,4,1
RA-1175,FASE 4,4B,Aluno-1175,Pública,Quartzo,5.939858333,DESCONHECIDO,DESCONHECIDO,DESCONHECIDO,DESCONHECIDO,DESCONHECIDO,Fase 7 (3° EM),-3,DESCONHECIDO,DESCONHECIDO,DESCONHECIDO,2023,0,0,0,0,0,0,0,0,0,0,0,0,0,0,0,0,0,1,1,1,1,1,1,1,1,0,2,3,1,1,1,3,2,1,1,3,3,2,1,3,1,3,1,2,1,1
RA-204,FASE 4,4B,Aluno-204,Pública,Ametista,7.557558333,DESCONHECIDO,DESCONHECIDO,DESCONHECIDO,DESCONHECIDO,DESCONHECIDO,Fase 4 (9° ano),0,DESCONHECIDO,DESCONHECIDO,DESCONHECIDO,2023,0,0,0,0,0,0,0,0,0,0,0,0,0,0,0,0,0,1,1,1,1,1,1,1,1,1,2,1,1,1,1,3,3,2,1,4,2,4,2,4,2,4,2,4,4,0
RA-1176,FASE 4,4B,Aluno-1176,Pública,Topázio,8.881483333,DESCONHECIDO,DESCONHECIDO,DESCONHECIDO,DESCONHECIDO,DESCONHECIDO,Fase 3 (7° e 8° ano),1,DESCONHECIDO,DESCONHECIDO,DESCONHECIDO,2023,0,0,0,0,0,0,0,0,0,0,0,0,0,0,0,0,0,1,1,1,1,1,1,1,1,1,3,3,1,1,1,3,2,4,5,5,4,4,2,5,2,4,3,5,1,0
RA-1177,FASE 4,4B,Aluno-1177,Pública,Topázio,8.345491667,DESCONHECIDO,DESCONHECIDO,DESCONHECIDO,DESCONHECIDO,DESCONHECIDO,Fase 4 (9° ano),0,DESCONHECIDO,DESCONHECIDO,DESCONHECIDO,2023,0,0,0,0,0,0,0,0,0,0,0,0,0,0,0,0,0,1,1,1,1,1,1,1,1,1,3,3,1,1,1,3,5,5,1,4,4,3,2,5,2,4,3,4,1,0
RA-215,FASE 4,4C,Aluno-215,Pública,Ametista,7.166475,DESCONHECIDO,DESCONHECIDO,DESCONHECIDO,DESCONHECIDO,DESCONHECIDO,Fase 4 (9° ano),0,DESCONHECIDO,DESCONHECIDO,DESCONHECIDO,2023,0,0,0,0,0,0,0,0,0,0,0,0,0,0,0,0,0,1,1,1,1,1,1,1,1,1,3,1,1,1,1,3,3,1,1,3,2,3,2,3,2,3,2,4,2,0
RA-1178,FASE 4,4C,Aluno-1178,Pública,Ametista,7.066475,DESCONHECIDO,DESCONHECIDO,DESCONHECIDO,DESCONHECIDO,DESCONHECIDO,Fase 6 (2° EM),-2,DESCONHECIDO,DESCONHECIDO,DESCONHECIDO,2023,0,0,0,0,0,0,0,0,0,0,0,0,0,0,0,0,0,1,1,1,1,1,1,1,1,1,2,3,1,1,1,3,3,4,1,2,3,1,1,4,1,3,2,2,1,1
RA-149,FASE 4,4C,Aluno-149,Pública,Quartzo,5.622266667,DESCONHECIDO,DESCONHECIDO,DESCONHECIDO,DESCONHECIDO,DESCONHECIDO,Fase 6 (2° EM),-2,DESCONHECIDO,DESCONHECIDO,DESCONHECIDO,2023,0,0,0,0,0,0,0,0,0,0,0,0,0,0,0,0,0,1,1,1,1,1,1,1,1,0,2,2,1,1,1,3,3,1,1,1,2,1,1,2,1,2,1,1,1,1
RA-1179,FASE 4,4C,Aluno-1179,Pública,Agata,6.631333333,DESCONHECIDO,DESCONHECIDO,DESCONHECIDO,DESCONHECIDO,DESCONHECIDO,Fase 5 (1° EM),-1,DESCONHECIDO,DESCONHECIDO,DESCONHECIDO,2023,0,0,0,0,0,0,0,0,0,0,0,0,0,0,0,0,0,1,1,1,1,1,1,1,1,0,2,3,1,1,1,3,5,2,1,2,3,1,1,2,1,1,1,1,1,1
RA-218,FASE 4,4C,Aluno-218,Pública,Quartzo,5.811541667,DESCONHECIDO,DESCONHECIDO,DESCONHECIDO,DESCONHECIDO,DESCONHECIDO,Fase 5 (1° EM),-1,DESCONHECIDO,DESCONHECIDO,DESCONHECIDO,2023,0,0,0,0,0,0,0,0,0,0,0,0,0,0,0,0,0,1,1,1,1,1,1,1,1,0,3,2,1,1,1,3,1,1,1,3,2,3,2,4,1,3,1,3,1,1
RA-220,FASE 4,4C,Aluno-220,Pública,Ametista,7.102016667,DESCONHECIDO,DESCONHECIDO,DESCONHECIDO,DESCONHECIDO,DESCONHECIDO,Fase 4 (9° ano),0,DESCONHECIDO,DESCONHECIDO,DESCONHECIDO,2023,0,0,0,0,0,0,0,0,0,0,0,0,0,0,0,0,0,1,1,1,1,1,1,1,1,1,3,2,1,1,1,3,3,2,1,2,3,2,1,3,2,1,2,2,1,0
RA-202,FASE 4,4C,Aluno-202,Pública,Agata,6.791641667,DESCONHECIDO,DESCONHECIDO,DESCONHECIDO,DESCONHECIDO,DESCONHECIDO,Fase 5 (1° EM),-1,DESCONHECIDO,DESCONHECIDO,DESCONHECIDO,2023,0,0,0,0,0,0,0,0,0,0,0,0,0,0,0,0,0,1,1,1,1,1,1,1,1,0,2,1,1,1,1,3,3,2,1,2,3,1,1,4,1,3,1,2,4,1
RA-1180,FASE 4,4C,Aluno-1180,Pública,Ametista,7.067983333,DESCONHECIDO,DESCONHECIDO,DESCONHECIDO,DESCONHECIDO,DESCONHECIDO,Fase 5 (1° EM),-1,DESCONHECIDO,DESCONHECIDO,DESCONHECIDO,2023,0,0,0,0,0,0,0,0,0,0,0,0,0,0,0,0,0,1,1,1,1,1,1,1,1,1,3,3,1,1,1,3,2,4,1,2,2,1,1,3,1,1,2,2,1,1
RA-1181,FASE 4,4C,Aluno-1181,Pública,Agata,6.971266667,DESCONHECIDO,DESCONHECIDO,DESCONHECIDO,DESCONHECIDO,DESCONHECIDO,Fase 4 (9° ano),0,DESCONHECIDO,DESCONHECIDO,DESCONHECIDO,2023,0,0,0,0,0,0,0,0,0,0,0,0,0,0,0,0,0,1,1,1,1,1,1,1,1,0,2,3,1,1,1,3,3,3,1,1,2,1,1,2,2,2,1,1,1,0
RA-1182,FASE 4,4C,Aluno-1182,Pública,Quartzo,5.709808333,DESCONHECIDO,DESCONHECIDO,DESCONHECIDO,DESCONHECIDO,DESCONHECIDO,Fase 6 (2° EM),-2,DESCONHECIDO,DESCONHECIDO,DESCONHECIDO,2023,0,0,0,0,0,0,0,0,0,0,0,0,0,0,0,0,0,1,1,1,1,1,1,1,1,0,2,3,1,1,1,3,1,1,1,1,2,1,1,2,1,1,1,1,1,1
RA-205,FASE 4,4C,Aluno-205,Pública,Agata,6.857625,DESCONHECIDO,DESCONHECIDO,DESCONHECIDO,DESCONHECIDO,DESCONHECIDO,Fase 5 (1° EM),-1,DESCONHECIDO,DESCONHECIDO,DESCONHECIDO,2023,0,0,0,0,0,0,0,0,0,0,0,0,0,0,0,0,0,1,1,1,1,1,1,1,1,0,2,1,1,1,1,3,5,2,1,3,4,2,2,2,1,1,1,3,3,1
RA-1183,FASE 4,4C,Aluno-1183,Pública,Agata,6.269541667,DESCONHECIDO,DESCONHECIDO,DESCONHECIDO,DESCONHECIDO,DESCONHECIDO,Fase 5 (1° EM),-1,DESCONHECIDO,DESCONHECIDO,DESCONHECIDO,2023,0,0,0,0,0,0,0,0,0,0,0,0,0,0,0,0,0,1,1,1,1,1,1,1,1,0,3,3,1,1,1,3,1,3,1,2,2,1,1,1,1,1,1,2,1,1
RA-237,FASE 4,4F,Aluno-237,Privada - Programa de Apadrinhamento,Ametista,7.436566667,DESCONHECIDO,DESCONHECIDO,DESCONHECIDO,DESCONHECIDO,DESCONHECIDO,Fase 5 (1° EM),-1,DESCONHECIDO,DESCONHECIDO,DESCONHECIDO,2023,0,0,0,0,0,0,0,0,0,0,0,0,0,0,0,0,0,1,1,1,1,1,1,1,1,1,3,2,1,1,1,3,2,4,1,3,4,3,1,5,1,3,2,3,1,1
RA-147,FASE 4,4F,Aluno-147,Pública,Quartzo,5.5425,DESCONHECIDO,DESCONHECIDO,DESCONHECIDO,DESCONHECIDO,DESCONHECIDO,Fase 5 (1° EM),-1,DESCONHECIDO,DESCONHECIDO,DESCONHECIDO,2023,0,0,0,0,0,0,0,0,0,0,0,0,0,0,0,0,0,1,1,1,1,1,1,1,1,0,3,2,1,1,1,3,1,2,2,1,2,2,1,2,1,1,1,1,1,1
RA-240,FASE 4,4F,Aluno-240,Privada - Programa de Apadrinhamento,Agata,6.337966667,DESCONHECIDO,DESCONHECIDO,DESCONHECIDO,DESCONHECIDO,DESCONHECIDO,Fase 4 (9° ano),0,DESCONHECIDO,DESCONHECIDO,DESCONHECIDO,2023,0,0,0,0,0,0,0,0,0,0,0,0,0,0,0,0,0,1,1,1,1,1,1,1,1,0,2,1,1,1,1,3,1,1,1,1,4,1,1,2,2,1,1,1,4,0
RA-1184,FASE 4,4F,Aluno-1184,Pública,Ametista,7.381566667,DESCONHECIDO,DESCONHECIDO,DESCONHECIDO,DESCONHECIDO,DESCONHECIDO,Fase 6 (2° EM),-2,DESCONHECIDO,DESCONHECIDO,DESCONHECIDO,2023,0,0,0,0,0,0,0,0,0,0,0,0,0,0,0,0,0,1,1,1,1,1,1,1,1,1,2,3,1,1,1,3,2,3,1,4,4,2,2,4,1,3,2,4,1,1
RA-241,FASE 4,4F,Aluno-241,Privada - Programa de Apadrinhamento,Ametista,7.016,DESCONHECIDO,DESCONHECIDO,DESCONHECIDO,DESCONHECIDO,DESCONHECIDO,Fase 5 (1° EM),-1,DESCONHECIDO,DESCONHECIDO,DESCONHECIDO,2023,0,0,0,0,0,0,0,0,0,0,0,0,0,0,0,0,0,1,1,1,1,1,1,1,1,1,2,1,1,1,1,3,1,5,1,4,5,3,1,5,1,4,2,4,4,1
RA-242,FASE 4,4F,Aluno-242,Privada - Programa de Apadrinhamento,Topázio,8.221841667,DESCONHECIDO,DESCONHECIDO,DESCONHECIDO,DESCONHECIDO,DESCONHECIDO,Fase 4 (9° ano),0,DESCONHECIDO,DESCONHECIDO,DESCONHECIDO,2023,0,0,0,0,0,0,0,0,0,0,0,0,0,0,0,0,0,1,1,1,1,1,1,1,1,1,3,1,1,1,1,3,1,5,1,4,5,4,2,5,2,4,3,5,4,0
RA-138,FASE 4,4F,Aluno-138,Pública,Agata,6.784075,DESCONHECIDO,DESCONHECIDO,DESCONHECIDO,DESCONHECIDO,DESCONHECIDO,Fase 6 (2° EM),-2,DESCONHECIDO,DESCONHECIDO,DESCONHECIDO,2023,0,0,0,0,0,0,0,0,0,0,0,0,0,0,0,0,0,1,1,1,1,1,1,1,1,0,4,1,1,1,1,3,5,2,2,1,1,1,1,2,1,2,1,1,4,1
RA-244,FASE 4,4F,Aluno-244,Privada - Programa de Apadrinhamento,Ametista,7.044333333,DESCONHECIDO,DESCONHECIDO,DESCONHECIDO,DESCONHECIDO,DESCONHECIDO,Fase 3 (7° e 8° ano),1,DESCONHECIDO,DESCONHECIDO,DESCONHECIDO,2023,0,0,0,0,0,0,0,0,0,0,0,0,0,0,0,0,0,1,1,1,1,1,1,1,1,1,3,1,1,1,1,3,1,3,1,4,4,4,2,5,2,3,2,4,4,0
RA-245,FASE 4,4F,Aluno-245,Privada - Programa de Apadrinhamento,Ametista,7.171166667,DESCONHECIDO,DESCONHECIDO,DESCONHECIDO,DESCONHECIDO,DESCONHECIDO,Fase 5 (1° EM),-1,DESCONHECIDO,DESCONHECIDO,DESCONHECIDO,2023,0,0,0,0,0,0,0,0,0,0,0,0,0,0,0,0,0,1,1,1,1,1,1,1,1,1,2,1,1,1,1,3,1,5,1,5,5,4,2,5,1,4,2,5,4,1
RA-246,FASE 4,4F,Aluno-246,Privada,Topázio,8.256766667,DESCONHECIDO,DESCONHECIDO,DESCONHECIDO,DESCONHECIDO,DESCONHECIDO,Fase 4 (9° ano),0,DESCONHECIDO,DESCONHECIDO,DESCONHECIDO,2023,0,0,0,0,0,0,0,0,0,0,0,0,0,0,0,0,0,1,1,1,1,1,1,1,1,1,2,2,1,1,1,3,3,5,1,3,4,3,1,5,2,3,3,3,1,0
RA-141,FASE 4,4F,Aluno-141,Pública,Agata,6.719791667,DESCONHECIDO,DESCONHECIDO,DESCONHECIDO,DESCONHECIDO,DESCONHECIDO,Fase 5 (1° EM),-1,DESCONHECIDO,DESCONHECIDO,DESCONHECIDO,2023,0,0,0,0,0,0,0,0,0,0,0,0,0,0,0,0,0,1,1,1,1,1,1,1,1,0,3,1,1,1,1,3,5,3,2,1,2,2,1,2,1,1,1,1,4,1
RA-239,FASE 4,4G,Aluno-239,Pública,Agata,6.411333333,DESCONHECIDO,DESCONHECIDO,DESCONHECIDO,DESCONHECIDO,DESCONHECIDO,Fase 6 (2° EM),-2,DESCONHECIDO,DESCONHECIDO,DESCONHECIDO,2023,0,0,0,0,0,0,0,0,0,0,0,0,0,0,0,0,0,1,1,1,1,1,1,1,1,0,4,1,1,1,1,3,1,3,1,3,2,4,2,3,1,3,1,4,2,1
RA-1185,FASE 4,4G,Aluno-1185,Pública,Topázio,8.02675,DESCONHECIDO,DESCONHECIDO,DESCONHECIDO,DESCONHECIDO,DESCONHECIDO,Fase 3 (7° e 8° ano),1,DESCONHECIDO,DESCONHECIDO,DESCONHECIDO,2023,0,0,0,0,0,0,0,0,0,0,0,0,0,0,0,0,0,1,1,1,1,1,1,1,1,1,2,3,1,1,1,3,1,4,1,4,3,2,2,5,2,3,3,4,1,0
RA-262,FASE 4,4G,Aluno-262,Privada,Quartzo,4.406458333,DESCONHECIDO,DESCONHECIDO,DESCONHECIDO,DESCONHECIDO,DESCONHECIDO,Fase 6 (2° EM),-2,DESCONHECIDO,DESCONHECIDO,DESCONHECIDO,2023,0,0,0,0,0,0,0,0,0,0,0,0,0,0,0,0,0,1,1,1,1,1,1,1,1,0,2,1,1,1,1,3,1,1,1,1,2,1,1,1,1,1,1,1,2,1
RA-1186,FASE 4,4G,Aluno-1186,Pública,Ametista,7.281433333,DESCONHECIDO,DESCONHECIDO,DESCONHECIDO,DESCONHECIDO,DESCONHECIDO,Fase 6 (2° EM),-2,DESCONHECIDO,DESCONHECIDO,DESCONHECIDO,2023,0,0,0,0,0,0,0,0,0,0,0,0,0,0,0,0,0,1,1,1,1,1,1,1,1,1,2,3,1,1,1,3,3,5,3,2,3,2,1,2,1,1,2,2,1,1
RA-397,FASE 4,4G,Aluno-397,Pública,Agata,6.207083333,DESCONHECIDO,DESCONHECIDO,DESCONHECIDO,DESCONHECIDO,DESCONHECIDO,Fase 5 (1° EM),-1,DESCONHECIDO,DESCONHECIDO,DESCONHECIDO,2023,0,0,0,0,0,0,0,0,0,0,0,0,0,0,0,0,0,1,1,1,1,1,1,1,1,0,3,1,1,1,1,3,1,2,1,1,3,1,1,2,1,1,1,1,4,1
RA-1187,FASE 4,4G,Aluno-1187,Pública,Agata,6.644475,DESCONHECIDO,DESCONHECIDO,DESCONHECIDO,DESCONHECIDO,DESCONHECIDO,Fase 3 (7° e 8° ano),1,DESCONHECIDO,DESCONHECIDO,DESCONHECIDO,2023,0,0,0,0,0,0,0,0,0,0,0,0,0,0,0,0,0,1,1,1,1,1,1,1,1,0,3,3,1,1,1,3,3,1,1,2,2,1,1,1,2,2,1,2,1,0
RA-145,FASE 4,4H,Aluno-145,Pública,DESCONHECIDO,7.388266666666667,DESCONHECIDO,DESCONHECIDO,DESCONHECIDO,DESCONHECIDO,DESCONHECIDO,Fase 7 (3° EM),-3,DESCONHECIDO,DESCONHECIDO,DESCONHECIDO,2023,0,0,0,0,0,0,0,0,0,0,0,0,0,0,0,0,1,1,1,1,1,1,1,1,1,1,4,1,1,1,1,3,2,4,3,2,2,2,2,2,1,3,4,2,4,1
RA-1188,FASE 4,4H,Aluno-1188,Pública,DESCONHECIDO,7.388266666666667,DESCONHECIDO,DESCONHECIDO,DESCONHECIDO,DESCONHECIDO,DESCONHECIDO,Fase 5 (1° EM),-1,DESCONHECIDO,DESCONHECIDO,DESCONHECIDO,2023,0,0,0,0,0,0,0,0,0,0,0,0,0,0,0,0,1,1,1,1,1,1,1,1,1,1,3,3,1,1,1,3,5,4,3,3,3,4,1,3,1,3,4,3,1,1
RA-265,FASE 4,4H,Aluno-265,Pública,DESCONHECIDO,7.388266666666667,DESCONHECIDO,DESCONHECIDO,DESCONHECIDO,DESCONHECIDO,DESCONHECIDO,Fase 4 (9° ano),0,DESCONHECIDO,DESCONHECIDO,DESCONHECIDO,2023,0,0,0,0,0,0,0,0,0,0,0,0,0,0,0,0,1,1,1,1,1,1,1,1,1,1,3,1,1,1,1,3,2,3,3,3,4,3,2,4,2,3,4,4,4,0
RA-254,FASE 4,4H,Aluno-254,Pública,DESCONHECIDO,7.388266666666667,DESCONHECIDO,DESCONHECIDO,DESCONHECIDO,DESCONHECIDO,DESCONHECIDO,Fase 5 (1° EM),-1,DESCONHECIDO,DESCONHECIDO,DESCONHECIDO,2023,0,0,0,0,0,0,0,0,0,0,0,0,0,0,0,0,1,1,1,1,1,1,1,1,1,1,3,1,1,1,1,3,5,3,3,2,2,2,1,3,1,3,4,2,4,1
RA-267,FASE 4,4H,Aluno-267,Pública,DESCONHECIDO,7.388266666666667,DESCONHECIDO,DESCONHECIDO,DESCONHECIDO,DESCONHECIDO,DESCONHECIDO,Fase 6 (2° EM),-2,DESCONHECIDO,DESCONHECIDO,DESCONHECIDO,2023,0,0,0,0,0,0,0,0,0,0,0,0,0,0,0,0,1,1,1,1,1,1,1,1,1,1,4,1,1,1,1,3,2,2,3,1,1,1,1,1,1,1,4,1,4,1
RA-1189,FASE 4,4H,Aluno-1189,Pública,DESCONHECIDO,7.388266666666667,DESCONHECIDO,DESCONHECIDO,DESCONHECIDO,DESCONHECIDO,DESCONHECIDO,Fase 5 (1° EM),-1,DESCONHECIDO,DESCONHECIDO,DESCONHECIDO,2023,0,0,0,0,0,0,0,0,0,0,0,0,0,0,0,0,1,1,1,1,1,1,1,1,1,1,2,3,1,1,1,3,3,4,3,2,3,2,1,2,1,3,4,2,1,1
RA-295,FASE 4,4L,Aluno-295,Pública,Ametista,7.641016667,DESCONHECIDO,DESCONHECIDO,DESCONHECIDO,DESCONHECIDO,DESCONHECIDO,Fase 5 (1° EM),-1,DESCONHECIDO,DESCONHECIDO,DESCONHECIDO,2023,0,0,0,0,0,0,0,0,0,0,0,0,0,0,0,0,0,1,1,1,1,1,1,1,1,1,3,2,1,1,1,3,3,3,1,4,4,4,2,5,1,4,2,4,1,1
RA-269,FASE 4,4L,Aluno-269,Pública,Topázio,8.116041667,DESCONHECIDO,DESCONHECIDO,DESCONHECIDO,DESCONHECIDO,DESCONHECIDO,Fase 4 (9° ano),0,DESCONHECIDO,DESCONHECIDO,DESCONHECIDO,2023,0,0,0,0,0,0,0,0,0,0,0,0,0,0,0,0,0,1,1,1,1,1,1,1,1,1,3,2,1,1,1,3,5,4,1,4,4,4,2,5,2,4,3,4,1,0
RA-313,FASE 4,4L,Aluno-313,Pública,Ametista,7.011091667,DESCONHECIDO,DESCONHECIDO,DESCONHECIDO,DESCONHECIDO,DESCONHECIDO,Fase 4 (9° ano),0,DESCONHECIDO,DESCONHECIDO,DESCONHECIDO,2023,0,0,0,0,0,0,0,0,0,0,0,0,0,0,0,0,0,1,1,1,1,1,1,1,1,1,3,2,1,1,1,3,4,3,1,1,1,1,1,3,2,3,2,1,1,0
RA-1190,FASE 4,4L,Aluno-1190,Pública,Agata,6.330041667,DESCONHECIDO,DESCONHECIDO,DESCONHECIDO,DESCONHECIDO,DESCONHECIDO,Fase 4 (9° ano),0,DESCONHECIDO,DESCONHECIDO,DESCONHECIDO,2023,0,0,0,0,0,0,0,0,0,0,0,0,0,0,0,0,0,1,1,1,1,1,1,1,1,0,2,3,1,1,1,3,1,4,1,1,1,1,1,2,2,2,1,1,1,0
RA-301,FASE 4,4L,Aluno-301,Pública,Agata,6.760341667,DESCONHECIDO,DESCONHECIDO,DESCONHECIDO,DESCONHECIDO,DESCONHECIDO,Fase 4 (9° ano),0,DESCONHECIDO,DESCONHECIDO,DESCONHECIDO,2023,0,0,0,0,0,0,0,0,0,0,0,0,0,0,0,0,0,1,1,1,1,1,1,1,1,0,2,1,1,1,1,3,4,1,5,2,2,3,1,1,2,1,1,2,4,0
RA-286,FASE 4,4L,Aluno-286,Pública,Quartzo,5.713333333,DESCONHECIDO,DESCONHECIDO,DESCONHECIDO,DESCONHECIDO,DESCONHECIDO,Fase 5 (1° EM),-1,DESCONHECIDO,DESCONHECIDO,DESCONHECIDO,2023,0,0,0,0,0,0,0,0,0,0,0,0,0,0,0,0,0,1,1,1,1,1,1,1,1,0,3,2,1,1,1,3,1,2,1,1,1,1,1,2,1,3,1,1,1,1
RA-1191,FASE 4,4L,Aluno-1191,Pública,Agata,6.175333333,DESCONHECIDO,DESCONHECIDO,DESCONHECIDO,DESCONHECIDO,DESCONHECIDO,Fase 4 (9° ano),0,DESCONHECIDO,DESCONHECIDO,DESCONHECIDO,2023,0,0,0,0,0,0,0,0,0,0,0,0,0,0,0,0,0,1,1,1,1,1,1,1,1,0,2,3,1,1,1,3,1,2,1,1,1,1,1,1,2,1,1,1,1,0
RA-1192,FASE 4,4L,Aluno-1192,Pública,Agata,6.780741667,DESCONHECIDO,DESCONHECIDO,DESCONHECIDO,DESCONHECIDO,DESCONHECIDO,Fase 5 (1° EM),-1,DESCONHECIDO,DESCONHECIDO,DESCONHECIDO,2023,0,0,0,0,0,0,0,0,0,0,0,0,0,0,0,0,0,1,1,1,1,1,1,1,1,0,3,3,1,1,1,3,2,3,1,2,2,2,2,3,1,3,1,2,1,1
RA-174,FASE 4,4L,Aluno-174,Pública,Agata,6.1242,DESCONHECIDO,DESCONHECIDO,DESCONHECIDO,DESCONHECIDO,DESCONHECIDO,Fase 6 (2° EM),-2,DESCONHECIDO,DESCONHECIDO,DESCONHECIDO,2023,0,0,0,0,0,0,0,0,0,0,0,0,0,0,0,0,0,1,1,1,1,1,1,1,1,0,4,1,1,1,1,3,2,1,1,2,1,4,1,2,1,2,1,1,4,1
RA-1193,FASE 4,4L,Aluno-1193,Pública,Agata,6.018083333,DESCONHECIDO,DESCONHECIDO,DESCONHECIDO,DESCONHECIDO,DESCONHECIDO,Fase 4 (9° ano),0,DESCONHECIDO,DESCONHECIDO,DESCONHECIDO,2023,0,0,0,0,0,0,0,0,0,0,0,0,0,0,0,0,0,1,1,1,1,1,1,1,1,0,2,3,1,1,1,3,1,2,1,1,1,1,1,2,2,1,1,1,1,0
RA-308,FASE 4,4L,Aluno-308,Pública,Agata,6.578558333,DESCONHECIDO,DESCONHECIDO,DESCONHECIDO,DESCONHECIDO,DESCONHECIDO,Fase 4 (9° ano),0,DESCONHECIDO,DESCONHECIDO,DESCONHECIDO,2023,0,0,0,0,0,0,0,0,0,0,0,0,0,0,0,0,0,1,1,1,1,1,1,1,1,0,3,1,1,1,1,3,1,1,1,2,2,2,1,3,2,1,1,1,4,0
RA-152,FASE 4,4M,Aluno-152,Pública,Agata,6.30695,DESCONHECIDO,DESCONHECIDO,DESCONHECIDO,DESCONHECIDO,DESCONHECIDO,Fase 6 (2° EM),-2,DESCONHECIDO,DESCONHECIDO,DESCONHECIDO,2023,0,0,0,0,0,0,0,0,0,0,0,0,0,0,0,0,0,1,1,1,1,1,1,1,1,0,4,2,1,1,1,3,2,2,1,1,1,1,1,3,1,3,1,1,1,1
RA-270,FASE 4,4M,Aluno-270,Privada - Programa de Apadrinhamento,Ametista,7.982633333,DESCONHECIDO,DESCONHECIDO,DESCONHECIDO,DESCONHECIDO,DESCONHECIDO,Fase 4 (9° ano),0,DESCONHECIDO,DESCONHECIDO,DESCONHECIDO,2023,0,0,0,0,0,0,0,0,0,0,0,0,0,0,0,0,0,1,1,1,1,1,1,1,1,1,3,1,1,1,1,3,4,4,1,3,4,2,1,5,2,4,2,3,4,0
RA-271,FASE 4,4M,Aluno-271,Pública,Agata,6.140333333,DESCONHECIDO,DESCONHECIDO,DESCONHECIDO,DESCONHECIDO,DESCONHECIDO,Fase 6 (2° EM),-2,DESCONHECIDO,DESCONHECIDO,DESCONHECIDO,2023,0,0,0,0,0,0,0,0,0,0,0,0,0,0,0,0,0,1,1,1,1,1,1,1,1,0,4,2,1,1,1,3,1,4,1,2,1,3,1,3,1,3,1,2,1,1
RA-299,FASE 4,4M,Aluno-299,Privada - Programa de Apadrinhamento,Agata,6.796541667,DESCONHECIDO,DESCONHECIDO,DESCONHECIDO,DESCONHECIDO,DESCONHECIDO,Fase 4 (9° ano),0,DESCONHECIDO,DESCONHECIDO,DESCONHECIDO,2023,0,0,0,0,0,0,0,0,0,0,0,0,0,0,0,0,0,1,1,1,1,1,1,1,1,0,3,1,1,1,1,3,1,5,1,2,2,4,1,4,2,3,1,2,4,0
RA-316,FASE 4,4M,Aluno-316,Pública,Topázio,8.436908333,DESCONHECIDO,DESCONHECIDO,DESCONHECIDO,DESCONHECIDO,DESCONHECIDO,Fase 4 (9° ano),0,DESCONHECIDO,DESCONHECIDO,DESCONHECIDO,2023,0,0,0,0,0,0,0,0,0,0,0,0,0,0,0,0,0,1,1,1,1,1,1,1,1,1,3,2,1,1,1,3,5,4,5,2,3,2,1,5,2,4,3,2,1,0
RA-318,FASE 4,4M,Aluno-318,Pública,Agata,6.856575,DESCONHECIDO,DESCONHECIDO,DESCONHECIDO,DESCONHECIDO,DESCONHECIDO,Fase 5 (1° EM),-1,DESCONHECIDO,DESCONHECIDO,DESCONHECIDO,2023,0,0,0,0,0,0,0,0,0,0,0,0,0,0,0,0,0,1,1,1,1,1,1,1,1,0,3,1,1,1,1,3,2,2,2,2,2,1,1,3,1,3,1,1,4,1
RA-274,FASE 4,4M,Aluno-274,Privada - Programa de Apadrinhamento,Topázio,8.137625,DESCONHECIDO,DESCONHECIDO,DESCONHECIDO,DESCONHECIDO,DESCONHECIDO,Fase 3 (7° e 8° ano),1,DESCONHECIDO,DESCONHECIDO,DESCONHECIDO,2023,0,0,0,0,0,0,0,0,0,0,0,0,0,0,0,0,0,1,1,1,1,1,1,1,1,1,2,1,1,1,1,3,1,4,2,4,4,4,2,4,2,3,3,4,4,0
RA-320,FASE 4,4M,Aluno-320,Pública,Topázio,8.393508333,DESCONHECIDO,DESCONHECIDO,DESCONHECIDO,DESCONHECIDO,DESCONHECIDO,Fase 4 (9° ano),0,DESCONHECIDO,DESCONHECIDO,DESCONHECIDO,2023,0,0,0,0,0,0,0,0,0,0,0,0,0,0,0,0,0,1,1,1,1,1,1,1,1,1,3,2,1,1,1,3,4,5,5,2,2,2,1,5,2,4,3,2,1,0
RA-277,FASE 4,4M,Aluno-277,Pública,Ametista,7.7284,DESCONHECIDO,DESCONHECIDO,DESCONHECIDO,DESCONHECIDO,DESCONHECIDO,Fase 5 (1° EM),-1,DESCONHECIDO,DESCONHECIDO,DESCONHECIDO,2023,0,0,0,0,0,0,0,0,0,0,0,0,0,0,0,0,0,1,1,1,1,1,1,1,1,1,2,1,1,1,1,3,2,5,5,2,2,2,1,5,1,3,2,2,2,1
RA-278,FASE 4,4M,Aluno-278,Pública,Ametista,7.1935,DESCONHECIDO,DESCONHECIDO,DESCONHECIDO,DESCONHECIDO,DESCONHECIDO,Fase 3 (7° e 8° ano),1,DESCONHECIDO,DESCONHECIDO,DESCONHECIDO,2023,0,0,0,0,0,0,0,0,0,0,0,0,0,0,0,0,0,1,1,1,1,1,1,1,1,1,3,1,1,1,1,3,1,5,2,2,2,2,1,5,2,4,2,2,4,0
RA-291,FASE 4,4M,Aluno-291,Privada - Programa de Apadrinhamento,Topázio,8.493058333,DESCONHECIDO,DESCONHECIDO,DESCONHECIDO,DESCONHECIDO,DESCONHECIDO,Fase 4 (9° ano),0,DESCONHECIDO,DESCONHECIDO,DESCONHECIDO,2023,0,0,0,0,0,0,0,0,0,0,0,0,0,0,0,0,0,1,1,1,1,1,1,1,1,1,3,2,1,1,1,3,3,3,5,4,4,3,1,5,2,4,3,4,1,0
RA-306,FASE 4,4M,Aluno-306,Pública,Quartzo,5.732375,DESCONHECIDO,DESCONHECIDO,DESCONHECIDO,DESCONHECIDO,DESCONHECIDO,Fase 5 (1° EM),-1,DESCONHECIDO,DESCONHECIDO,DESCONHECIDO,2023,0,0,0,0,0,0,0,0,0,0,0,0,0,0,0,0,0,1,1,1,1,1,1,1,1,0,2,1,1,1,1,3,1,2,2,1,2,1,1,2,1,2,1,1,2,1
RA-279,FASE 4,4M,Aluno-279,Pública,Topázio,9.006266667,DESCONHECIDO,DESCONHECIDO,DESCONHECIDO,DESCONHECIDO,DESCONHECIDO,Fase 4 (9° ano),0,DESCONHECIDO,DESCONHECIDO,DESCONHECIDO,2023,0,0,0,0,0,0,0,0,0,0,0,0,0,0,0,0,0,1,1,1,1,1,1,1,1,1,3,1,1,1,1,3,3,5,2,5,5,5,2,5,2,4,3,5,4,0
RA-280,FASE 4,4M,Aluno-280,Privada - Programa de Apadrinhamento,Topázio,8.189225,DESCONHECIDO,DESCONHECIDO,DESCONHECIDO,DESCONHECIDO,DESCONHECIDO,Fase 4 (9° ano),0,DESCONHECIDO,DESCONHECIDO,DESCONHECIDO,2023,0,0,0,0,0,0,0,0,0,0,0,0,0,0,0,0,0,1,1,1,1,1,1,1,1,1,2,1,1,1,1,3,1,4,5,3,3,4,1,5,2,4,3,3,2,0
RA-276,FASE 4,4M,Aluno-276,Privada - Programa de Apadrinhamento,Agata,6.690458333,DESCONHECIDO,DESCONHECIDO,DESCONHECIDO,DESCONHECIDO,DESCONHECIDO,Fase 4 (9° ano),0,DESCONHECIDO,DESCONHECIDO,DESCONHECIDO,2023,0,0,0,0,0,0,0,0,0,0,0,0,0,0,0,0,0,1,1,1,1,1,1,1,1,0,2,1,1,1,1,3,1,3,1,2,1,1,2,1,2,1,1,2,4,0
RA-285,FASE 4,4N,Aluno-285,Pública,Quartzo,5.380358333,DESCONHECIDO,DESCONHECIDO,DESCONHECIDO,DESCONHECIDO,DESCONHECIDO,Fase 7 (3° EM),-3,DESCONHECIDO,DESCONHECIDO,DESCONHECIDO,2023,0,0,0,0,0,0,0,0,0,0,0,0,0,0,0,0,0,1,1,1,1,1,1,1,1,0,4,1,1,1,1,3,2,1,1,1,1,2,1,2,1,3,1,1,3,1
RA-1194,FASE 4,4N,Aluno-1194,Pública,Ametista,7.671933333,DESCONHECIDO,DESCONHECIDO,DESCONHECIDO,DESCONHECIDO,DESCONHECIDO,Fase 3 (7° e 8° ano),1,DESCONHECIDO,DESCONHECIDO,DESCONHECIDO,2023,0,0,0,0,0,0,0,0,0,0,0,0,0,0,0,0,0,1,1,1,1,1,1,1,1,1,3,3,1,1,1,3,3,4,1,2,2,1,2,3,2,2,2,2,1,0
RA-287,FASE 4,4N,Aluno-287,Pública,Quartzo,3.745541667,DESCONHECIDO,DESCONHECIDO,DESCONHECIDO,DESCONHECIDO,DESCONHECIDO,Fase 8 (Universitários),-4,DESCONHECIDO,DESCONHECIDO,DESCONHECIDO,2023,0,0,0,0,0,0,0,0,0,0,0,0,0,0,0,0,0,1,1,1,1,1,1,1,1,0,4,2,1,1,1,3,1,1,1,1,1,1,1,1,1,1,1,1,1,1
RA-319,FASE 4,4N,Aluno-319,Concluiu o 3º EM,Topázio,8.367208333,DESCONHECIDO,DESCONHECIDO,DESCONHECIDO,DESCONHECIDO,DESCONHECIDO,Fase 4 (9° ano),0,DESCONHECIDO,DESCONHECIDO,DESCONHECIDO,2023,0,0,0,0,0,0,0,0,0,0,0,0,0,0,0,0,0,1,1,1,1,1,1,1,1,1,2,2,1,1,1,3,5,4,1,4,2,2,2,5,2,4,3,4,1,0
RA-321,FASE 4,4N,Aluno-321,Pública,Ametista,7.695233333,DESCONHECIDO,DESCONHECIDO,DESCONHECIDO,DESCONHECIDO,DESCONHECIDO,Fase 3 (7° e 8° ano),1,DESCONHECIDO,DESCONHECIDO,DESCONHECIDO,2023,0,0,0,0,0,0,0,0,0,0,0,0,0,0,0,0,0,1,1,1,1,1,1,1,1,1,3,2,1,1,1,3,2,4,1,2,2,2,1,5,2,3,2,2,1,0
RA-1195,FASE 4,4N,Aluno-1195,Pública,Quartzo,5.677291667,DESCONHECIDO,DESCONHECIDO,DESCONHECIDO,DESCONHECIDO,DESCONHECIDO,Fase 7 (3° EM),-3,DESCONHECIDO,DESCONHECIDO,DESCONHECIDO,2023,0,0,0,0,0,0,0,0,0,0,0,0,0,0,0,0,0,1,1,1,1,1,1,1,1,0,2,2,1,1,1,3,1,3,1,2,1,1,2,4,1,4,1,2,1,1
RA-159,FASE 4,4N,Aluno-159,Pública,Agata,6.805033333,DESCONHECIDO,DESCONHECIDO,DESCONHECIDO,DESCONHECIDO,DESCONHECIDO,Fase 6 (2° EM),-2,DESCONHECIDO,DESCONHECIDO,DESCONHECIDO,2023,0,0,0,0,0,0,0,0,0,0,0,0,0,0,0,0,0,1,1,1,1,1,1,1,1,0,4,1,1,1,1,3,2,2,1,3,2,2,2,4,1,3,1,2,2,1
RA-322,FASE 4,4N,Aluno-322,Pública,Ametista,7.037808333,DESCONHECIDO,DESCONHECIDO,DESCONHECIDO,DESCONHECIDO,DESCONHECIDO,Fase 4 (9° ano),0,DESCONHECIDO,DESCONHECIDO,DESCONHECIDO,2023,0,0,0,0,0,0,0,0,0,0,0,0,0,0,0,0,0,1,1,1,1,1,1,1,1,1,3,2,1,1,1,3,1,3,1,2,1,2,1,4,2,3,2,2,1,0
RA-251,FASE 4,4N,Aluno-251,Pública,Agata,6.665208333,DESCONHECIDO,DESCONHECIDO,DESCONHECIDO,DESCONHECIDO,DESCONHECIDO,Fase 5 (1° EM),-1,DESCONHECIDO,DESCONHECIDO,DESCONHECIDO,2023,0,0,0,0,0,0,0,0,0,0,0,0,0,0,0,0,0,1,1,1,1,1,1,1,1,0,2,1,1,1,1,3,5,2,1,2,2,2,1,4,1,2,1,2,4,1
RA-116,FASE 5,5A,Aluno-116,Pública,Agata,6.433075,DESCONHECIDO,DESCONHECIDO,DESCONHECIDO,DESCONHECIDO,DESCONHECIDO,Fase 7 (3° EM),-2,DESCONHECIDO,DESCONHECIDO,DESCONHECIDO,2023,0,0,0,0,0,0,0,0,0,0,0,0,0,0,0,0,0,1,1,1,1,1,1,1,1,0,4,1,1,1,1,3,1,2,1,1,1,1,2,3,1,3,1,1,4,1
RA-103,FASE 5,5A,Aluno-103,Privada - Programa de Apadrinhamento,Topázio,8.0239,DESCONHECIDO,DESCONHECIDO,DESCONHECIDO,DESCONHECIDO,DESCONHECIDO,Fase 4 (9° ano),1,DESCONHECIDO,DESCONHECIDO,DESCONHECIDO,2023,0,0,0,0,0,0,0,0,0,0,0,0,0,0,0,0,0,1,1,1,1,1,1,1,1,1,3,1,1,1,1,3,2,4,1,4,4,2,2,4,2,3,3,4,3,0
RA-42,FASE 5,5A,Aluno-42,Privada - Programa de Apadrinhamento,Agata,6.794516667,DESCONHECIDO,DESCONHECIDO,DESCONHECIDO,DESCONHECIDO,DESCONHECIDO,Fase 6 (2° EM),-1,DESCONHECIDO,DESCONHECIDO,DESCONHECIDO,2023,0,0,0,0,0,0,0,0,0,0,0,0,0,0,0,0,0,1,1,1,1,1,1,1,1,0,2,1,1,1,1,3,3,3,2,2,3,1,1,1,1,1,1,2,4,1
RA-121,FASE 5,5A,Aluno-121,Pública,Agata,6.811875,DESCONHECIDO,DESCONHECIDO,DESCONHECIDO,DESCONHECIDO,DESCONHECIDO,Fase 6 (2° EM),-1,DESCONHECIDO,DESCONHECIDO,DESCONHECIDO,2023,0,0,0,0,0,0,0,0,0,0,0,0,0,0,0,0,0,1,1,1,1,1,1,1,1,0,2,1,1,1,1,3,1,3,1,2,2,2,2,2,1,2,1,2,2,1
RA-106,FASE 5,5A,Aluno-106,Privada - Programa de Apadrinhamento,Ametista,7.769658333,DESCONHECIDO,DESCONHECIDO,DESCONHECIDO,DESCONHECIDO,DESCONHECIDO,Fase 5 (1° EM),0,DESCONHECIDO,DESCONHECIDO,DESCONHECIDO,2023,0,0,0,0,0,0,0,0,0,0,0,0,0,0,0,0,0,1,1,1,1,1,1,1,1,1,3,1,1,1,1,3,2,4,1,4,3,3,2,3,2,1,2,4,4,0
RA-123,FASE 5,5A,Aluno-123,Privada - Programa de Apadrinhamento,Agata,6.068333333,DESCONHECIDO,DESCONHECIDO,DESCONHECIDO,DESCONHECIDO,DESCONHECIDO,Fase 7 (3° EM),-2,DESCONHECIDO,DESCONHECIDO,DESCONHECIDO,2023,0,0,0,0,0,0,0,0,0,0,0,0,0,0,0,0,0,1,1,1,1,1,1,1,1,0,4,1,1,1,1,3,1,4,1,2,2,2,1,2,1,1,1,2,4,1
RA-46,FASE 5,5A,Aluno-46,Pública,Quartzo,5.545383333,DESCONHECIDO,DESCONHECIDO,DESCONHECIDO,DESCONHECIDO,DESCONHECIDO,Fase 8 (Universitários),-3,DESCONHECIDO,DESCONHECIDO,DESCONHECIDO,2023,0,0,0,0,0,0,0,0,0,0,0,0,0,0,0,0,0,1,1,1,1,1,1,1,1,0,4,2,1,1,1,3,1,2,1,1,1,1,2,1,1,1,1,1,1,1
RA-125,FASE 5,5A,Aluno-125,Privada,Agata,6.989633333,DESCONHECIDO,DESCONHECIDO,DESCONHECIDO,DESCONHECIDO,DESCONHECIDO,Fase 6 (2° EM),-1,DESCONHECIDO,DESCONHECIDO,DESCONHECIDO,2023,0,0,0,0,0,0,0,0,0,0,0,0,0,0,0,0,0,1,1,1,1,1,1,1,1,0,4,2,1,1,1,3,4,2,1,2,1,2,2,4,1,3,1,2,1,1
RA-110,FASE 5,5A,Aluno-110,Privada - Programa de Apadrinhamento,Topázio,8.0879,DESCONHECIDO,DESCONHECIDO,DESCONHECIDO,DESCONHECIDO,DESCONHECIDO,Fase 5 (1° EM),0,DESCONHECIDO,DESCONHECIDO,DESCONHECIDO,2023,0,0,0,0,0,0,0,0,0,0,0,0,0,0,0,0,0,1,1,1,1,1,1,1,1,1,3,1,1,1,1,3,2,3,1,4,5,2,2,4,2,4,3,4,4,0
RA-128,FASE 5,5A,Aluno-128,Privada,Agata,6.503908333,DESCONHECIDO,DESCONHECIDO,DESCONHECIDO,DESCONHECIDO,DESCONHECIDO,Fase 6 (2° EM),-1,DESCONHECIDO,DESCONHECIDO,DESCONHECIDO,2023,0,0,0,0,0,0,0,0,0,0,0,0,0,0,0,0,0,1,1,1,1,1,1,1,1,0,4,1,1,1,1,3,1,2,1,2,3,1,1,3,1,2,1,2,4,1
RA-143,FASE 5,5A,Aluno-143,Privada - Programa de Apadrinhamento,Ametista,7.794358333,DESCONHECIDO,DESCONHECIDO,DESCONHECIDO,DESCONHECIDO,DESCONHECIDO,Fase 4 (9° ano),1,DESCONHECIDO,DESCONHECIDO,DESCONHECIDO,2023,0,0,0,0,0,0,0,0,0,0,0,0,0,0,0,0,0,1,1,1,1,1,1,1,1,1,2,1,1,1,1,3,2,5,1,3,5,1,1,4,2,4,2,3,4,0
RA-111,FASE 5,5A,Aluno-111,Privada - Programa de Apadrinhamento,Ametista,7.566458333,DESCONHECIDO,DESCONHECIDO,DESCONHECIDO,DESCONHECIDO,DESCONHECIDO,Fase 4 (9° ano),1,DESCONHECIDO,DESCONHECIDO,DESCONHECIDO,2023,0,0,0,0,0,0,0,0,0,0,0,0,0,0,0,0,0,1,1,1,1,1,1,1,1,1,3,1,1,1,1,3,1,3,1,2,2,2,1,4,2,3,2,2,3,0
RA-112,FASE 5,5A,Aluno-112,Privada - Programa de Apadrinhamento,Ametista,7.141308333,DESCONHECIDO,DESCONHECIDO,DESCONHECIDO,DESCONHECIDO,DESCONHECIDO,Fase 6 (2° EM),-1,DESCONHECIDO,DESCONHECIDO,DESCONHECIDO,2023,0,0,0,0,0,0,0,0,0,0,0,0,0,0,0,0,0,1,1,1,1,1,1,1,1,1,2,1,1,1,1,3,1,2,1,4,4,3,2,4,1,3,2,4,4,1
RA-115,FASE 5,5A,Aluno-115,Pública,Agata,6.319141667,DESCONHECIDO,DESCONHECIDO,DESCONHECIDO,DESCONHECIDO,DESCONHECIDO,Fase 6 (2° EM),-1,DESCONHECIDO,DESCONHECIDO,DESCONHECIDO,2023,0,0,0,0,0,0,0,0,0,0,0,0,0,0,0,0,0,1,1,1,1,1,1,1,1,0,4,1,1,1,1,3,3,2,1,1,1,1,1,2,1,2,1,1,4,1
RA-1196,FASE 5,5B,Aluno-1196,Privada,Ametista,7.03025,DESCONHECIDO,DESCONHECIDO,DESCONHECIDO,DESCONHECIDO,DESCONHECIDO,Fase 5 (1° EM),0,DESCONHECIDO,DESCONHECIDO,DESCONHECIDO,2023,0,0,0,0,0,0,0,0,0,0,0,0,0,0,0,0,0,1,1,1,1,1,1,1,1,1,3,3,1,1,1,3,1,2,1,4,4,2,2,4,2,3,2,4,1,0
RA-52,FASE 5,5B,Aluno-52,Privada - Programa de Apadrinhamento,Ametista,7.9642,DESCONHECIDO,DESCONHECIDO,DESCONHECIDO,DESCONHECIDO,DESCONHECIDO,Fase 4 (9° ano),1,DESCONHECIDO,DESCONHECIDO,DESCONHECIDO,2023,0,0,0,0,0,0,0,0,0,0,0,0,0,0,0,0,0,1,1,1,1,1,1,1,1,1,2,1,1,1,1,3,5,5,1,3,4,1,1,4,2,3,2,3,4,0
RA-1197,FASE 5,5B,Aluno-1197,Pública,Agata,6.946058333,DESCONHECIDO,DESCONHECIDO,DESCONHECIDO,DESCONHECIDO,DESCONHECIDO,Fase 6 (2° EM),-1,DESCONHECIDO,DESCONHECIDO,DESCONHECIDO,2023,0,0,0,0,0,0,0,0,0,0,0,0,0,0,0,0,0,1,1,1,1,1,1,1,1,0,4,3,1,1,1,3,1,3,1,4,2,4,2,2,1,1,1,4,1,1
RA-108,FASE 5,5B,Aluno-108,Concluiu o 3º EM,Quartzo,4.9308,DESCONHECIDO,DESCONHECIDO,DESCONHECIDO,DESCONHECIDO,DESCONHECIDO,Fase 7 (3° EM),-2,DESCONHECIDO,DESCONHECIDO,DESCONHECIDO,2023,0,0,0,0,0,0,0,0,0,0,0,0,0,0,0,0,0,1,1,1,1,1,1,1,1,0,2,1,1,1,1,3,1,2,1,1,1,1,1,1,1,1,1,1,4,1
RA-1198,FASE 5,5B,Aluno-1198,Pública,Ametista,7.515233333,DESCONHECIDO,DESCONHECIDO,DESCONHECIDO,DESCONHECIDO,DESCONHECIDO,Fase 6 (2° EM),-1,DESCONHECIDO,DESCONHECIDO,DESCONHECIDO,2023,0,0,0,0,0,0,0,0,0,0,0,0,0,0,0,0,0,1,1,1,1,1,1,1,1,1,2,3,1,1,1,3,2,4,2,3,4,1,2,4,1,2,2,3,1,1
RA-127,FASE 5,5B,Aluno-127,Pública,Ametista,7.91935,DESCONHECIDO,DESCONHECIDO,DESCONHECIDO,DESCONHECIDO,DESCONHECIDO,Fase 5 (1° EM),0,DESCONHECIDO,DESCONHECIDO,DESCONHECIDO,2023,0,0,0,0,0,0,0,0,0,0,0,0,0,0,0,0,0,1,1,1,1,1,1,1,1,1,3,2,1,1,1,3,3,2,2,3,2,2,2,5,2,4,2,3,1,0
RA-114,FASE 5,5B,Aluno-114,Pública,Quartzo,5.335,DESCONHECIDO,DESCONHECIDO,DESCONHECIDO,DESCONHECIDO,DESCONHECIDO,Fase 7 (3° EM),-2,DESCONHECIDO,DESCONHECIDO,DESCONHECIDO,2023,0,0,0,0,0,0,0,0,0,0,0,0,0,0,0,0,0,1,1,1,1,1,1,1,1,0,2,2,1,1,1,3,1,1,1,2,1,1,2,2,1,2,1,2,1,1
RA-146,FASE 5,5C,Aluno-146,Pública,Ametista,7.584483333,DESCONHECIDO,DESCONHECIDO,DESCONHECIDO,DESCONHECIDO,DESCONHECIDO,Fase 6 (2° EM),-1,DESCONHECIDO,DESCONHECIDO,DESCONHECIDO,2023,0,0,0,0,0,0,0,0,0,0,0,0,0,0,0,0,0,1,1,1,1,1,1,1,1,1,2,2,1,1,1,3,1,4,1,4,4,2,2,4,1,4,2,5,1,1
RA-1199,FASE 5,5C,Aluno-1199,Pública,Ametista,7.024933333,DESCONHECIDO,DESCONHECIDO,DESCONHECIDO,DESCONHECIDO,DESCONHECIDO,Fase 7 (3° EM),-2,DESCONHECIDO,DESCONHECIDO,DESCONHECIDO,2023,0,0,0,0,0,0,0,0,0,0,0,0,0,0,0,0,0,1,1,1,1,1,1,1,1,1,2,3,1,1,1,3,1,4,1,2,3,1,1,4,1,1,2,2,1,1
RA-70,FASE 5,5C,Aluno-70,Pública,Agata,6.869133333,DESCONHECIDO,DESCONHECIDO,DESCONHECIDO,DESCONHECIDO,DESCONHECIDO,Fase 7 (3° EM),-2,DESCONHECIDO,DESCONHECIDO,DESCONHECIDO,2023,0,0,0,0,0,0,0,0,0,0,0,0,0,0,0,0,0,1,1,1,1,1,1,1,1,0,4,1,1,1,1,3,4,4,1,1,1,1,1,3,1,2,1,1,4,1
RA-107,FASE 5,5C,Aluno-107,Pública,Agata,6.845208333,DESCONHECIDO,DESCONHECIDO,DESCONHECIDO,DESCONHECIDO,DESCONHECIDO,Fase 5 (1° EM),0,DESCONHECIDO,DESCONHECIDO,DESCONHECIDO,2023,0,0,0,0,0,0,0,0,0,0,0,0,0,0,0,0,0,1,1,1,1,1,1,1,1,0,3,1,1,1,1,3,1,3,1,3,2,2,2,3,2,2,1,4,4,0
RA-1200,FASE 5,5C,Aluno-1200,Pública,Quartzo,5.711166667,DESCONHECIDO,DESCONHECIDO,DESCONHECIDO,DESCONHECIDO,DESCONHECIDO,Fase 5 (1° EM),0,DESCONHECIDO,DESCONHECIDO,DESCONHECIDO,2023,0,0,0,0,0,0,0,0,0,0,0,0,0,0,0,0,0,1,1,1,1,1,1,1,1,0,3,3,1,1,1,3,1,1,1,1,1,1,1,2,2,2,1,1,1,0
RA-151,FASE 5,5C,Aluno-151,Pública,Agata,6.892541667,DESCONHECIDO,DESCONHECIDO,DESCONHECIDO,DESCONHECIDO,DESCONHECIDO,Fase 7 (3° EM),-2,DESCONHECIDO,DESCONHECIDO,DESCONHECIDO,2023,0,0,0,0,0,0,0,0,0,0,0,0,0,0,0,0,0,1,1,1,1,1,1,1,1,0,4,1,1,1,1,3,1,2,5,4,3,3,2,4,1,4,1,5,3,1
RA-85,FASE 5,5C,Aluno-85,Pública,Ametista,7.08435,DESCONHECIDO,DESCONHECIDO,DESCONHECIDO,DESCONHECIDO,DESCONHECIDO,Fase 6 (2° EM),-1,DESCONHECIDO,DESCONHECIDO,DESCONHECIDO,2023,0,0,0,0,0,0,0,0,0,0,0,0,0,0,0,0,0,1,1,1,1,1,1,1,1,1,4,2,1,1,1,3,3,3,2,2,2,1,2,4,1,1,2,2,1,1
RA-1201,FASE 5,5C,Aluno-1201,Pública,Topázio,8.378008333,DESCONHECIDO,DESCONHECIDO,DESCONHECIDO,DESCONHECIDO,DESCONHECIDO,Fase 5 (1° EM),0,DESCONHECIDO,DESCONHECIDO,DESCONHECIDO,2023,0,0,0,0,0,0,0,0,0,0,0,0,0,0,0,0,0,1,1,1,1,1,1,1,1,1,3,3,1,1,1,3,4,5,1,4,5,3,2,5,2,4,3,5,1,0
RA-131,FASE 5,5F,Aluno-131,Pública,Quartzo,5.952358333,DESCONHECIDO,DESCONHECIDO,DESCONHECIDO,DESCONHECIDO,DESCONHECIDO,Fase 6 (2° EM),-1,DESCONHECIDO,DESCONHECIDO,DESCONHECIDO,2023,0,0,0,0,0,0,0,0,0,0,0,0,0,0,0,0,0,1,1,1,1,1,1,1,1,0,4,1,1,1,1,3,2,2,1,1,1,1,1,1,1,3,1,1,4,1
RA-132,FASE 5,5F,Aluno-132,Privada - Programa de Apadrinhamento,Ametista,7.350625,DESCONHECIDO,DESCONHECIDO,DESCONHECIDO,DESCONHECIDO,DESCONHECIDO,Fase 5 (1° EM),0,DESCONHECIDO,DESCONHECIDO,DESCONHECIDO,2023,0,0,0,0,0,0,0,0,0,0,0,0,0,0,0,0,0,1,1,1,1,1,1,1,1,1,3,1,1,1,1,3,1,3,1,3,3,3,1,3,2,3,2,3,4,0
RA-133,FASE 5,5F,Aluno-133,Pública,Agata,6.168416667,DESCONHECIDO,DESCONHECIDO,DESCONHECIDO,DESCONHECIDO,DESCONHECIDO,Fase 6 (2° EM),-1,DESCONHECIDO,DESCONHECIDO,DESCONHECIDO,2023,0,0,0,0,0,0,0,0,0,0,0,0,0,0,0,0,0,1,1,1,1,1,1,1,1,0,4,1,1,1,1,3,1,2,1,2,2,1,1,1,1,1,1,2,4,1
RA-104,FASE 5,5F,Aluno-104,Pública,Quartzo,4.25,DESCONHECIDO,DESCONHECIDO,DESCONHECIDO,DESCONHECIDO,DESCONHECIDO,Fase 8 (Universitários),-3,DESCONHECIDO,DESCONHECIDO,DESCONHECIDO,2023,0,0,0,0,0,0,0,0,0,0,0,0,0,0,0,0,0,1,1,1,1,1,1,1,1,0,2,2,1,1,1,3,1,2,1,1,1,1,1,1,1,1,1,1,1,1
RA-137,FASE 5,5F,Aluno-137,Privada - Programa de Apadrinhamento,Quartzo,5.937025,DESCONHECIDO,DESCONHECIDO,DESCONHECIDO,DESCONHECIDO,DESCONHECIDO,Fase 7 (3° EM),-2,DESCONHECIDO,DESCONHECIDO,DESCONHECIDO,2023,0,0,0,0,0,0,0,0,0,0,0,0,0,0,0,0,0,1,1,1,1,1,1,1,1,0,4,1,1,1,1,3,1,1,1,2,4,1,1,2,1,1,1,2,4,1
RA-144,FASE 5,5F,Aluno-144,Privada - Programa de Apadrinhamento,Quartzo,4.990333333,DESCONHECIDO,DESCONHECIDO,DESCONHECIDO,DESCONHECIDO,DESCONHECIDO,Fase 4 (9° ano),1,DESCONHECIDO,DESCONHECIDO,DESCONHECIDO,2023,0,0,0,0,0,0,0,0,0,0,0,0,0,0,0,0,0,1,1,1,1,1,1,1,1,0,3,1,1,1,1,3,1,1,1,1,1,1,2,1,2,1,1,1,4,0
RA-1202,FASE 5,5F,Aluno-1202,Pública,Agata,6.202008333,DESCONHECIDO,DESCONHECIDO,DESCONHECIDO,DESCONHECIDO,DESCONHECIDO,Fase 6 (2° EM),-1,DESCONHECIDO,DESCONHECIDO,DESCONHECIDO,2023,0,0,0,0,0,0,0,0,0,0,0,0,0,0,0,0,0,1,1,1,1,1,1,1,1,0,4,3,1,1,1,3,1,2,5,1,1,1,1,1,1,2,1,1,1,1
RA-90,FASE 5,5L,Aluno-90,Privada - Programa de Apadrinhamento,Topázio,8.699408333,DESCONHECIDO,DESCONHECIDO,DESCONHECIDO,DESCONHECIDO,DESCONHECIDO,Fase 4 (9° ano),1,DESCONHECIDO,DESCONHECIDO,DESCONHECIDO,2023,0,0,0,0,0,0,0,0,0,0,0,0,0,0,0,0,0,1,1,1,1,1,1,1,1,1,3,1,1,1,1,3,5,5,5,4,3,3,2,4,2,4,3,4,4,0
RA-167,FASE 5,5L,Aluno-167,Privada - Programa de Apadrinhamento,Ametista,7.806141667,DESCONHECIDO,DESCONHECIDO,DESCONHECIDO,DESCONHECIDO,DESCONHECIDO,Fase 7 (3° EM),-2,DESCONHECIDO,DESCONHECIDO,DESCONHECIDO,2023,0,0,0,0,0,0,0,0,0,0,0,0,0,0,0,0,0,1,1,1,1,1,1,1,1,1,2,1,1,1,1,3,3,5,1,4,5,4,2,4,1,3,2,5,4,1
RA-168,FASE 5,5L,Aluno-168,Privada - Programa de Apadrinhamento,Agata,6.483083333,DESCONHECIDO,DESCONHECIDO,DESCONHECIDO,DESCONHECIDO,DESCONHECIDO,Fase 5 (1° EM),0,DESCONHECIDO,DESCONHECIDO,DESCONHECIDO,2023,0,0,0,0,0,0,0,0,0,0,0,0,0,0,0,0,0,1,1,1,1,1,1,1,1,0,3,1,1,1,1,3,1,5,3,1,1,1,1,1,2,1,1,1,4,0
RA-1203,FASE 5,5L,Aluno-1203,Pública,Ametista,7.487841667,DESCONHECIDO,DESCONHECIDO,DESCONHECIDO,DESCONHECIDO,DESCONHECIDO,Fase 6 (2° EM),-1,DESCONHECIDO,DESCONHECIDO,DESCONHECIDO,2023,0,0,0,0,0,0,0,0,0,0,0,0,0,0,0,0,0,1,1,1,1,1,1,1,1,1,2,3,1,1,1,3,4,5,1,4,3,2,2,4,1,3,2,4,1,1
RA-155,FASE 5,5L,Aluno-155,Pública,Agata,6.318991667,DESCONHECIDO,DESCONHECIDO,DESCONHECIDO,DESCONHECIDO,DESCONHECIDO,Fase 7 (3° EM),-2,DESCONHECIDO,DESCONHECIDO,DESCONHECIDO,2023,0,0,0,0,0,0,0,0,0,0,0,0,0,0,0,0,0,1,1,1,1,1,1,1,1,0,4,2,1,1,1,3,2,2,1,1,2,1,1,1,1,1,1,1,1,1
RA-94,FASE 5,5L,Aluno-94,Privada - Programa de Apadrinhamento,Ametista,7.289333333,DESCONHECIDO,DESCONHECIDO,DESCONHECIDO,DESCONHECIDO,DESCONHECIDO,Fase 6 (2° EM),-1,DESCONHECIDO,DESCONHECIDO,DESCONHECIDO,2023,0,0,0,0,0,0,0,0,0,0,0,0,0,0,0,0,0,1,1,1,1,1,1,1,1,1,2,1,1,1,1,3,1,5,1,4,4,1,2,4,1,4,2,4,4,1
RA-81,FASE 5,5L,Aluno-81,Privada - Programa de Apadrinhamento,Ametista,7.45425,DESCONHECIDO,DESCONHECIDO,DESCONHECIDO,DESCONHECIDO,DESCONHECIDO,Fase 5 (1° EM),0,DESCONHECIDO,DESCONHECIDO,DESCONHECIDO,2023,0,0,0,0,0,0,0,0,0,0,0,0,0,0,0,0,0,1,1,1,1,1,1,1,1,1,3,1,1,1,1,3,5,3,1,3,5,1,1,2,2,3,2,2,4,0
RA-302,FASE 5,5L,Aluno-302,Pública,Quartzo,5.314333333,DESCONHECIDO,DESCONHECIDO,DESCONHECIDO,DESCONHECIDO,DESCONHECIDO,Fase 7 (3° EM),-2,DESCONHECIDO,DESCONHECIDO,DESCONHECIDO,2023,0,0,0,0,0,0,0,0,0,0,0,0,0,0,0,0,0,1,1,1,1,1,1,1,1,0,4,2,1,1,1,3,1,2,1,1,2,1,1,1,1,2,1,1,1,1
RA-171,FASE 5,5L,Aluno-171,Pública,Agata,6.293083333,DESCONHECIDO,DESCONHECIDO,DESCONHECIDO,DESCONHECIDO,DESCONHECIDO,Fase 7 (3° EM),-2,DESCONHECIDO,DESCONHECIDO,DESCONHECIDO,2023,0,0,0,0,0,0,0,0,0,0,0,0,0,0,0,0,0,1,1,1,1,1,1,1,1,0,4,2,1,1,1,3,1,2,1,2,1,1,1,1,1,1,1,1,1,1
RA-160,FASE 5,5L,Aluno-160,Privada - Programa de Apadrinhamento,Agata,6.598266667,DESCONHECIDO,DESCONHECIDO,DESCONHECIDO,DESCONHECIDO,DESCONHECIDO,Fase 6 (2° EM),-1,DESCONHECIDO,DESCONHECIDO,DESCONHECIDO,2023,0,0,0,0,0,0,0,0,0,0,0,0,0,0,0,0,0,1,1,1,1,1,1,1,1,0,4,1,1,1,1,3,3,3,1,2,1,1,2,2,1,3,1,1,2,1
RA-1204,FASE 5,5L,Aluno-1204,Pública,Agata,6.940416667,DESCONHECIDO,DESCONHECIDO,DESCONHECIDO,DESCONHECIDO,DESCONHECIDO,Fase 6 (2° EM),-1,DESCONHECIDO,DESCONHECIDO,DESCONHECIDO,2023,0,0,0,0,0,0,0,0,0,0,0,0,0,0,0,0,0,1,1,1,1,1,1,1,1,0,4,3,1,1,1,3,1,3,1,2,2,1,2,2,1,3,1,2,1,1
RA-1205,FASE 5,5L,Aluno-1205,Pública,Agata,6.806466667,DESCONHECIDO,DESCONHECIDO,DESCONHECIDO,DESCONHECIDO,DESCONHECIDO,Fase 8 (Universitários),-3,DESCONHECIDO,DESCONHECIDO,DESCONHECIDO,2023,0,0,0,0,0,0,0,0,0,0,0,0,0,0,0,0,0,1,1,1,1,1,1,1,1,0,4,3,1,1,1,3,4,4,2,2,2,1,1,2,1,2,1,1,1,1
RA-173,FASE 5,5L,Aluno-173,Privada - Programa de Apadrinhamento,Ametista,7.757466667,DESCONHECIDO,DESCONHECIDO,DESCONHECIDO,DESCONHECIDO,DESCONHECIDO,Fase 7 (3° EM),-2,DESCONHECIDO,DESCONHECIDO,DESCONHECIDO,2023,0,0,0,0,0,0,0,0,0,0,0,0,0,0,0,0,0,1,1,1,1,1,1,1,1,1,4,1,1,1,1,3,4,3,2,5,5,2,2,4,1,3,2,5,4,1
RA-166,FASE 5,5L,Aluno-166,Privada - Programa de Apadrinhamento,Topázio,8.105583333,DESCONHECIDO,DESCONHECIDO,DESCONHECIDO,DESCONHECIDO,DESCONHECIDO,Fase 5 (1° EM),0,DESCONHECIDO,DESCONHECIDO,DESCONHECIDO,2023,0,0,0,0,0,0,0,0,0,0,0,0,0,0,0,0,0,1,1,1,1,1,1,1,1,1,2,1,1,1,1,3,1,3,2,5,4,4,2,2,2,4,3,5,3,0
RA-175,FASE 5,5L,Aluno-175,Privada - Programa de Apadrinhamento,Agata,6.569516667,DESCONHECIDO,DESCONHECIDO,DESCONHECIDO,DESCONHECIDO,DESCONHECIDO,Fase 6 (2° EM),-1,DESCONHECIDO,DESCONHECIDO,DESCONHECIDO,2023,0,0,0,0,0,0,0,0,0,0,0,0,0,0,0,0,0,1,1,1,1,1,1,1,1,0,2,1,1,1,1,3,3,4,1,1,2,1,1,2,1,1,1,1,4,1
RA-153,FASE 5,5M,Aluno-153,Privada - Programa de Apadrinhamento,Ametista,7.289966667,DESCONHECIDO,DESCONHECIDO,DESCONHECIDO,DESCONHECIDO,DESCONHECIDO,Fase 5 (1° EM),0,DESCONHECIDO,DESCONHECIDO,DESCONHECIDO,2023,0,0,0,0,0,0,0,0,0,0,0,0,0,0,0,0,0,1,1,1,1,1,1,1,1,1,3,1,1,1,1,3,4,2,1,3,2,2,2,3,2,3,2,3,4,0
RA-1206,FASE 5,5M,Aluno-1206,Pública,Agata,6.724183333,DESCONHECIDO,DESCONHECIDO,DESCONHECIDO,DESCONHECIDO,DESCONHECIDO,Fase 7 (3° EM),-2,DESCONHECIDO,DESCONHECIDO,DESCONHECIDO,2023,0,0,0,0,0,0,0,0,0,0,0,0,0,0,0,0,0,1,1,1,1,1,1,1,1,0,4,3,1,1,1,3,3,3,1,2,2,1,2,3,1,3,1,2,1,1
RA-157,FASE 5,5M,Aluno-157,Privada - Programa de Apadrinhamento,Ametista,7.879008333,DESCONHECIDO,DESCONHECIDO,DESCONHECIDO,DESCONHECIDO,DESCONHECIDO,Fase 3 (7° e 8° ano),2,DESCONHECIDO,DESCONHECIDO,DESCONHECIDO,2023,0,0,0,0,0,0,0,0,0,0,0,0,0,0,0,0,0,1,1,1,1,1,1,1,1,1,3,1,1,1,1,3,1,5,1,3,2,3,2,5,2,4,2,3,4,0
RA-1207,FASE 5,5M,Aluno-1207,Pública,Ametista,7.58235,DESCONHECIDO,DESCONHECIDO,DESCONHECIDO,DESCONHECIDO,DESCONHECIDO,Fase 5 (1° EM),0,DESCONHECIDO,DESCONHECIDO,DESCONHECIDO,2023,0,0,0,0,0,0,0,0,0,0,0,0,0,0,0,0,0,1,1,1,1,1,1,1,1,1,2,3,1,1,1,3,3,4,1,2,2,1,2,3,2,3,2,2,1,0
RA-1208,FASE 5,5M,Aluno-1208,Pública,Ametista,7.0651,DESCONHECIDO,DESCONHECIDO,DESCONHECIDO,DESCONHECIDO,DESCONHECIDO,Fase 5 (1° EM),0,DESCONHECIDO,DESCONHECIDO,DESCONHECIDO,2023,0,0,0,0,0,0,0,0,0,0,0,0,0,0,0,0,0,1,1,1,1,1,1,1,1,1,3,3,1,1,1,3,3,3,1,2,2,1,2,1,2,1,2,2,1,0
RA-1209,FASE 5,5M,Aluno-1209,Pública,Ametista,7.43375,DESCONHECIDO,DESCONHECIDO,DESCONHECIDO,DESCONHECIDO,DESCONHECIDO,Fase 6 (2° EM),-1,DESCONHECIDO,DESCONHECIDO,DESCONHECIDO,2023,0,0,0,0,0,0,0,0,0,0,0,0,0,0,0,0,0,1,1,1,1,1,1,1,1,1,4,3,1,1,1,3,1,4,1,4,4,2,2,3,1,3,2,4,1,1
RA-158,FASE 5,5M,Aluno-158,Privada - Programa de Apadrinhamento,Ametista,7.297425,DESCONHECIDO,DESCONHECIDO,DESCONHECIDO,DESCONHECIDO,DESCONHECIDO,Fase 4 (9° ano),1,DESCONHECIDO,DESCONHECIDO,DESCONHECIDO,2023,0,0,0,0,0,0,0,0,0,0,0,0,0,0,0,0,0,1,1,1,1,1,1,1,1,1,2,1,1,1,1,3,1,4,1,2,2,2,1,3,2,4,2,2,4,0
RA-161,FASE 5,5M,Aluno-161,Privada - Programa de Apadrinhamento,Agata,6.250166667,DESCONHECIDO,DESCONHECIDO,DESCONHECIDO,DESCONHECIDO,DESCONHECIDO,Fase 4 (9° ano),1,DESCONHECIDO,DESCONHECIDO,DESCONHECIDO,2023,0,0,0,0,0,0,0,0,0,0,0,0,0,0,0,0,0,1,1,1,1,1,1,1,1,0,3,1,1,1,1,3,1,2,1,2,4,1,1,4,2,3,1,2,4,0
RA-164,FASE 5,5M,Aluno-164,Privada,Quartzo,5.638666667,DESCONHECIDO,DESCONHECIDO,DESCONHECIDO,DESCONHECIDO,DESCONHECIDO,Fase 6 (2° EM),-1,DESCONHECIDO,DESCONHECIDO,DESCONHECIDO,2023,0,0,0,0,0,0,0,0,0,0,0,0,0,0,0,0,0,1,1,1,1,1,1,1,1,0,4,1,1,1,1,3,1,2,1,2,2,1,2,2,1,1,1,2,4,1
RA-1210,FASE 5,5M,Aluno-1210,Pública,Ametista,7.171083333,DESCONHECIDO,DESCONHECIDO,DESCONHECIDO,DESCONHECIDO,DESCONHECIDO,Fase 6 (2° EM),-1,DESCONHECIDO,DESCONHECIDO,DESCONHECIDO,2023,0,0,0,0,0,0,0,0,0,0,0,0,0,0,0,0,0,1,1,1,1,1,1,1,1,1,4,3,1,1,1,3,5,4,1,1,2,1,2,4,1,3,2,1,1,1
RA-165,FASE 5,5M,Aluno-165,Privada - Programa de Apadrinhamento,Ametista,7.583433333,DESCONHECIDO,DESCONHECIDO,DESCONHECIDO,DESCONHECIDO,DESCONHECIDO,Fase 5 (1° EM),0,DESCONHECIDO,DESCONHECIDO,DESCONHECIDO,2023,0,0,0,0,0,0,0,0,0,0,0,0,0,0,0,0,0,1,1,1,1,1,1,1,1,1,2,1,1,1,1,3,1,4,1,4,4,2,2,4,2,3,2,4,4,0
RA-1211,FASE 5,5M,Aluno-1211,Pública,Ametista,7.09205,DESCONHECIDO,DESCONHECIDO,DESCONHECIDO,DESCONHECIDO,DESCONHECIDO,Fase 6 (2° EM),-1,DESCONHECIDO,DESCONHECIDO,DESCONHECIDO,2023,0,0,0,0,0,0,0,0,0,0,0,0,0,0,0,0,0,1,1,1,1,1,1,1,1,1,4,3,1,1,1,3,1,4,1,2,3,1,2,3,1,3,2,2,1,1
RA-1212,FASE 5,5M,Aluno-1212,Pública,Agata,6.755358333,DESCONHECIDO,DESCONHECIDO,DESCONHECIDO,DESCONHECIDO,DESCONHECIDO,Fase 6 (2° EM),-1,DESCONHECIDO,DESCONHECIDO,DESCONHECIDO,2023,0,0,0,0,0,0,0,0,0,0,0,0,0,0,0,0,0,1,1,1,1,1,1,1,1,0,4,3,1,1,1,3,2,3,1,1,1,1,2,3,1,3,1,1,1,1
RA-1213,FASE 5,5M,Aluno-1213,Pública,Quartzo,5.95625,DESCONHECIDO,DESCONHECIDO,DESCONHECIDO,DESCONHECIDO,DESCONHECIDO,Fase 7 (3° EM),-2,DESCONHECIDO,DESCONHECIDO,DESCONHECIDO,2023,0,0,0,0,0,0,0,0,0,0,0,0,0,0,0,0,0,1,1,1,1,1,1,1,1,0,2,3,1,1,1,3,1,3,1,2,3,1,1,3,1,3,1,2,1,1
RA-40,FASE 6,6A,Aluno-40,Privada - Programa de Apadrinhamento,Ametista,7.169975,DESCONHECIDO,DESCONHECIDO,DESCONHECIDO,DESCONHECIDO,DESCONHECIDO,Fase 7 (3° EM),-1,DESCONHECIDO,DESCONHECIDO,DESCONHECIDO,2023,0,0,0,0,0,0,0,0,0,0,0,0,0,0,0,0,0,1,1,1,1,1,1,1,1,1,4,1,1,1,1,3,1,2,5,2,3,2,1,3,1,3,2,2,4,1
RA-1214,FASE 6,6A,Aluno-1214,Pública,Topázio,8.378666667,DESCONHECIDO,DESCONHECIDO,DESCONHECIDO,DESCONHECIDO,DESCONHECIDO,Fase 6 (2° EM),0,DESCONHECIDO,DESCONHECIDO,DESCONHECIDO,2023,0,0,0,0,0,0,0,0,0,0,0,0,0,0,0,0,0,1,1,1,1,1,1,1,1,1,4,3,1,1,1,3,5,5,3,4,4,1,2,3,2,2,3,4,1,0
RA-71,FASE 6,6A,Aluno-71,Pública,Ametista,7.3651,DESCONHECIDO,DESCONHECIDO,DESCONHECIDO,DESCONHECIDO,DESCONHECIDO,Fase 8 (Universitários),-2,DESCONHECIDO,DESCONHECIDO,DESCONHECIDO,2023,0,0,0,0,0,0,0,0,0,0,0,0,0,0,0,0,0,1,1,1,1,1,1,1,1,1,2,1,1,1,1,3,1,5,2,3,4,2,2,3,1,2,2,3,4,1
RA-53,FASE 6,6A,Aluno-53,Concluiu o 3º EM,Ametista,7.600633333,DESCONHECIDO,DESCONHECIDO,DESCONHECIDO,DESCONHECIDO,DESCONHECIDO,Fase 8 (Universitários),-2,DESCONHECIDO,DESCONHECIDO,DESCONHECIDO,2023,0,0,0,0,0,0,0,0,0,0,0,0,0,0,0,0,0,1,1,1,1,1,1,1,1,1,4,2,1,1,1,3,4,4,2,4,4,3,2,3,1,2,2,4,1,1
RA-43,FASE 6,6A,Aluno-43,Pública,Agata,6.4622,DESCONHECIDO,DESCONHECIDO,DESCONHECIDO,DESCONHECIDO,DESCONHECIDO,Fase 7 (3° EM),-1,DESCONHECIDO,DESCONHECIDO,DESCONHECIDO,2023,0,0,0,0,0,0,0,0,0,0,0,0,0,0,0,0,0,1,1,1,1,1,1,1,1,0,4,1,1,1,1,3,2,1,2,2,1,1,1,3,1,2,1,1,4,1
RA-55,FASE 6,6A,Aluno-55,Pública,Agata,6.898033333,DESCONHECIDO,DESCONHECIDO,DESCONHECIDO,DESCONHECIDO,DESCONHECIDO,Fase 7 (3° EM),-1,DESCONHECIDO,DESCONHECIDO,DESCONHECIDO,2023,0,0,0,0,0,0,0,0,0,0,0,0,0,0,0,0,0,1,1,1,1,1,1,1,1,0,2,1,1,1,1,3,2,2,1,4,5,3,1,3,1,2,1,4,4,1
RA-44,FASE 6,6A,Aluno-44,Pública,Agata,6.258333333,DESCONHECIDO,DESCONHECIDO,DESCONHECIDO,DESCONHECIDO,DESCONHECIDO,Fase 8 (Universitários),-2,DESCONHECIDO,DESCONHECIDO,DESCONHECIDO,2023,0,0,0,0,0,0,0,0,0,0,0,0,0,0,0,0,0,1,1,1,1,1,1,1,1,0,2,1,1,1,1,3,1,3,2,3,4,2,2,2,1,2,1,3,2,1
RA-1215,FASE 6,6A,Aluno-1215,Pública,Agata,6.339466667,DESCONHECIDO,DESCONHECIDO,DESCONHECIDO,DESCONHECIDO,DESCONHECIDO,Fase 6 (2° EM),0,DESCONHECIDO,DESCONHECIDO,DESCONHECIDO,2023,0,0,0,0,0,0,0,0,0,0,0,0,0,0,0,0,0,1,1,1,1,1,1,1,1,0,4,3,1,1,1,3,1,1,1,1,2,1,1,2,2,2,1,1,1,0
RA-45,FASE 6,6A,Aluno-45,Privada - Programa de Apadrinhamento,Topázio,8.303591667,DESCONHECIDO,DESCONHECIDO,DESCONHECIDO,DESCONHECIDO,DESCONHECIDO,Fase 6 (2° EM),0,DESCONHECIDO,DESCONHECIDO,DESCONHECIDO,2023,0,0,0,0,0,0,0,0,0,0,0,0,0,0,0,0,0,1,1,1,1,1,1,1,1,1,2,1,1,1,1,3,1,5,2,4,4,2,2,4,2,4,3,5,4,0
RA-56,FASE 6,6A,Aluno-56,Privada - Programa de Apadrinhamento,Topázio,8.284333333,DESCONHECIDO,DESCONHECIDO,DESCONHECIDO,DESCONHECIDO,DESCONHECIDO,Fase 6 (2° EM),0,DESCONHECIDO,DESCONHECIDO,DESCONHECIDO,2023,0,0,0,0,0,0,0,0,0,0,0,0,0,0,0,0,0,1,1,1,1,1,1,1,1,1,4,1,1,1,1,3,5,4,1,4,4,2,2,4,2,3,3,5,4,0
RA-57,FASE 6,6A,Aluno-57,Privada - Programa de Apadrinhamento,Agata,6.450875,DESCONHECIDO,DESCONHECIDO,DESCONHECIDO,DESCONHECIDO,DESCONHECIDO,Fase 7 (3° EM),-1,DESCONHECIDO,DESCONHECIDO,DESCONHECIDO,2023,0,0,0,0,0,0,0,0,0,0,0,0,0,0,0,0,0,1,1,1,1,1,1,1,1,0,2,1,1,1,1,3,1,2,2,4,4,3,2,3,1,3,1,4,4,1
RA-58,FASE 6,6A,Aluno-58,Privada - Programa de Apadrinhamento,Ametista,7.70625,DESCONHECIDO,DESCONHECIDO,DESCONHECIDO,DESCONHECIDO,DESCONHECIDO,Fase 6 (2° EM),0,DESCONHECIDO,DESCONHECIDO,DESCONHECIDO,2023,0,0,0,0,0,0,0,0,0,0,0,0,0,0,0,0,0,1,1,1,1,1,1,1,1,1,2,1,1,1,1,3,1,5,2,5,4,3,2,5,2,4,2,5,4,0
RA-59,FASE 6,6A,Aluno-59,Privada - Programa de Apadrinhamento,Ametista,7.692291667,DESCONHECIDO,DESCONHECIDO,DESCONHECIDO,DESCONHECIDO,DESCONHECIDO,Fase 8 (Universitários),-2,DESCONHECIDO,DESCONHECIDO,DESCONHECIDO,2023,0,0,0,0,0,0,0,0,0,0,0,0,0,0,0,0,0,1,1,1,1,1,1,1,1,1,2,2,1,1,1,3,1,5,2,4,4,3,2,5,1,4,2,4,1,1
RA-1216,FASE 6,6A,Aluno-1216,Concluiu o 3º EM,Ametista,7.7105,DESCONHECIDO,DESCONHECIDO,DESCONHECIDO,DESCONHECIDO,DESCONHECIDO,Fase 8 (Universitários),-2,DESCONHECIDO,DESCONHECIDO,DESCONHECIDO,2023,0,0,0,0,0,0,0,0,0,0,0,0,0,0,0,0,0,1,1,1,1,1,1,1,1,1,4,3,1,1,1,3,5,4,2,4,5,2,2,4,1,2,2,5,1,1
RA-78,FASE 6,6A,Aluno-78,Privada - Programa de Apadrinhamento,Agata,6.434625,DESCONHECIDO,DESCONHECIDO,DESCONHECIDO,DESCONHECIDO,DESCONHECIDO,Fase 8 (Universitários),-2,DESCONHECIDO,DESCONHECIDO,DESCONHECIDO,2023,0,0,0,0,0,0,0,0,0,0,0,0,0,0,0,0,0,1,1,1,1,1,1,1,1,0,2,1,1,1,1,3,1,2,2,3,5,1,2,4,1,4,1,3,4,1
RA-79,FASE 6,6A,Aluno-79,Privada - Programa de Apadrinhamento,Agata,6.635883333,DESCONHECIDO,DESCONHECIDO,DESCONHECIDO,DESCONHECIDO,DESCONHECIDO,Fase 7 (3° EM),-1,DESCONHECIDO,DESCONHECIDO,DESCONHECIDO,2023,0,0,0,0,0,0,0,0,0,0,0,0,0,0,0,0,0,1,1,1,1,1,1,1,1,0,2,1,1,1,1,3,1,1,1,4,2,4,2,3,1,3,1,4,4,1
RA-61,FASE 6,6A,Aluno-61,Pública,Ametista,7.382108333,DESCONHECIDO,DESCONHECIDO,DESCONHECIDO,DESCONHECIDO,DESCONHECIDO,Fase 6 (2° EM),0,DESCONHECIDO,DESCONHECIDO,DESCONHECIDO,2023,0,0,0,0,0,0,0,0,0,0,0,0,0,0,0,0,0,1,1,1,1,1,1,1,1,1,4,1,1,1,1,3,2,2,2,2,3,1,2,2,2,3,2,2,2,0
RA-63,FASE 6,6A,Aluno-63,Pública,Topázio,8.0641,DESCONHECIDO,DESCONHECIDO,DESCONHECIDO,DESCONHECIDO,DESCONHECIDO,Fase 7 (3° EM),-1,DESCONHECIDO,DESCONHECIDO,DESCONHECIDO,2023,0,0,0,0,0,0,0,0,0,0,0,0,0,0,0,0,0,1,1,1,1,1,1,1,1,1,2,1,1,1,1,3,1,4,3,5,5,4,2,5,1,4,3,5,4,1
RA-64,FASE 6,6A,Aluno-64,Privada - Programa de Apadrinhamento,Ametista,7.452541667,DESCONHECIDO,DESCONHECIDO,DESCONHECIDO,DESCONHECIDO,DESCONHECIDO,Fase 7 (3° EM),-1,DESCONHECIDO,DESCONHECIDO,DESCONHECIDO,2023,0,0,0,0,0,0,0,0,0,0,0,0,0,0,0,0,0,1,1,1,1,1,1,1,1,1,2,1,1,1,1,3,1,4,3,3,4,2,2,4,1,2,2,3,4,1
RA-48,FASE 6,6A,Aluno-48,Privada - Programa de Apadrinhamento,Ametista,7.797058333,DESCONHECIDO,DESCONHECIDO,DESCONHECIDO,DESCONHECIDO,DESCONHECIDO,Fase 6 (2° EM),0,DESCONHECIDO,DESCONHECIDO,DESCONHECIDO,2023,0,0,0,0,0,0,0,0,0,0,0,0,0,0,0,0,0,1,1,1,1,1,1,1,1,1,4,1,1,1,1,3,1,3,2,4,5,2,2,3,2,3,2,4,4,0
RA-109,FASE 6,6A,Aluno-109,Privada - Programa de Apadrinhamento,Topázio,8.3184,DESCONHECIDO,DESCONHECIDO,DESCONHECIDO,DESCONHECIDO,DESCONHECIDO,Fase 7 (3° EM),-1,DESCONHECIDO,DESCONHECIDO,DESCONHECIDO,2023,0,0,0,0,0,0,0,0,0,0,0,0,0,0,0,0,0,1,1,1,1,1,1,1,1,1,2,1,1,1,1,3,2,5,5,5,4,4,2,5,1,4,3,5,2,1
RA-80,FASE 6,6L,Aluno-80,Privada - Programa de Apadrinhamento,Ametista,7.252275,DESCONHECIDO,DESCONHECIDO,DESCONHECIDO,DESCONHECIDO,DESCONHECIDO,Fase 7 (3° EM),-1,DESCONHECIDO,DESCONHECIDO,DESCONHECIDO,2023,0,0,0,0,0,0,0,0,0,0,0,0,0,0,0,0,0,1,1,1,1,1,1,1,1,1,2,1,1,1,1,3,2,3,3,3,4,2,1,2,1,3,2,2,4,1
RA-91,FASE 6,6L,Aluno-91,Privada - Programa de Apadrinhamento,Ametista,7.42395,DESCONHECIDO,DESCONHECIDO,DESCONHECIDO,DESCONHECIDO,DESCONHECIDO,Fase 7 (3° EM),-1,DESCONHECIDO,DESCONHECIDO,DESCONHECIDO,2023,0,0,0,0,0,0,0,0,0,0,0,0,0,0,0,0,0,1,1,1,1,1,1,1,1,1,2,1,1,1,1,3,5,2,3,4,5,1,2,2,1,3,2,4,4,1
RA-1217,FASE 6,6L,Aluno-1217,Pública,Agata,6.064625,DESCONHECIDO,DESCONHECIDO,DESCONHECIDO,DESCONHECIDO,DESCONHECIDO,Fase 7 (3° EM),-1,DESCONHECIDO,DESCONHECIDO,DESCONHECIDO,2023,0,0,0,0,0,0,0,0,0,0,0,0,0,0,0,0,0,1,1,1,1,1,1,1,1,0,4,3,1,1,1,3,1,2,2,2,4,1,1,2,1,3,1,2,1,1
RA-92,FASE 6,6L,Aluno-92,Privada - Programa de Apadrinhamento,Ametista,7.375916667,DESCONHECIDO,DESCONHECIDO,DESCONHECIDO,DESCONHECIDO,DESCONHECIDO,Fase 7 (3° EM),-1,DESCONHECIDO,DESCONHECIDO,DESCONHECIDO,2023,0,0,0,0,0,0,0,0,0,0,0,0,0,0,0,0,0,1,1,1,1,1,1,1,1,1,2,1,1,1,1,3,5,4,2,3,5,1,1,2,1,1,2,3,4,1
RA-96,FASE 6,6L,Aluno-96,Privada - Programa de Apadrinhamento,Ametista,7.610791667,DESCONHECIDO,DESCONHECIDO,DESCONHECIDO,DESCONHECIDO,DESCONHECIDO,Fase 7 (3° EM),-1,DESCONHECIDO,DESCONHECIDO,DESCONHECIDO,2023,0,0,0,0,0,0,0,0,0,0,0,0,0,0,0,0,0,1,1,1,1,1,1,1,1,1,4,1,1,1,1,3,5,3,5,3,3,1,2,4,1,3,2,3,2,1
RA-1218,FASE 6,6L,Aluno-1218,Pública,Agata,6.8265,DESCONHECIDO,DESCONHECIDO,DESCONHECIDO,DESCONHECIDO,DESCONHECIDO,Fase 7 (3° EM),-1,DESCONHECIDO,DESCONHECIDO,DESCONHECIDO,2023,0,0,0,0,0,0,0,0,0,0,0,0,0,0,0,0,0,1,1,1,1,1,1,1,1,0,4,3,1,1,1,3,1,4,1,2,3,1,1,2,1,2,1,2,1,1
RA-1219,FASE 6,6L,Aluno-1219,Pública,Ametista,7.215141667,DESCONHECIDO,DESCONHECIDO,DESCONHECIDO,DESCONHECIDO,DESCONHECIDO,Fase 6 (2° EM),0,DESCONHECIDO,DESCONHECIDO,DESCONHECIDO,2023,0,0,0,0,0,0,0,0,0,0,0,0,0,0,0,0,0,1,1,1,1,1,1,1,1,1,2,3,1,1,1,3,3,1,2,3,4,2,1,2,2,2,2,2,1,0
RA-1220,FASE 6,6L,Aluno-1220,Pública,Agata,6.46725,DESCONHECIDO,DESCONHECIDO,DESCONHECIDO,DESCONHECIDO,DESCONHECIDO,Fase 7 (3° EM),-1,DESCONHECIDO,DESCONHECIDO,DESCONHECIDO,2023,0,0,0,0,0,0,0,0,0,0,0,0,0,0,0,0,0,1,1,1,1,1,1,1,1,0,4,3,1,1,1,3,1,4,1,3,5,2,1,3,1,3,1,3,1,1
RA-84,FASE 6,6L,Aluno-84,Privada - Programa de Apadrinhamento,Agata,6.034416667,DESCONHECIDO,DESCONHECIDO,DESCONHECIDO,DESCONHECIDO,DESCONHECIDO,Fase 8 (Universitários),-2,DESCONHECIDO,DESCONHECIDO,DESCONHECIDO,2023,0,0,0,0,0,0,0,0,0,0,0,0,0,0,0,0,0,1,1,1,1,1,1,1,1,0,2,1,1,1,1,3,1,3,1,2,3,2,1,3,1,3,1,2,4,1
RA-99,FASE 6,6L,Aluno-99,Pública,Agata,6.68045,DESCONHECIDO,DESCONHECIDO,DESCONHECIDO,DESCONHECIDO,DESCONHECIDO,Fase 7 (3° EM),-1,DESCONHECIDO,DESCONHECIDO,DESCONHECIDO,2023,0,0,0,0,0,0,0,0,0,0,0,0,0,0,0,0,0,1,1,1,1,1,1,1,1,0,4,1,1,1,1,3,2,3,2,1,2,1,1,2,1,3,1,1,4,1
RA-87,FASE 6,6L,Aluno-87,Privada - Programa de Apadrinhamento,Topázio,8.6625,DESCONHECIDO,DESCONHECIDO,DESCONHECIDO,DESCONHECIDO,DESCONHECIDO,Fase 6 (2° EM),0,DESCONHECIDO,DESCONHECIDO,DESCONHECIDO,2023,0,0,0,0,0,0,0,0,0,0,0,0,0,0,0,0,0,1,1,1,1,1,1,1,1,1,4,1,1,1,1,3,1,5,2,5,5,5,2,5,2,3,3,5,2,0
RA-89,FASE 6,6L,Aluno-89,Pública,Agata,6.700775,DESCONHECIDO,DESCONHECIDO,DESCONHECIDO,DESCONHECIDO,DESCONHECIDO,Fase 7 (3° EM),-1,DESCONHECIDO,DESCONHECIDO,DESCONHECIDO,2023,0,0,0,0,0,0,0,0,0,0,0,0,0,0,0,0,0,1,1,1,1,1,1,1,1,0,4,1,1,1,1,3,2,2,1,2,3,1,1,2,1,2,1,1,2,1
RA-1221,FASE 7,7A,Aluno-1221,Concluiu o 3º EM,Topázio,8.027466667,DESCONHECIDO,DESCONHECIDO,DESCONHECIDO,DESCONHECIDO,DESCONHECIDO,Fase 8 (Universitários),-1,DESCONHECIDO,DESCONHECIDO,DESCONHECIDO,2023,0,0,0,0,0,0,0,0,0,0,0,0,0,0,0,0,0,1,1,1,1,1,1,1,1,1,4,3,1,1,1,3,4,4,2,5,4,4,2,4,1,3,3,5,1,1
RA-27,FASE 7,7A,Aluno-27,Privada - Programa de Apadrinhamento,Ametista,7.921266667,DESCONHECIDO,DESCONHECIDO,DESCONHECIDO,DESCONHECIDO,DESCONHECIDO,Fase 7 (3° EM),0,DESCONHECIDO,DESCONHECIDO,DESCONHECIDO,2023,0,0,0,0,0,0,0,0,0,0,0,0,0,0,0,0,0,1,1,1,1,1,1,1,1,1,2,1,1,1,1,3,1,2,3,3,4,2,2,5,2,4,2,4,4,0
RA-1222,FASE 7,7A,Aluno-1222,Nenhuma das opções acima,Ametista,7.026466667,DESCONHECIDO,DESCONHECIDO,DESCONHECIDO,DESCONHECIDO,DESCONHECIDO,Fase 8 (Universitários),-1,DESCONHECIDO,DESCONHECIDO,DESCONHECIDO,2023,0,0,0,0,0,0,0,0,0,0,0,0,0,0,0,0,0,1,1,1,1,1,1,1,1,1,2,3,1,1,1,3,1,5,2,3,2,3,2,1,1,1,2,3,1,1
RA-32,FASE 7,7A,Aluno-32,Privada - Programa de Apadrinhamento,Agata,6.716666667,DESCONHECIDO,DESCONHECIDO,DESCONHECIDO,DESCONHECIDO,DESCONHECIDO,Fase 7 (3° EM),0,DESCONHECIDO,DESCONHECIDO,DESCONHECIDO,2023,0,0,0,0,0,0,0,0,0,0,0,0,0,0,0,0,0,1,1,1,1,1,1,1,1,0,2,1,1,1,1,3,1,2,1,4,5,2,2,2,2,2,1,5,4,0
RA-19,FASE 7,7A,Aluno-19,Nenhuma das opções acima,Ametista,7.710866667,DESCONHECIDO,DESCONHECIDO,DESCONHECIDO,DESCONHECIDO,DESCONHECIDO,Fase 8 (Universitários),-1,DESCONHECIDO,DESCONHECIDO,DESCONHECIDO,2023,0,0,0,0,0,0,0,0,0,0,0,0,0,0,0,0,0,1,1,1,1,1,1,1,1,1,4,2,1,1,1,3,2,4,2,4,4,3,2,4,1,3,2,5,1,1
RA-62,FASE 7,7A,Aluno-62,Pública,Ametista,7.610333333,DESCONHECIDO,DESCONHECIDO,DESCONHECIDO,DESCONHECIDO,DESCONHECIDO,Fase 7 (3° EM),0,DESCONHECIDO,DESCONHECIDO,DESCONHECIDO,2023,0,0,0,0,0,0,0,0,0,0,0,0,0,0,0,0,0,1,1,1,1,1,1,1,1,1,4,2,1,1,1,3,1,5,3,4,5,3,1,4,2,4,2,4,1,0
RA-1223,FASE 7,7A,Aluno-1223,Pública,Topázio,8.187766667,DESCONHECIDO,DESCONHECIDO,DESCONHECIDO,DESCONHECIDO,DESCONHECIDO,Fase 7 (3° EM),0,DESCONHECIDO,DESCONHECIDO,DESCONHECIDO,2023,0,0,0,0,0,0,0,0,0,0,0,0,0,0,0,0,0,1,1,1,1,1,1,1,1,1,2,3,1,1,1,3,3,4,1,5,5,5,2,2,2,1,3,5,1,0
RA-38,FASE 7,7A,Aluno-38,Privada - Programa de Apadrinhamento,Topázio,8.835333333,DESCONHECIDO,DESCONHECIDO,DESCONHECIDO,DESCONHECIDO,DESCONHECIDO,Fase 7 (3° EM),0,DESCONHECIDO,DESCONHECIDO,DESCONHECIDO,2023,0,0,0,0,0,0,0,0,0,0,0,0,0,0,0,0,0,1,1,1,1,1,1,1,1,1,4,1,1,1,1,3,5,5,5,4,4,5,1,5,2,4,3,4,4,0
RA-1224,FASE 7,7A,Aluno-1224,Concluiu o 3º EM,Ametista,7.5524,DESCONHECIDO,DESCONHECIDO,DESCONHECIDO,DESCONHECIDO,DESCONHECIDO,Fase 8 (Universitários),-1,DESCONHECIDO,DESCONHECIDO,DESCONHECIDO,2023,0,0,0,0,0,0,0,0,0,0,0,0,0,0,0,0,0,1,1,1,1,1,1,1,1,1,2,3,1,1,1,3,2,4,1,4,4,2,2,3,1,1,2,5,1,1
RA-39,FASE 7,7A,Aluno-39,Privada - Programa de Apadrinhamento,Topázio,8.710333333,DESCONHECIDO,DESCONHECIDO,DESCONHECIDO,DESCONHECIDO,DESCONHECIDO,Fase 7 (3° EM),0,DESCONHECIDO,DESCONHECIDO,DESCONHECIDO,2023,0,0,0,0,0,0,0,0,0,0,0,0,0,0,0,0,0,1,1,1,1,1,1,1,1,1,4,1,1,1,1,3,5,4,5,4,5,4,2,5,2,4,3,5,4,0
RA-1225,FASE 7,7E,Aluno-1225,Concluiu o 3º EM,DESCONHECIDO,7.388266666666667,DESCONHECIDO,DESCONHECIDO,DESCONHECIDO,DESCONHECIDO,DESCONHECIDO,Fase 8 (Universitários),-1,DESCONHECIDO,DESCONHECIDO,DESCONHECIDO,2023,0,0,0,0,0,0,0,0,0,0,0,0,0,0,0,0,1,1,1,1,1,1,1,1,1,1,4,3,1,1,1,2,1,3,1,3,3,3,1,3,1,2,4,3,1,1
RA-76,FASE 7,7E,Aluno-76,Privada *Parcerias com Bolsa 100%,DESCONHECIDO,7.388266666666667,DESCONHECIDO,DESCONHECIDO,DESCONHECIDO,DESCONHECIDO,DESCONHECIDO,Fase 5 (1° EM),2,DESCONHECIDO,DESCONHECIDO,DESCONHECIDO,2023,0,0,0,0,0,0,0,0,0,0,0,0,0,0,0,0,1,1,1,1,1,1,1,1,1,1,3,1,1,1,1,2,5,3,1,3,3,3,1,3,2,2,4,3,4,0
RA-26,FASE 7,7E,Aluno-26,Privada *Parcerias com Bolsa 100%,DESCONHECIDO,7.388266666666667,DESCONHECIDO,DESCONHECIDO,DESCONHECIDO,DESCONHECIDO,DESCONHECIDO,Fase 8 (Universitários),-1,DESCONHECIDO,DESCONHECIDO,DESCONHECIDO,2023,0,0,0,0,0,0,0,0,0,0,0,0,0,0,0,0,1,1,1,1,1,1,1,1,1,1,2,2,1,1,1,2,1,3,5,3,3,3,1,3,1,2,4,3,1,1
RA-1226,FASE 7,7E,Aluno-1226,Privada *Parcerias com Bolsa 100%,DESCONHECIDO,7.388266666666667,DESCONHECIDO,DESCONHECIDO,DESCONHECIDO,DESCONHECIDO,DESCONHECIDO,Fase 6 (2° EM),1,DESCONHECIDO,DESCONHECIDO,DESCONHECIDO,2023,0,0,0,0,0,0,0,0,0,0,0,0,0,0,0,0,1,1,1,1,1,1,1,1,1,1,2,3,1,1,1,2,4,3,5,3,3,3,1,3,2,2,4,3,1,0
RA-93,FASE 7,7E,Aluno-93,Privada - Programa de Apadrinhamento,DESCONHECIDO,7.388266666666667,DESCONHECIDO,DESCONHECIDO,DESCONHECIDO,DESCONHECIDO,DESCONHECIDO,Fase 6 (2° EM),1,DESCONHECIDO,DESCONHECIDO,DESCONHECIDO,2023,0,0,0,0,0,0,0,0,0,0,0,0,0,0,0,0,1,1,1,1,1,1,1,1,1,1,4,1,1,1,1,2,2,3,1,3,3,3,1,3,2,2,4,3,4,0
RA-119,FASE 7,7E,Aluno-119,Privada - Programa de Apadrinhamento,DESCONHECIDO,7.388266666666667,DESCONHECIDO,DESCONHECIDO,DESCONHECIDO,DESCONHECIDO,DESCONHECIDO,Fase 5 (1° EM),2,DESCONHECIDO,DESCONHECIDO,DESCONHECIDO,2023,0,0,0,0,0,0,0,0,0,0,0,0,0,0,0,0,1,1,1,1,1,1,1,1,1,1,3,1,1,1,1,2,1,3,1,3,3,3,1,3,2,2,4,3,4,0
RA-1227,FASE 7,7E,Aluno-1227,Privada - Programa de Apadrinhamento,DESCONHECIDO,7.388266666666667,DESCONHECIDO,DESCONHECIDO,DESCONHECIDO,DESCONHECIDO,DESCONHECIDO,Fase 6 (2° EM),1,DESCONHECIDO,DESCONHECIDO,DESCONHECIDO,2023,0,0,0,0,0,0,0,0,0,0,0,0,0,0,0,0,1,1,1,1,1,1,1,1,1,1,4,3,1,1,1,2,4,3,1,3,3,3,1,3,2,2,4,3,1,0
RA-1228,FASE 7,7E,Aluno-1228,Privada - Programa de Apadrinhamento,DESCONHECIDO,7.388266666666667,DESCONHECIDO,DESCONHECIDO,DESCONHECIDO,DESCONHECIDO,DESCONHECIDO,Fase 7 (3° EM),0,DESCONHECIDO,DESCONHECIDO,DESCONHECIDO,2023,0,0,0,0,0,0,0,0,0,0,0,0,0,0,0,0,1,1,1,1,1,1,1,1,1,1,4,3,1,1,1,2,1,3,1,3,3,3,1,3,2,2,4,3,1,0
RA-1229,FASE 7,7E,Aluno-1229,Privada - Programa de Apadrinhamento,DESCONHECIDO,7.388266666666667,DESCONHECIDO,DESCONHECIDO,DESCONHECIDO,DESCONHECIDO,DESCONHECIDO,Fase 6 (2° EM),1,DESCONHECIDO,DESCONHECIDO,DESCONHECIDO,2023,0,0,0,0,0,0,0,0,0,0,0,0,0,0,0,0,1,1,1,1,1,1,1,1,1,1,2,3,1,1,1,2,2,3,5,3,3,3,1,3,2,2,4,3,1,0
RA-98,FASE 7,7E,Aluno-98,Privada *Parcerias com Bolsa 100%,DESCONHECIDO,7.388266666666667,DESCONHECIDO,DESCONHECIDO,DESCONHECIDO,DESCONHECIDO,DESCONHECIDO,Fase 5 (1° EM),2,DESCONHECIDO,DESCONHECIDO,DESCONHECIDO,2023,0,0,0,0,0,0,0,0,0,0,0,0,0,0,0,0,1,1,1,1,1,1,1,1,1,1,3,1,1,1,1,2,2,3,1,3,3,3,1,3,2,2,4,3,4,0
RA-172,FASE 7,7E,Aluno-172,Privada - Programa de Apadrinhamento,DESCONHECIDO,7.388266666666667,DESCONHECIDO,DESCONHECIDO,DESCONHECIDO,DESCONHECIDO,DESCONHECIDO,Fase 5 (1° EM),2,DESCONHECIDO,DESCONHECIDO,DESCONHECIDO,2023,0,0,0,0,0,0,0,0,0,0,0,0,0,0,0,0,1,1,1,1,1,1,1,1,1,1,3,1,1,1,1,2,1,3,1,3,3,3,1,3,2,2,4,3,4,0
RA-86,FASE 7,7E,Aluno-86,Privada *Parcerias com Bolsa 100%,DESCONHECIDO,7.388266666666667,DESCONHECIDO,DESCONHECIDO,DESCONHECIDO,DESCONHECIDO,DESCONHECIDO,Fase 7 (3° EM),0,DESCONHECIDO,DESCONHECIDO,DESCONHECIDO,2023,0,0,0,0,0,0,0,0,0,0,0,0,0,0,0,0,1,1,1,1,1,1,1,1,1,1,2,1,1,1,1,2,2,3,3,3,3,3,1,3,2,2,4,3,4,0
RA-1230,FASE 7,7E,Aluno-1230,Privada - Programa de Apadrinhamento,DESCONHECIDO,7.388266666666667,DESCONHECIDO,DESCONHECIDO,DESCONHECIDO,DESCONHECIDO,DESCONHECIDO,Fase 6 (2° EM),1,DESCONHECIDO,DESCONHECIDO,DESCONHECIDO,2023,0,0,0,0,0,0,0,0,0,0,0,0,0,0,0,0,1,1,1,1,1,1,1,1,1,1,4,1,1,1,1,2,1,3,1,3,3,3,1,3,2,2,4,3,2,0
RA-1231,FASE 8,8A,Aluno-1231,Privada *Parcerias com Bolsa 100%,DESCONHECIDO,7.388266666666667,DESCONHECIDO,DESCONHECIDO,DESCONHECIDO,DESCONHECIDO,DESCONHECIDO,Fase 8 (Universitários),0,DESCONHECIDO,DESCONHECIDO,DESCONHECIDO,2023,0,0,0,0,0,0,0,0,0,0,0,0,0,0,0,0,1,1,1,1,1,1,1,1,1,1,4,1,1,1,1,2,3,3,3,3,3,3,1,3,2,2,4,3,2,0
RA-1232,FASE 8,8A,Aluno-1232,Privada *Parcerias com Bolsa 100%,DESCONHECIDO,7.388266666666667,DESCONHECIDO,DESCONHECIDO,DESCONHECIDO,DESCONHECIDO,DESCONHECIDO,Fase 8 (Universitários),0,DESCONHECIDO,DESCONHECIDO,DESCONHECIDO,2023,0,0,0,0,0,0,0,0,0,0,0,0,0,0,0,0,1,1,1,1,1,1,1,1,1,1,4,1,1,1,1,2,3,3,3,3,3,3,1,3,2,2,4,3,2,0
RA-1233,FASE 8,8A,Aluno-1233,Privada *Parcerias com Bolsa 100%,DESCONHECIDO,7.388266666666667,DESCONHECIDO,DESCONHECIDO,DESCONHECIDO,DESCONHECIDO,DESCONHECIDO,Fase 8 (Universitários),0,DESCONHECIDO,DESCONHECIDO,DESCONHECIDO,2023,0,0,0,0,0,0,0,0,0,0,0,0,0,0,0,0,1,1,1,1,1,1,1,1,1,1,4,1,1,1,1,2,3,3,3,3,3,3,1,3,2,2,4,3,2,0
RA-1234,FASE 8,8A,Aluno-1234,Privada *Parcerias com Bolsa 100%,DESCONHECIDO,7.388266666666667,DESCONHECIDO,DESCONHECIDO,DESCONHECIDO,DESCONHECIDO,DESCONHECIDO,Fase 8 (Universitários),0,DESCONHECIDO,DESCONHECIDO,DESCONHECIDO,2023,0,0,0,0,0,0,0,0,0,0,0,0,0,0,0,0,1,1,1,1,1,1,1,1,1,1,2,1,1,1,1,2,3,3,3,3,3,3,1,3,2,2,4,3,2,0
RA-1235,FASE 8,8A,Aluno-1235,Privada *Parcerias com Bolsa 100%,DESCONHECIDO,7.388266666666667,DESCONHECIDO,DESCONHECIDO,DESCONHECIDO,DESCONHECIDO,DESCONHECIDO,Fase 8 (Universitários),0,DESCONHECIDO,DESCONHECIDO,DESCONHECIDO,2023,0,0,0,0,0,0,0,0,0,0,0,0,0,0,0,0,1,1,1,1,1,1,1,1,1,1,4,1,1,1,1,2,3,3,3,3,3,3,1,3,2,2,4,3,2,0
RA-1236,FASE 8,8A,Aluno-1236,Privada *Parcerias com Bolsa 100%,DESCONHECIDO,7.388266666666667,DESCONHECIDO,DESCONHECIDO,DESCONHECIDO,DESCONHECIDO,DESCONHECIDO,Fase 8 (Universitários),0,DESCONHECIDO,DESCONHECIDO,DESCONHECIDO,2023,0,0,0,0,0,0,0,0,0,0,0,0,0,0,0,0,1,1,1,1,1,1,1,1,1,1,4,1,1,1,1,2,3,3,3,3,3,3,1,3,2,2,4,3,2,0
RA-1237,FASE 8,8A,Aluno-1237,Privada *Parcerias com Bolsa 100%,DESCONHECIDO,7.388266666666667,DESCONHECIDO,DESCONHECIDO,DESCONHECIDO,DESCONHECIDO,DESCONHECIDO,Fase 8 (Universitários),0,DESCONHECIDO,DESCONHECIDO,DESCONHECIDO,2023,0,0,0,0,0,0,0,0,0,0,0,0,0,0,0,0,1,1,1,1,1,1,1,1,1,1,2,1,1,1,1,2,3,3,3,3,3,3,1,3,2,2,4,3,2,0
RA-1238,FASE 8,8A,Aluno-1238,Privada *Parcerias com Bolsa 100%,DESCONHECIDO,7.388266666666667,DESCONHECIDO,DESCONHECIDO,DESCONHECIDO,DESCONHECIDO,DESCONHECIDO,Fase 8 (Universitários),0,DESCONHECIDO,DESCONHECIDO,DESCONHECIDO,2023,0,0,0,0,0,0,0,0,0,0,0,0,0,0,0,0,1,1,1,1,1,1,1,1,1,1,4,1,1,1,1,2,3,3,3,3,3,3,1,3,2,2,4,3,2,0
RA-1239,FASE 8,8B,Aluno-1239,Privada *Parcerias com Bolsa 100%,DESCONHECIDO,7.388266666666667,DESCONHECIDO,DESCONHECIDO,DESCONHECIDO,DESCONHECIDO,DESCONHECIDO,Fase 8 (Universitários),0,DESCONHECIDO,DESCONHECIDO,DESCONHECIDO,2023,0,0,0,0,0,0,0,0,0,0,0,0,0,0,0,0,1,1,1,1,1,1,1,1,1,1,2,1,1,1,1,2,3,3,3,3,3,3,1,3,2,2,4,3,2,0
RA-1240,FASE 8,8B,Aluno-1240,Privada *Parcerias com Bolsa 100%,DESCONHECIDO,7.388266666666667,DESCONHECIDO,DESCONHECIDO,DESCONHECIDO,DESCONHECIDO,DESCONHECIDO,Fase 8 (Universitários),0,DESCONHECIDO,DESCONHECIDO,DESCONHECIDO,2023,0,0,0,0,0,0,0,0,0,0,0,0,0,0,0,0,1,1,1,1,1,1,1,1,1,1,4,1,1,1,1,2,3,3,3,3,3,3,1,3,2,2,4,3,2,0
RA-1241,FASE 8,8B,Aluno-1241,Privada *Parcerias com Bolsa 100%,DESCONHECIDO,7.388266666666667,DESCONHECIDO,DESCONHECIDO,DESCONHECIDO,DESCONHECIDO,DESCONHECIDO,Fase 8 (Universitários),0,DESCONHECIDO,DESCONHECIDO,DESCONHECIDO,2023,0,0,0,0,0,0,0,0,0,0,0,0,0,0,0,0,1,1,1,1,1,1,1,1,1,1,2,1,1,1,1,2,3,3,3,3,3,3,1,3,2,2,4,3,2,0
RA-1242,FASE 8,8B,Aluno-1242,Privada *Parcerias com Bolsa 100%,DESCONHECIDO,7.388266666666667,DESCONHECIDO,DESCONHECIDO,DESCONHECIDO,DESCONHECIDO,DESCONHECIDO,Fase 8 (Universitários),0,DESCONHECIDO,DESCONHECIDO,DESCONHECIDO,2023,0,0,0,0,0,0,0,0,0,0,0,0,0,0,0,0,1,1,1,1,1,1,1,1,1,1,4,1,1,1,1,2,3,3,3,3,3,3,1,3,2,2,4,3,2,0
RA-1243,FASE 8,8B,Aluno-1243,Privada *Parcerias com Bolsa 100%,DESCONHECIDO,7.388266666666667,DESCONHECIDO,DESCONHECIDO,DESCONHECIDO,DESCONHECIDO,DESCONHECIDO,Fase 8 (Universitários),0,DESCONHECIDO,DESCONHECIDO,DESCONHECIDO,2023,0,0,0,0,0,0,0,0,0,0,0,0,0,0,0,0,1,1,1,1,1,1,1,1,1,1,2,1,1,1,1,2,3,3,3,3,3,3,1,3,2,2,4,3,2,0
RA-1244,FASE 8,8B,Aluno-1244,Privada *Parcerias com Bolsa 100%,DESCONHECIDO,7.388266666666667,DESCONHECIDO,DESCONHECIDO,DESCONHECIDO,DESCONHECIDO,DESCONHECIDO,Fase 8 (Universitários),0,DESCONHECIDO,DESCONHECIDO,DESCONHECIDO,2023,0,0,0,0,0,0,0,0,0,0,0,0,0,0,0,0,1,1,1,1,1,1,1,1,1,1,4,1,1,1,1,2,3,3,3,3,3,3,1,3,2,2,4,3,2,0
RA-1245,FASE 8,8B,Aluno-1245,Privada *Parcerias com Bolsa 100%,DESCONHECIDO,7.388266666666667,DESCONHECIDO,DESCONHECIDO,DESCONHECIDO,DESCONHECIDO,DESCONHECIDO,Fase 8 (Universitários),0,DESCONHECIDO,DESCONHECIDO,DESCONHECIDO,2023,0,0,0,0,0,0,0,0,0,0,0,0,0,0,0,0,1,1,1,1,1,1,1,1,1,1,2,1,1,1,1,2,3,3,3,3,3,3,1,3,2,2,4,3,2,0
RA-1246,FASE 8,8B,Aluno-1246,Privada - Pagamento por *Empresa Parceira,DESCONHECIDO,7.388266666666667,DESCONHECIDO,DESCONHECIDO,DESCONHECIDO,DESCONHECIDO,DESCONHECIDO,Fase 8 (Universitários),0,DESCONHECIDO,DESCONHECIDO,DESCONHECIDO,2023,0,0,0,0,0,0,0,0,0,0,0,0,0,0,0,0,1,1,1,1,1,1,1,1,1,1,4,1,1,1,1,2,3,3,3,3,3,3,1,3,2,2,4,3,2,0
RA-1247,FASE 8,8B,Aluno-1247,Privada *Parcerias com Bolsa 100%,DESCONHECIDO,7.388266666666667,DESCONHECIDO,DESCONHECIDO,DESCONHECIDO,DESCONHECIDO,DESCONHECIDO,Fase 8 (Universitários),0,DESCONHECIDO,DESCONHECIDO,DESCONHECIDO,2023,0,0,0,0,0,0,0,0,0,0,0,0,0,0,0,0,1,1,1,1,1,1,1,1,1,1,4,1,1,1,1,2,3,3,3,3,3,3,1,3,2,2,4,3,2,0
RA-1248,FASE 8,8B,Aluno-1248,Privada *Parcerias com Bolsa 100%,DESCONHECIDO,7.388266666666667,DESCONHECIDO,DESCONHECIDO,DESCONHECIDO,DESCONHECIDO,DESCONHECIDO,Fase 8 (Universitários),0,DESCONHECIDO,DESCONHECIDO,DESCONHECIDO,2023,0,0,0,0,0,0,0,0,0,0,0,0,0,0,0,0,1,1,1,1,1,1,1,1,1,1,4,1,1,1,1,2,3,3,3,3,3,3,1,3,2,2,4,3,2,0
RA-1249,FASE 8,8B,Aluno-1249,Privada *Parcerias com Bolsa 100%,DESCONHECIDO,7.388266666666667,DESCONHECIDO,DESCONHECIDO,DESCONHECIDO,DESCONHECIDO,DESCONHECIDO,Fase 8 (Universitários),0,DESCONHECIDO,DESCONHECIDO,DESCONHECIDO,2023,0,0,0,0,0,0,0,0,0,0,0,0,0,0,0,0,1,1,1,1,1,1,1,1,1,1,2,1,1,1,1,2,3,3,3,3,3,3,1,3,2,2,4,3,2,0
RA-1250,FASE 8,8B,Aluno-1250,Privada - Pagamento por *Empresa Parceira,DESCONHECIDO,7.388266666666667,DESCONHECIDO,DESCONHECIDO,DESCONHECIDO,DESCONHECIDO,DESCONHECIDO,Fase 8 (Universitários),0,DESCONHECIDO,DESCONHECIDO,DESCONHECIDO,2023,0,0,0,0,0,0,0,0,0,0,0,0,0,0,0,0,1,1,1,1,1,1,1,1,1,1,2,1,1,1,1,2,3,3,3,3,3,3,1,3,2,2,4,3,2,0
RA-1251,FASE 8,8B,Aluno-1251,Privada *Parcerias com Bolsa 100%,DESCONHECIDO,7.388266666666667,DESCONHECIDO,DESCONHECIDO,DESCONHECIDO,DESCONHECIDO,DESCONHECIDO,Fase 8 (Universitários),0,DESCONHECIDO,DESCONHECIDO,DESCONHECIDO,2023,0,0,0,0,0,0,0,0,0,0,0,0,0,0,0,0,1,1,1,1,1,1,1,1,1,1,4,1,1,1,1,2,3,3,3,3,3,3,1,3,2,2,4,3,2,0
RA-1252,FASE 8,8B,Aluno-1252,Privada *Parcerias com Bolsa 100%,DESCONHECIDO,7.388266666666667,DESCONHECIDO,DESCONHECIDO,DESCONHECIDO,DESCONHECIDO,DESCONHECIDO,Fase 8 (Universitários),0,DESCONHECIDO,DESCONHECIDO,DESCONHECIDO,2023,0,0,0,0,0,0,0,0,0,0,0,0,0,0,0,0,1,1,1,1,1,1,1,1,1,1,2,1,1,1,1,2,3,3,3,3,3,3,1,3,2,2,4,3,2,0
RA-1253,FASE 8,8D,Aluno-1253,Privada *Parcerias com Bolsa 100%,DESCONHECIDO,7.388266666666667,DESCONHECIDO,DESCONHECIDO,DESCONHECIDO,DESCONHECIDO,DESCONHECIDO,Fase 8 (Universitários),0,DESCONHECIDO,DESCONHECIDO,DESCONHECIDO,2023,0,0,0,0,0,0,0,0,0,0,0,0,0,0,0,0,1,1,1,1,1,1,1,1,1,1,4,1,1,1,1,2,3,3,3,3,3,3,1,3,2,2,4,3,2,0
RA-1254,FASE 8,8D,Aluno-1254,Privada *Parcerias com Bolsa 100%,DESCONHECIDO,7.388266666666667,DESCONHECIDO,DESCONHECIDO,DESCONHECIDO,DESCONHECIDO,DESCONHECIDO,Fase 8 (Universitários),0,DESCONHECIDO,DESCONHECIDO,DESCONHECIDO,2023,0,0,0,0,0,0,0,0,0,0,0,0,0,0,0,0,1,1,1,1,1,1,1,1,1,1,4,1,1,1,1,2,3,3,3,3,3,3,1,3,2,2,4,3,2,0
RA-1255,FASE 8,8D,Aluno-1255,Privada *Parcerias com Bolsa 100%,DESCONHECIDO,7.388266666666667,DESCONHECIDO,DESCONHECIDO,DESCONHECIDO,DESCONHECIDO,DESCONHECIDO,Fase 8 (Universitários),0,DESCONHECIDO,DESCONHECIDO,DESCONHECIDO,2023,0,0,0,0,0,0,0,0,0,0,0,0,0,0,0,0,1,1,1,1,1,1,1,1,1,1,2,1,1,1,1,2,3,3,3,3,3,3,1,3,2,2,4,3,2,0
RA-1256,FASE 8,8D,Aluno-1256,Privada *Parcerias com Bolsa 100%,DESCONHECIDO,7.388266666666667,DESCONHECIDO,DESCONHECIDO,DESCONHECIDO,DESCONHECIDO,DESCONHECIDO,Fase 8 (Universitários),0,DESCONHECIDO,DESCONHECIDO,DESCONHECIDO,2023,0,0,0,0,0,0,0,0,0,0,0,0,0,0,0,0,1,1,1,1,1,1,1,1,1,1,4,1,1,1,1,2,3,3,3,3,3,3,1,3,2,2,4,3,2,0
RA-1257,FASE 8,8D,Aluno-1257,Privada *Parcerias com Bolsa 100%,DESCONHECIDO,7.388266666666667,DESCONHECIDO,DESCONHECIDO,DESCONHECIDO,DESCONHECIDO,DESCONHECIDO,Fase 8 (Universitários),0,DESCONHECIDO,DESCONHECIDO,DESCONHECIDO,2023,0,0,0,0,0,0,0,0,0,0,0,0,0,0,0,0,1,1,1,1,1,1,1,1,1,1,4,1,1,1,1,2,3,3,3,3,3,3,1,3,2,2,4,3,2,0
RA-1258,FASE 8,8D,Aluno-1258,Privada *Parcerias com Bolsa 100%,DESCONHECIDO,7.388266666666667,DESCONHECIDO,DESCONHECIDO,DESCONHECIDO,DESCONHECIDO,DESCONHECIDO,Fase 8 (Universitários),0,DESCONHECIDO,DESCONHECIDO,DESCONHECIDO,2023,0,0,0,0,0,0,0,0,0,0,0,0,0,0,0,0,1,1,1,1,1,1,1,1,1,1,4,1,1,1,1,2,3,3,3,3,3,3,1,3,2,2,4,3,2,0
RA-1259,FASE 8,8D,Aluno-1259,Privada *Parcerias com Bolsa 100%,DESCONHECIDO,7.388266666666667,DESCONHECIDO,DESCONHECIDO,DESCONHECIDO,DESCONHECIDO,DESCONHECIDO,Fase 8 (Universitários),0,DESCONHECIDO,DESCONHECIDO,DESCONHECIDO,2023,0,0,0,0,0,0,0,0,0,0,0,0,0,0,0,0,1,1,1,1,1,1,1,1,1,1,2,1,1,1,1,2,3,3,3,3,3,3,1,3,2,2,4,3,2,0
RA-1260,FASE 8,8D,Aluno-1260,Privada *Parcerias com Bolsa 100%,DESCONHECIDO,7.388266666666667,DESCONHECIDO,DESCONHECIDO,DESCONHECIDO,DESCONHECIDO,DESCONHECIDO,Fase 8 (Universitários),0,DESCONHECIDO,DESCONHECIDO,DESCONHECIDO,2023,0,0,0,0,0,0,0,0,0,0,0,0,0,0,0,0,1,1,1,1,1,1,1,1,1,1,2,1,1,1,1,2,3,3,3,3,3,3,1,3,2,2,4,3,2,0
RA-1261,FASE 8,8D,Aluno-1261,Privada *Parcerias com Bolsa 100%,DESCONHECIDO,7.388266666666667,DESCONHECIDO,DESCONHECIDO,DESCONHECIDO,DESCONHECIDO,DESCONHECIDO,Fase 8 (Universitários),0,DESCONHECIDO,DESCONHECIDO,DESCONHECIDO,2023,0,0,0,0,0,0,0,0,0,0,0,0,0,0,0,0,1,1,1,1,1,1,1,1,1,1,2,1,1,1,1,2,3,3,3,3,3,3,1,3,2,2,4,3,2,0
RA-1262,FASE 8,8D,Aluno-1262,Privada *Parcerias com Bolsa 100%,DESCONHECIDO,7.388266666666667,DESCONHECIDO,DESCONHECIDO,DESCONHECIDO,DESCONHECIDO,DESCONHECIDO,Fase 8 (Universitários),0,DESCONHECIDO,DESCONHECIDO,DESCONHECIDO,2023,0,0,0,0,0,0,0,0,0,0,0,0,0,0,0,0,1,1,1,1,1,1,1,1,1,1,4,1,1,1,1,2,3,3,3,3,3,3,1,3,2,2,4,3,2,0
RA-1263,FASE 8,8D,Aluno-1263,Privada *Parcerias com Bolsa 100%,DESCONHECIDO,7.388266666666667,DESCONHECIDO,DESCONHECIDO,DESCONHECIDO,DESCONHECIDO,DESCONHECIDO,Fase 8 (Universitários),0,DESCONHECIDO,DESCONHECIDO,DESCONHECIDO,2023,0,0,0,0,0,0,0,0,0,0,0,0,0,0,0,0,1,1,1,1,1,1,1,1,1,1,2,1,1,1,1,2,3,3,3,3,3,3,1,3,2,2,4,3,2,0
RA-1264,FASE 8,8D,Aluno-1264,Privada *Parcerias com Bolsa 100%,DESCONHECIDO,7.388266666666667,DESCONHECIDO,DESCONHECIDO,DESCONHECIDO,DESCONHECIDO,DESCONHECIDO,Fase 8 (Universitários),0,DESCONHECIDO,DESCONHECIDO,DESCONHECIDO,2023,0,0,0,0,0,0,0,0,0,0,0,0,0,0,0,0,1,1,1,1,1,1,1,1,1,1,2,1,1,1,1,2,3,3,3,3,3,3,1,3,2,2,4,3,2,0
RA-1265,FASE 8,8D,Aluno-1265,Privada *Parcerias com Bolsa 100%,DESCONHECIDO,7.388266666666667,DESCONHECIDO,DESCONHECIDO,DESCONHECIDO,DESCONHECIDO,DESCONHECIDO,Fase 8 (Universitários),0,DESCONHECIDO,DESCONHECIDO,DESCONHECIDO,2023,0,0,0,0,0,0,0,0,0,0,0,0,0,0,0,0,1,1,1,1,1,1,1,1,1,1,2,2,1,1,1,2,3,3,3,3,3,3,1,3,2,2,4,3,1,0
RA-1266,FASE 8,8D,Aluno-1266,Privada *Parcerias com Bolsa 100%,DESCONHECIDO,7.388266666666667,DESCONHECIDO,DESCONHECIDO,DESCONHECIDO,DESCONHECIDO,DESCONHECIDO,Fase 8 (Universitários),0,DESCONHECIDO,DESCONHECIDO,DESCONHECIDO,2023,0,0,0,0,0,0,0,0,0,0,0,0,0,0,0,0,1,1,1,1,1,1,1,1,1,1,2,1,1,1,1,2,3,3,3,3,3,3,1,3,2,2,4,3,2,0
RA-1267,FASE 8,8D,Aluno-1267,Privada *Parcerias com Bolsa 100%,DESCONHECIDO,7.388266666666667,DESCONHECIDO,DESCONHECIDO,DESCONHECIDO,DESCONHECIDO,DESCONHECIDO,Fase 8 (Universitários),0,DESCONHECIDO,DESCONHECIDO,DESCONHECIDO,2023,0,0,0,0,0,0,0,0,0,0,0,0,0,0,0,0,1,1,1,1,1,1,1,1,1,1,4,1,1,1,1,2,3,3,3,3,3,3,1,3,2,2,4,3,2,0
RA-1268,FASE 8,8D,Aluno-1268,Privada *Parcerias com Bolsa 100%,DESCONHECIDO,7.388266666666667,DESCONHECIDO,DESCONHECIDO,DESCONHECIDO,DESCONHECIDO,DESCONHECIDO,Fase 8 (Universitários),0,DESCONHECIDO,DESCONHECIDO,DESCONHECIDO,2023,0,0,0,0,0,0,0,0,0,0,0,0,0,0,0,0,1,1,1,1,1,1,1,1,1,1,4,1,1,1,1,2,3,3,3,3,3,3,1,3,2,2,4,3,2,0
RA-14,FASE 8,8E,Aluno-14,Privada *Parcerias com Bolsa 100%,DESCONHECIDO,7.388266666666667,DESCONHECIDO,DESCONHECIDO,DESCONHECIDO,DESCONHECIDO,DESCONHECIDO,Fase 8 (Universitários),0,DESCONHECIDO,DESCONHECIDO,DESCONHECIDO,2023,0,0,0,0,0,0,0,0,0,0,0,0,0,0,0,0,1,1,1,1,1,1,1,1,1,1,4,2,1,1,1,2,3,3,3,3,3,3,1,3,2,2,4,3,1,0
RA-13,FASE 8,8E,Aluno-13,Privada *Parcerias com Bolsa 100%,DESCONHECIDO,7.388266666666667,DESCONHECIDO,DESCONHECIDO,DESCONHECIDO,DESCONHECIDO,DESCONHECIDO,Fase 8 (Universitários),0,DESCONHECIDO,DESCONHECIDO,DESCONHECIDO,2023,0,0,0,0,0,0,0,0,0,0,0,0,0,0,0,0,1,1,1,1,1,1,1,1,1,1,4,1,1,1,1,2,3,3,3,3,3,3,1,3,2,2,4,3,4,0
RA-12,FASE 8,8E,Aluno-12,Privada *Parcerias com Bolsa 100%,DESCONHECIDO,7.388266666666667,DESCONHECIDO,DESCONHECIDO,DESCONHECIDO,DESCONHECIDO,DESCONHECIDO,Fase 8 (Universitários),0,DESCONHECIDO,DESCONHECIDO,DESCONHECIDO,2023,0,0,0,0,0,0,0,0,0,0,0,0,0,0,0,0,1,1,1,1,1,1,1,1,1,1,4,1,1,1,1,2,3,3,3,3,3,3,1,3,2,2,4,3,3,0
RA-7,FASE 8,8E,Aluno-7,Privada *Parcerias com Bolsa 100%,DESCONHECIDO,7.388266666666667,DESCONHECIDO,DESCONHECIDO,DESCONHECIDO,DESCONHECIDO,DESCONHECIDO,Fase 8 (Universitários),0,DESCONHECIDO,DESCONHECIDO,DESCONHECIDO,2023,0,0,0,0,0,0,0,0,0,0,0,0,0,0,0,0,1,1,1,1,1,1,1,1,1,1,2,1,1,1,1,2,3,3,3,3,3,3,1,3,2,2,4,3,4,0
RA-6,FASE 8,8E,Aluno-6,Privada - Pagamento por *Empresa Parceira,DESCONHECIDO,7.388266666666667,DESCONHECIDO,DESCONHECIDO,DESCONHECIDO,DESCONHECIDO,DESCONHECIDO,Fase 8 (Universitários),0,DESCONHECIDO,DESCONHECIDO,DESCONHECIDO,2023,0,0,0,0,0,0,0,0,0,0,0,0,0,0,0,0,1,1,1,1,1,1,1,1,1,1,2,1,1,1,1,2,3,3,3,3,3,3,1,3,2,2,4,3,2,0
RA-5,FASE 8,8E,Aluno-5,Privada *Parcerias com Bolsa 100%,DESCONHECIDO,7.388266666666667,DESCONHECIDO,DESCONHECIDO,DESCONHECIDO,DESCONHECIDO,DESCONHECIDO,Fase 8 (Universitários),0,DESCONHECIDO,DESCONHECIDO,DESCONHECIDO,2023,0,0,0,0,0,0,0,0,0,0,0,0,0,0,0,0,1,1,1,1,1,1,1,1,1,1,2,1,1,1,1,2,3,3,3,3,3,3,1,3,2,2,4,3,4,0
RA-1,FASE 8,8E,Aluno-1,Privada *Parcerias com Bolsa 100%,DESCONHECIDO,7.388266666666667,DESCONHECIDO,DESCONHECIDO,DESCONHECIDO,DESCONHECIDO,DESCONHECIDO,Fase 8 (Universitários),0,DESCONHECIDO,DESCONHECIDO,DESCONHECIDO,2023,0,0,0,0,0,0,0,0,0,0,0,0,0,0,0,0,1,1,1,1,1,1,1,1,1,1,2,1,1,1,1,2,3,3,3,3,3,3,1,3,2,2,4,3,4,0
RA-36,FASE 8,8E,Aluno-36,Privada *Parcerias com Bolsa 100%,DESCONHECIDO,7.388266666666667,DESCONHECIDO,DESCONHECIDO,DESCONHECIDO,DESCONHECIDO,DESCONHECIDO,Fase 8 (Universitários),0,DESCONHECIDO,DESCONHECIDO,DESCONHECIDO,2023,0,0,0,0,0,0,0,0,0,0,0,0,0,0,0,0,1,1,1,1,1,1,1,1,1,1,4,1,1,1,1,2,3,3,3,3,3,3,1,3,2,2,4,3,4,0
RA-35,FASE 8,8E,Aluno-35,Privada *Parcerias com Bolsa 100%,DESCONHECIDO,7.388266666666667,DESCONHECIDO,DESCONHECIDO,DESCONHECIDO,DESCONHECIDO,DESCONHECIDO,Fase 8 (Universitários),0,DESCONHECIDO,DESCONHECIDO,DESCONHECIDO,2023,0,0,0,0,0,0,0,0,0,0,0,0,0,0,0,0,1,1,1,1,1,1,1,1,1,1,4,1,1,1,1,2,3,3,3,3,3,3,1,3,2,2,4,3,4,0
RA-34,FASE 8,8E,Aluno-34,Privada *Parcerias com Bolsa 100%,DESCONHECIDO,7.388266666666667,DESCONHECIDO,DESCONHECIDO,DESCONHECIDO,DESCONHECIDO,DESCONHECIDO,Fase 8 (Universitários),0,DESCONHECIDO,DESCONHECIDO,DESCONHECIDO,2023,0,0,0,0,0,0,0,0,0,0,0,0,0,0,0,0,1,1,1,1,1,1,1,1,1,1,2,1,1,1,1,2,3,3,3,3,3,3,1,3,2,2,4,3,4,0
RA-31,FASE 8,8E,Aluno-31,Privada *Parcerias com Bolsa 100%,DESCONHECIDO,7.388266666666667,DESCONHECIDO,DESCONHECIDO,DESCONHECIDO,DESCONHECIDO,DESCONHECIDO,Fase 8 (Universitários),0,DESCONHECIDO,DESCONHECIDO,DESCONHECIDO,2023,0,0,0,0,0,0,0,0,0,0,0,0,0,0,0,0,1,1,1,1,1,1,1,1,1,1,4,1,1,1,1,2,3,3,3,3,3,3,1,3,2,2,4,3,4,0
RA-23,FASE 8,8E,Aluno-23,Privada *Parcerias com Bolsa 100%,DESCONHECIDO,7.388266666666667,DESCONHECIDO,DESCONHECIDO,DESCONHECIDO,DESCONHECIDO,DESCONHECIDO,Fase 7 (3° EM),1,DESCONHECIDO,DESCONHECIDO,DESCONHECIDO,2023,0,0,0,0,0,0,0,0,0,0,0,0,0,0,0,0,1,1,1,1,1,1,1,1,1,1,2,1,1,1,1,2,3,3,3,3,3,3,1,3,2,2,4,3,2,0
RA-88,FASE 8,8E,Aluno-88,Privada - Pagamento por *Empresa Parceira,DESCONHECIDO,7.388266666666667,DESCONHECIDO,DESCONHECIDO,DESCONHECIDO,DESCONHECIDO,DESCONHECIDO,Fase 8 (Universitários),0,DESCONHECIDO,DESCONHECIDO,DESCONHECIDO,2023,0,0,0,0,0,0,0,0,0,0,0,0,0,0,0,0,1,1,1,1,1,1,1,1,1,1,4,1,1,1,1,2,3,3,3,3,3,3,1,3,2,2,4,3,2,0
RA-1269,FASE 8,8E,Aluno-1269,Privada - Pagamento por *Empresa Parceira,DESCONHECIDO,7.388266666666667,DESCONHECIDO,DESCONHECIDO,DESCONHECIDO,DESCONHECIDO,DESCONHECIDO,Fase 8 (Universitários),0,DESCONHECIDO,DESCONHECIDO,DESCONHECIDO,2023,0,0,0,0,0,0,0,0,0,0,0,0,0,0,0,0,1,1,1,1,1,1,1,1,1,1,4,1,1,1,1,2,3,3,3,3,3,3,1,3,2,2,4,3,2,0
RA-49,FASE 8,8E,Aluno-49,Privada *Parcerias com Bolsa 100%,DESCONHECIDO,7.388266666666667,DESCONHECIDO,DESCONHECIDO,DESCONHECIDO,DESCONHECIDO,DESCONHECIDO,Fase 8 (Universitários),0,DESCONHECIDO,DESCONHECIDO,DESCONHECIDO,2023,0,0,0,0,0,0,0,0,0,0,0,0,0,0,0,0,1,1,1,1,1,1,1,1,1,1,4,2,1,1,1,2,3,3,3,3,3,3,1,3,2,2,4,3,1,0
RA-1270,FASE 8,8E,Aluno-1270,Privada *Parcerias com Bolsa 100%,DESCONHECIDO,7.388266666666667,DESCONHECIDO,DESCONHECIDO,DESCONHECIDO,DESCONHECIDO,DESCONHECIDO,Fase 8 (Universitários),0,DESCONHECIDO,DESCONHECIDO,DESCONHECIDO,2023,0,0,0,0,0,0,0,0,0,0,0,0,0,0,0,0,1,1,1,1,1,1,1,1,1,1,4,1,1,1,1,2,3,3,3,3,3,3,1,3,2,2,4,3,2,0
RA-29,FASE 8,8E,Aluno-29,Privada *Parcerias com Bolsa 100%,DESCONHECIDO,7.388266666666667,DESCONHECIDO,DESCONHECIDO,DESCONHECIDO,DESCONHECIDO,DESCONHECIDO,Fase 8 (Universitários),0,DESCONHECIDO,DESCONHECIDO,DESCONHECIDO,2023,0,0,0,0,0,0,0,0,0,0,0,0,0,0,0,0,1,1,1,1,1,1,1,1,1,1,2,2,1,1,1,2,3,3,3,3,3,3,1,3,2,2,4,3,1,0
RA-17,FASE 8,8E,Aluno-17,Privada - Pagamento por *Empresa Parceira,DESCONHECIDO,7.388266666666667,DESCONHECIDO,DESCONHECIDO,DESCONHECIDO,DESCONHECIDO,DESCONHECIDO,Fase 8 (Universitários),0,DESCONHECIDO,DESCONHECIDO,DESCONHECIDO,2023,0,0,0,0,0,0,0,0,0,0,0,0,0,0,0,0,1,1,1,1,1,1,1,1,1,1,2,2,1,1,1,2,3,3,3,3,3,3,1,3,2,2,4,3,1,0
RA-21,FASE 8,8E,Aluno-21,Privada *Parcerias com Bolsa 100%,DESCONHECIDO,7.388266666666667,DESCONHECIDO,DESCONHECIDO,DESCONHECIDO,DESCONHECIDO,DESCONHECIDO,Fase 8 (Universitários),0,DESCONHECIDO,DESCONHECIDO,DESCONHECIDO,2023,0,0,0,0,0,0,0,0,0,0,0,0,0,0,0,0,1,1,1,1,1,1,1,1,1,1,4,2,1,1,1,2,3,3,3,3,3,3,1,3,2,2,4,3,1,0
RA-25,FASE 8,8E,Aluno-25,Privada *Parcerias com Bolsa 100%,DESCONHECIDO,7.388266666666667,DESCONHECIDO,DESCONHECIDO,DESCONHECIDO,DESCONHECIDO,DESCONHECIDO,Fase 8 (Universitários),0,DESCONHECIDO,DESCONHECIDO,DESCONHECIDO,2023,0,0,0,0,0,0,0,0,0,0,0,0,0,0,0,0,1,1,1,1,1,1,1,1,1,1,4,1,1,1,1,2,3,3,3,3,3,3,1,3,2,2,4,3,2,0
RA-2,FASE 8,8E,Aluno-2,Privada *Parcerias com Bolsa 100%,DESCONHECIDO,7.388266666666667,DESCONHECIDO,DESCONHECIDO,DESCONHECIDO,DESCONHECIDO,DESCONHECIDO,Fase 8 (Universitários),0,DESCONHECIDO,DESCONHECIDO,DESCONHECIDO,2023,0,0,0,0,0,0,0,0,0,0,0,0,0,0,0,0,1,1,1,1,1,1,1,1,1,1,4,1,1,1,1,2,3,3,3,3,3,3,1,3,2,2,4,3,4,0
RA-1271,FASE 8,8E,Aluno-1271,Privada *Parcerias com Bolsa 100%,DESCONHECIDO,7.388266666666667,DESCONHECIDO,DESCONHECIDO,DESCONHECIDO,DESCONHECIDO,DESCONHECIDO,Fase 8 (Universitários),0,DESCONHECIDO,DESCONHECIDO,DESCONHECIDO,2023,0,0,0,0,0,0,0,0,0,0,0,0,0,0,0,0,1,1,1,1,1,1,1,1,1,1,4,1,1,1,1,2,3,3,3,3,3,3,1,3,2,2,4,3,2,0
RA-1272,FASE 8,8E,Aluno-1272,Privada *Parcerias com Bolsa 100%,DESCONHECIDO,7.388266666666667,DESCONHECIDO,DESCONHECIDO,DESCONHECIDO,DESCONHECIDO,DESCONHECIDO,Fase 8 (Universitários),0,DESCONHECIDO,DESCONHECIDO,DESCONHECIDO,2023,0,0,0,0,0,0,0,0,0,0,0,0,0,0,0,0,1,1,1,1,1,1,1,1,1,1,2,1,1,1,1,2,3,3,3,3,3,3,1,3,2,2,4,3,2,0
RA-1273,FASE 8,8E,Aluno-1273,Privada - Pagamento por *Empresa Parceira,DESCONHECIDO,7.388266666666667,DESCONHECIDO,DESCONHECIDO,DESCONHECIDO,DESCONHECIDO,DESCONHECIDO,Fase 7 (3° EM),1,DESCONHECIDO,DESCONHECIDO,DESCONHECIDO,2023,0,0,0,0,0,0,0,0,0,0,0,0,0,0,0,0,1,1,1,1,1,1,1,1,1,1,4,3,1,1,1,2,3,3,3,3,3,3,1,3,2,2,4,3,1,0
RA-1274,FASE 8,8E,Aluno-1274,Privada - Pagamento por *Empresa Parceira,DESCONHECIDO,7.388266666666667,DESCONHECIDO,DESCONHECIDO,DESCONHECIDO,DESCONHECIDO,DESCONHECIDO,Fase 8 (Universitários),0,DESCONHECIDO,DESCONHECIDO,DESCONHECIDO,2023,0,0,0,0,0,0,0,0,0,0,0,0,0,0,0,0,1,1,1,1,1,1,1,1,1,1,2,1,1,1,1,2,3,3,3,3,3,3,1,3,2,2,4,3,2,0
